Frame,Time,Left Shoulder Angle,Right Shoulder Angle,Left Elbow Angle,Right Elbow Angle,Left Hip Angle,Right Hip Angle,Left Knee Angle,Right Knee Angle,"x, y Left Shoulder","x, y Right Shoulder","x, y Left Elbow","x, y Right Elbow","x, y Left Hip","x, y Right Hip","x, y Left Knee","x, y Right Knee","x, y Left Wrist","x, y Right Wrist","x, y Left Ankle","x, y Right Ankle","x, y Nose",Pose
0,0.0,3.1797250014824563,4.674073485942498,187.18144266981452,171.51650882186732,170.72674003301307,208.54825997415196,181.84103476597335,178.83626627819208,"0.517, 0.341","0.403, 0.368","0.504, 0.448","0.429, 0.459","0.509, 0.470","0.445, 0.479","0.522, 0.597","0.429, 0.602","0.484, 0.531","0.465, 0.537","0.530, 0.717","0.415, 0.724","0.447, 0.297",Preparation
1,0.033366700033366704,3.6346816361024388,4.818941449956967,186.16217803508002,171.7794291890627,170.50011150766406,209.00167013246588,181.7829283278439,178.28365881410542,"0.517, 0.344","0.404, 0.369","0.504, 0.448","0.430, 0.459","0.509, 0.469","0.445, 0.477","0.522, 0.597","0.428, 0.601","0.484, 0.531","0.465, 0.537","0.530, 0.716","0.414, 0.724","0.451, 0.338",Preparation
2,0.06673340006673341,3.8572185067447946,4.728869754810997,185.76622759650928,172.03007859921786,170.41820794188718,209.26380651770174,181.7701888673381,178.023122050681,"0.517, 0.345","0.404, 0.369","0.503, 0.448","0.430, 0.459","0.509, 0.469","0.445, 0.477","0.522, 0.597","0.427, 0.601","0.484, 0.530","0.465, 0.537","0.530, 0.716","0.414, 0.724","0.451, 0.337",Preparation
3,0.1001001001001001,3.9400718071839247,4.762344461811861,185.64871667449282,172.06211600713803,170.40049783876117,209.4568440483548,181.7371838072988,177.75297445112116,"0.518, 0.345","0.404, 0.369","0.503, 0.448","0.430, 0.459","0.509, 0.469","0.445, 0.477","0.522, 0.597","0.427, 0.601","0.484, 0.530","0.465, 0.537","0.530, 0.716","0.414, 0.723","0.451, 0.310",Preparation
4,0.13346680013346682,4.001701813846745,4.611642746824171,185.62170720246846,172.52619246294088,170.378957198823,209.72442131744305,181.91522637927216,177.31332883039852,"0.518, 0.345","0.404, 0.369","0.503, 0.447","0.431, 0.459","0.509, 0.468","0.445, 0.476","0.522, 0.597","0.426, 0.601","0.484, 0.529","0.465, 0.537","0.530, 0.715","0.414, 0.722","0.450, 0.298",Preparation
5,0.16683350016683351,4.074902752936967,4.525271493334807,185.57532059702487,172.86958098344644,170.46144340713988,209.9719617709736,181.9266979012476,176.9589277412763,"0.518, 0.345","0.404, 0.370","0.503, 0.447","0.431, 0.459","0.509, 0.468","0.446, 0.476","0.522, 0.598","0.426, 0.601","0.484, 0.529","0.465, 0.537","0.530, 0.715","0.414, 0.721","0.450, 0.293",Preparation
6,0.2002002002002002,4.223459804470092,4.338702532635169,185.4809036352233,172.95833680245792,170.50127688582802,210.13676632262528,182.01851398062732,176.4953704488485,"0.518, 0.345","0.404, 0.370","0.503, 0.446","0.431, 0.459","0.509, 0.470","0.446, 0.477","0.522, 0.598","0.426, 0.601","0.484, 0.528","0.465, 0.537","0.530, 0.715","0.414, 0.721","0.449, 0.284",Preparation
7,0.2335669002335669,4.22676561262203,4.307337911566097,185.53918502661188,172.93040687993476,170.52617722521484,210.39756300646505,182.00659743919167,175.91812763178308,"0.518, 0.344","0.404, 0.370","0.504, 0.445","0.431, 0.459","0.509, 0.470","0.446, 0.477","0.522, 0.598","0.425, 0.601","0.484, 0.526","0.466, 0.537","0.530, 0.716","0.414, 0.721","0.447, 0.284",Preparation
8,0.26693360026693363,4.253902490349499,4.294747307514199,185.43753562631065,172.99999525529043,170.52403869101562,210.6399189377278,181.94254672488572,175.55587170130138,"0.518, 0.344","0.404, 0.370","0.504, 0.445","0.431, 0.459","0.509, 0.471","0.446, 0.477","0.522, 0.598","0.425, 0.601","0.484, 0.526","0.466, 0.537","0.530, 0.716","0.414, 0.721","0.446, 0.286",Preparation
9,0.3003003003003003,4.267299333094908,4.269327495099339,185.44133802845883,172.99042052294897,170.54547828974424,210.74537625694902,181.79369050416463,175.28800376878118,"0.518, 0.344","0.404, 0.370","0.504, 0.444","0.431, 0.459","0.509, 0.471","0.446, 0.477","0.522, 0.599","0.424, 0.601","0.484, 0.526","0.466, 0.537","0.531, 0.716","0.414, 0.721","0.445, 0.286",Preparation
10,0.33366700033366703,4.088371009785481,4.380060828434793,185.64852673413617,172.994070983013,170.46769447921028,210.79045028668486,181.8992327939354,175.40477714808225,"0.517, 0.344","0.404, 0.370","0.504, 0.444","0.431, 0.459","0.509, 0.471","0.446, 0.476","0.522, 0.599","0.424, 0.601","0.484, 0.526","0.466, 0.537","0.531, 0.716","0.414, 0.721","0.445, 0.288",Preparation
11,0.3670337003670337,3.893943312065713,4.523522453919216,185.79119700597187,173.02071427544894,170.37657795090465,210.92733505382986,181.98280852159013,175.3466815472322,"0.517, 0.344","0.404, 0.370","0.504, 0.444","0.431, 0.459","0.509, 0.469","0.445, 0.475","0.522, 0.598","0.424, 0.600","0.484, 0.526","0.466, 0.537","0.531, 0.715","0.414, 0.721","0.445, 0.289",Preparation
12,0.4004004004004004,3.140587162931128,4.835859875744133,186.22603466639484,172.60878553113702,170.3066527480114,210.47489300906923,181.7548156026753,176.58288768703397,"0.516, 0.344","0.404, 0.370","0.504, 0.444","0.431, 0.459","0.508, 0.466","0.445, 0.473","0.522, 0.598","0.426, 0.600","0.485, 0.526","0.466, 0.536","0.530, 0.715","0.414, 0.721","0.446, 0.290",Preparation
13,0.4337671004337671,2.888481756670075,4.679138944188231,186.61836304586768,172.33957465232876,170.56902085584113,210.05186594968632,181.2523925357828,177.30344705763895,"0.515, 0.345","0.404, 0.370","0.504, 0.444","0.431, 0.459","0.507, 0.467","0.445, 0.474","0.521, 0.599","0.427, 0.600","0.485, 0.526","0.467, 0.536","0.530, 0.716","0.414, 0.721","0.448, 0.312",Preparation
14,0.4671338004671338,2.64913222321684,4.515040027725625,186.50240488041592,172.2379971778209,170.4843594696887,209.68901887306254,180.76352659371415,177.71803380346557,"0.514, 0.347","0.404, 0.370","0.503, 0.444","0.431, 0.458","0.506, 0.467","0.445, 0.474","0.520, 0.599","0.427, 0.601","0.485, 0.526","0.467, 0.536","0.530, 0.716","0.415, 0.721","0.450, 0.315",Preparation
15,0.5005005005005005,2.7444281600438423,4.502225670145053,185.78989988967845,172.283499866169,170.3613421052609,209.54172829769067,180.69660069151763,178.1172964586739,"0.514, 0.347","0.404, 0.370","0.503, 0.444","0.431, 0.458","0.506, 0.466","0.445, 0.473","0.519, 0.599","0.427, 0.601","0.485, 0.526","0.467, 0.535","0.530, 0.716","0.415, 0.721","0.451, 0.330",Preparation
16,0.5338672005338673,2.6567976642045914,4.493777718777953,185.99444606713777,172.31396926529334,170.37312210032724,209.54189339969867,180.77436208711336,178.2298088228139,"0.514, 0.347","0.404, 0.370","0.503, 0.444","0.431, 0.458","0.506, 0.465","0.445, 0.473","0.519, 0.599","0.427, 0.601","0.485, 0.525","0.467, 0.535","0.530, 0.716","0.415, 0.721","0.451, 0.324",Preparation
17,0.5672339005672339,2.5594236383187776,4.673894457872492,186.18015845132177,172.30924607905476,170.36481887699654,209.63989218935268,180.80244657133056,178.43506381660632,"0.514, 0.347","0.404, 0.370","0.503, 0.444","0.431, 0.458","0.506, 0.465","0.445, 0.472","0.519, 0.598","0.428, 0.601","0.485, 0.525","0.467, 0.535","0.530, 0.716","0.415, 0.721","0.451, 0.319",Address
18,0.6006006006006006,2.432318297977753,5.097671133126126,186.27293383947892,172.48602326396755,170.26712661391875,210.04338675105538,180.78016240107476,178.6388788875297,"0.514, 0.347","0.404, 0.370","0.503, 0.444","0.431, 0.458","0.506, 0.462","0.445, 0.469","0.520, 0.598","0.428, 0.600","0.485, 0.525","0.467, 0.534","0.530, 0.715","0.415, 0.721","0.452, 0.345",Address
19,0.6339673006339673,2.3831402068738776,5.561137870936201,186.2514088198133,172.6486623990992,170.068177139631,210.43602885694867,180.75057292641145,178.82455475593267,"0.514, 0.347","0.404, 0.370","0.503, 0.444","0.431, 0.458","0.506, 0.460","0.445, 0.466","0.520, 0.597","0.428, 0.600","0.485, 0.524","0.467, 0.534","0.530, 0.715","0.415, 0.721","0.452, 0.347",Address
20,0.6673340006673341,2.461196346060159,6.303562960826336,186.4052232157539,172.12021949235958,169.83245101544935,210.8196773482022,181.0799796999701,178.9134744985524,"0.514, 0.347","0.403, 0.370","0.503, 0.443","0.430, 0.458","0.506, 0.458","0.444, 0.465","0.520, 0.596","0.428, 0.599","0.484, 0.522","0.467, 0.534","0.530, 0.715","0.415, 0.721","0.453, 0.354",Address
21,0.7007007007007008,2.6721030295492048,6.796914387408705,186.9330682500559,171.47471306139755,169.7535008942671,210.82852980598793,181.4623876851176,178.94273998884796,"0.514, 0.345","0.403, 0.370","0.503, 0.442","0.430, 0.458","0.506, 0.458","0.444, 0.464","0.520, 0.596","0.428, 0.598","0.484, 0.519","0.466, 0.534","0.530, 0.715","0.415, 0.721","0.454, 0.357",Address
22,0.7340674007340674,2.7617339927711773,6.761194419048601,186.80018646104608,171.26666557612873,169.60126469881467,210.50279457959672,181.53137539233126,179.00959841695837,"0.515, 0.342","0.403, 0.369","0.503, 0.440","0.429, 0.458","0.506, 0.458","0.444, 0.465","0.521, 0.596","0.428, 0.599","0.483, 0.517","0.466, 0.534","0.531, 0.715","0.415, 0.721","0.455, 0.351",Address
23,0.7674341007674341,2.9352744493935705,6.624026857088546,186.63605845844353,171.25993030612835,169.55411485161264,210.19382988545095,181.4121199981186,179.10852439582467,"0.515, 0.340","0.403, 0.369","0.503, 0.439","0.429, 0.458","0.506, 0.460","0.444, 0.465","0.521, 0.596","0.428, 0.599","0.483, 0.517","0.466, 0.534","0.531, 0.715","0.415, 0.721","0.454, 0.331",Address
24,0.8008008008008008,3.0684387072271537,6.493111108292431,186.37903780929872,172.16742263255946,169.6371838270658,209.93982012262708,181.34873048961595,179.53885781439288,"0.515, 0.341","0.403, 0.368","0.502, 0.439","0.429, 0.457","0.506, 0.459","0.444, 0.464","0.521, 0.596","0.428, 0.600","0.483, 0.517","0.465, 0.534","0.531, 0.715","0.415, 0.722","0.455, 0.349",Address
25,0.8341675008341676,3.1878860940732427,6.44107606075573,186.12758504890868,172.72919082251423,169.69071087882412,209.8097260366039,181.27890649091313,179.86130650277514,"0.515, 0.342","0.403, 0.368","0.502, 0.440","0.430, 0.456","0.506, 0.458","0.444, 0.463","0.521, 0.596","0.428, 0.600","0.483, 0.518","0.465, 0.534","0.531, 0.715","0.415, 0.722","0.456, 0.354",Address
26,0.8675342008675342,3.472520199848337,6.266976137755529,185.07168252234354,173.25778283112808,169.55175659698443,209.72454867879932,180.8616300753472,180.20958646159906,"0.515, 0.344","0.402, 0.367","0.502, 0.441","0.430, 0.456","0.506, 0.458","0.444, 0.463","0.521, 0.596","0.429, 0.600","0.483, 0.522","0.464, 0.534","0.531, 0.715","0.415, 0.722","0.458, 0.357",Address
27,0.9009009009009009,3.6326530240598376,6.097004373291576,184.85833433950307,173.56767241507237,169.48336400631266,209.58282545193595,180.72201436684483,180.3993705982033,"0.515, 0.346","0.402, 0.367","0.501, 0.443","0.430, 0.456","0.506, 0.458","0.444, 0.464","0.521, 0.596","0.429, 0.600","0.482, 0.525","0.464, 0.535","0.531, 0.715","0.415, 0.723","0.459, 0.357",Address
28,0.9342676009342676,4.574544230643214,5.764124961521902,183.59332727405607,175.00573152273122,169.60757590534308,210.05688195517942,180.56391070470409,180.33788352131506,"0.515, 0.347","0.401, 0.366","0.500, 0.444","0.430, 0.455","0.506, 0.457","0.444, 0.463","0.521, 0.595","0.429, 0.599","0.481, 0.525","0.464, 0.534","0.532, 0.715","0.415, 0.723","0.459, 0.355",Address
29,0.9676343009676344,5.028563151019884,5.662981756393787,183.29682296815017,175.72049266734066,169.89803336914287,210.1790827835769,180.44888896532763,180.56180293022402,"0.514, 0.348","0.400, 0.366","0.498, 0.446","0.430, 0.454","0.506, 0.457","0.444, 0.463","0.521, 0.595","0.430, 0.599","0.481, 0.525","0.463, 0.534","0.532, 0.716","0.415, 0.723","0.459, 0.354",Address
30,1.001001001001001,5.045018740522897,5.590624361590221,183.9104923646403,177.0139900864722,170.12714657838092,210.36784483568613,180.4920118247751,180.50339491267232,"0.514, 0.348","0.399, 0.364","0.498, 0.447","0.429, 0.453","0.506, 0.459","0.444, 0.464","0.521, 0.595","0.430, 0.599","0.481, 0.524","0.461, 0.534","0.532, 0.716","0.415, 0.722","0.459, 0.353",Address
31,1.0343677010343677,5.057946624798147,5.652776531446022,184.24320279112257,177.54166611391395,170.30465000795198,210.5598152901867,180.4625356488933,180.44682599110675,"0.513, 0.349","0.398, 0.364","0.498, 0.447","0.429, 0.453","0.506, 0.459","0.444, 0.464","0.521, 0.595","0.430, 0.599","0.480, 0.524","0.461, 0.534","0.532, 0.717","0.416, 0.720","0.459, 0.352",Address
32,1.0677344010677345,4.5756718610590275,5.479467524528027,184.81416490415427,179.21727426802403,169.66436784879494,210.08809361050947,180.64055831093177,180.5050498662855,"0.513, 0.350","0.398, 0.364","0.498, 0.448","0.429, 0.452","0.505, 0.459","0.444, 0.464","0.520, 0.594","0.430, 0.599","0.480, 0.524","0.458, 0.534","0.533, 0.717","0.417, 0.720","0.459, 0.353",Address
33,1.1011011011011012,4.420066836385197,5.3978764964828105,185.00340668872548,179.9345520996266,169.46766984726077,209.86470885291317,180.59743693806425,180.62594112919115,"0.513, 0.350","0.398, 0.364","0.498, 0.448","0.428, 0.452","0.505, 0.459","0.443, 0.464","0.520, 0.593","0.431, 0.599","0.480, 0.524","0.457, 0.534","0.533, 0.717","0.418, 0.720","0.459, 0.354",Address
34,1.1344678011344678,4.889456294355641,5.350092925548161,186.4115315402437,181.68376026603153,169.5303970801145,209.514425410375,180.07411370522172,180.2794249558199,"0.513, 0.348","0.398, 0.364","0.497, 0.449","0.428, 0.453","0.505, 0.460","0.443, 0.465","0.521, 0.593","0.431, 0.596","0.477, 0.524","0.454, 0.536","0.534, 0.717","0.418, 0.720","0.454, 0.307",Address
35,1.1678345011678346,5.273119545369858,5.487864360092672,187.4578354277643,182.2349333137441,169.65436666240302,209.48098307963883,179.83633428334642,179.9831234171075,"0.513, 0.347","0.398, 0.364","0.497, 0.450","0.428, 0.454","0.506, 0.460","0.443, 0.465","0.521, 0.593","0.431, 0.594","0.475, 0.524","0.452, 0.537","0.535, 0.718","0.418, 0.721","0.453, 0.313",Address
36,1.2012012012012012,5.563205145984049,4.848686448162188,187.55729864776268,181.809354827871,170.75969836373912,207.5466388641077,179.39868167568517,180.46417724592058,"0.511, 0.340","0.399, 0.361","0.496, 0.446","0.428, 0.454","0.506, 0.462","0.443, 0.470","0.521, 0.593","0.431, 0.595","0.474, 0.523","0.450, 0.537","0.537, 0.718","0.417, 0.721","0.450, 0.282",Address
37,1.234567901234568,5.73591295527491,4.908597106614406,187.50881705002527,181.19974868437052,170.774367195309,206.86640193592942,179.36330995211983,181.03022582480895,"0.511, 0.340","0.400, 0.360","0.496, 0.445","0.427, 0.454","0.506, 0.462","0.443, 0.471","0.521, 0.593","0.431, 0.596","0.474, 0.523","0.450, 0.537","0.537, 0.717","0.416, 0.722","0.448, 0.279",Address
38,1.2679346012679347,5.897008925908414,6.035807446849387,189.04269824900567,180.44421710242162,170.50770314354435,206.2709979059863,179.5688360484862,181.4446569232001,"0.510, 0.341","0.399, 0.360","0.495, 0.445","0.424, 0.454","0.505, 0.462","0.442, 0.471","0.521, 0.593","0.430, 0.596","0.470, 0.523","0.446, 0.537","0.537, 0.717","0.415, 0.725","0.448, 0.333",Address
39,1.3013013013013013,5.98460699064036,7.013993411210286,189.04783644197326,179.12744479642086,170.24181456590412,206.01439016757675,179.7338935816253,181.65127439185633,"0.510, 0.341","0.399, 0.360","0.495, 0.445","0.422, 0.453","0.505, 0.461","0.441, 0.471","0.521, 0.592","0.430, 0.595","0.470, 0.523","0.444, 0.537","0.537, 0.717","0.414, 0.726","0.449, 0.348",Address
40,1.3346680013346681,6.207038602357937,7.560843678744046,193.6258848432157,179.93703840516812,170.34265041427682,205.29968846058168,179.73744102402446,182.05942563420203,"0.510, 0.343","0.401, 0.360","0.494, 0.445","0.421, 0.453","0.505, 0.463","0.441, 0.471","0.521, 0.592","0.430, 0.595","0.463, 0.523","0.440, 0.537","0.537, 0.717","0.414, 0.724","0.447, 0.306",Address
41,1.3680347013680347,6.356130201480686,7.69610056529276,194.40180414341705,180.06012347530014,170.3300322526921,205.00727319483025,179.77215531335253,182.29729912096548,"0.510, 0.344","0.401, 0.361","0.494, 0.446","0.421, 0.453","0.505, 0.464","0.441, 0.471","0.521, 0.592","0.430, 0.595","0.461, 0.522","0.439, 0.537","0.537, 0.717","0.413, 0.724","0.447, 0.302",Address
42,1.4014014014014016,6.960263112827095,8.80263332872912,198.95455961111114,179.13476991688424,169.68089731219254,202.95196880172725,179.98648317860963,182.9205246046007,"0.510, 0.348","0.401, 0.356","0.493, 0.449","0.417, 0.449","0.505, 0.464","0.440, 0.470","0.521, 0.591","0.430, 0.593","0.452, 0.523","0.434, 0.536","0.537, 0.716","0.414, 0.722","0.447, 0.338",Address
43,1.4347681014347682,7.432935892288419,8.997434183210515,199.36441318052462,178.89953416427736,169.2414728658951,202.2131141467754,180.17074251055843,183.2186612686975,"0.511, 0.350","0.401, 0.355","0.492, 0.451","0.416, 0.448","0.504, 0.465","0.439, 0.470","0.521, 0.591","0.431, 0.592","0.450, 0.523","0.432, 0.535","0.537, 0.716","0.414, 0.722","0.446, 0.313",Address
44,1.4681348014681348,9.426809249350196,12.52629425984362,198.26972349680858,177.07694199967008,169.43779574742956,202.21716120399344,180.05706850517475,182.58685576984203,"0.510, 0.354","0.401, 0.355","0.489, 0.452","0.411, 0.448","0.505, 0.466","0.439, 0.470","0.521, 0.591","0.431, 0.591","0.447, 0.523","0.424, 0.535","0.537, 0.715","0.416, 0.720","0.445, 0.328",Address
45,1.5015015015015016,10.177723680996381,13.341208084645974,197.66182526143763,176.71750872016813,169.57417747095724,202.25934935722628,180.0049420363338,182.2348755377688,"0.510, 0.355","0.401, 0.355","0.488, 0.453","0.409, 0.448","0.505, 0.466","0.439, 0.470","0.521, 0.591","0.431, 0.591","0.446, 0.522","0.422, 0.535","0.537, 0.715","0.418, 0.719","0.444, 0.341",Address
46,1.5348682015348682,11.006377804750386,15.727259599013497,199.4481982820385,175.06138834713119,169.5416098748498,203.2414179598698,180.19142224191532,180.71439543057372,"0.510, 0.355","0.399, 0.353","0.486, 0.453","0.404, 0.445","0.504, 0.467","0.439, 0.470","0.521, 0.590","0.430, 0.588","0.441, 0.520","0.415, 0.527","0.537, 0.715","0.418, 0.718","0.444, 0.293",Address
47,1.5682349015682349,11.265716595689947,16.48501791626392,199.83025548411732,174.02359029266822,169.0998599024482,203.23189710089048,180.41483211095596,180.4893209302522,"0.509, 0.355","0.398, 0.351","0.485, 0.453","0.402, 0.444","0.504, 0.467","0.438, 0.469","0.521, 0.590","0.429, 0.587","0.440, 0.520","0.414, 0.525","0.537, 0.714","0.418, 0.718","0.444, 0.293",Address
48,1.6016016016016017,14.886719727073942,18.216940209541495,195.5849266292645,175.90962243353272,168.47340716718654,203.0661129892574,180.4909036143199,180.91605345055396,"0.509, 0.356","0.396, 0.349","0.477, 0.453","0.398, 0.440","0.503, 0.466","0.437, 0.463","0.521, 0.590","0.429, 0.587","0.433, 0.519","0.406, 0.521","0.537, 0.713","0.419, 0.717","0.439, 0.335",Address
49,1.6349683016349683,15.788616701110515,18.922374085781357,194.4845178787708,175.97793928674977,168.06395800756636,202.85498503010396,180.55401789320283,181.1724148902727,"0.509, 0.357","0.396, 0.350","0.476, 0.453","0.398, 0.439","0.502, 0.466","0.436, 0.461","0.521, 0.590","0.429, 0.587","0.431, 0.519","0.404, 0.519","0.538, 0.713","0.419, 0.716","0.436, 0.344",Address
50,1.6683350016683351,16.686580631313802,18.927096668547705,196.82819183226349,177.28113962534601,168.83391939875227,201.3393739793104,181.0012086512004,181.39811465692054,"0.506, 0.360","0.396, 0.341","0.474, 0.453","0.395, 0.433","0.501, 0.468","0.436, 0.461","0.521, 0.590","0.429, 0.589","0.427, 0.517","0.398, 0.513","0.537, 0.709","0.420, 0.716","0.434, 0.343",Address
51,1.7017017017017018,17.570410918950163,18.91385338493527,197.71759813353856,177.04270162686865,169.27627365893005,200.85943709278035,181.1538786087717,181.51998682464847,"0.504, 0.361","0.395, 0.339","0.472, 0.453","0.394, 0.432","0.501, 0.468","0.435, 0.461","0.521, 0.590","0.429, 0.589","0.425, 0.516","0.397, 0.513","0.537, 0.708","0.420, 0.716","0.432, 0.343",Address
52,1.7350684017350684,19.586093957052096,18.690265156847502,200.08493735423545,179.1112561369947,169.17541545729713,200.40913798581238,180.9562876067679,181.75061367119542,"0.505, 0.361","0.394, 0.331","0.469, 0.453","0.392, 0.427","0.501, 0.467","0.435, 0.461","0.521, 0.589","0.429, 0.590","0.414, 0.515","0.392, 0.513","0.537, 0.707","0.420, 0.716","0.433, 0.352",Address
53,1.7684351017684352,20.16651694713764,19.06645266642175,200.35882697255087,180.11550379381455,169.70674738920835,200.9282033225719,180.70860366483902,181.87200838928192,"0.504, 0.361","0.394, 0.332","0.468, 0.453","0.392, 0.427","0.501, 0.467","0.436, 0.461","0.521, 0.589","0.430, 0.591","0.412, 0.515","0.391, 0.513","0.537, 0.706","0.420, 0.715","0.434, 0.351",Address
54,1.8018018018018018,23.704649258550024,20.578336971308097,199.92340715196673,181.99939194314194,170.9812007465465,200.63532467732423,180.34187433498514,181.95756487936032,"0.503, 0.361","0.394, 0.333","0.462, 0.453","0.390, 0.423","0.502, 0.467","0.436, 0.464","0.520, 0.590","0.430, 0.592","0.403, 0.514","0.383, 0.508","0.537, 0.706","0.420, 0.716","0.434, 0.348",Address
55,1.8351685018351687,25.30101748843556,20.644114312087076,198.91356256479378,182.29158990538718,171.84143130876635,200.51876179720648,179.97535457240107,181.81520251463894,"0.503, 0.362","0.394, 0.333","0.459, 0.453","0.389, 0.421","0.503, 0.468","0.436, 0.466","0.520, 0.591","0.430, 0.593","0.401, 0.513","0.381, 0.506","0.537, 0.706","0.420, 0.716","0.435, 0.347",Address
56,1.8685352018685353,27.39493689001374,21.95490174180816,196.9806854761885,185.34476741054075,171.65987881631486,199.91972792117147,179.91601552334689,181.8850723997098,"0.503, 0.364","0.395, 0.333","0.457, 0.452","0.387, 0.421","0.503, 0.470","0.436, 0.470","0.520, 0.591","0.430, 0.595","0.402, 0.509","0.372, 0.502","0.537, 0.705","0.419, 0.716","0.435, 0.343",Address
57,1.901901901901902,28.965075120755504,22.312276943328833,195.51262281689398,185.42920942781302,171.64754953509006,199.5863312971697,179.7909751922267,181.88790099167397,"0.503, 0.367","0.395, 0.332","0.455, 0.452","0.386, 0.421","0.503, 0.471","0.436, 0.471","0.520, 0.592","0.430, 0.596","0.401, 0.508","0.370, 0.501","0.537, 0.704","0.419, 0.716","0.435, 0.343",Address
58,1.9352686019352687,32.75879233698499,24.119267300896812,200.35758101010228,187.2853987896079,172.97835420044478,199.77991138877994,179.61224129962608,181.98693420249626,"0.500, 0.369","0.394, 0.331","0.449, 0.452","0.384, 0.415","0.502, 0.470","0.436, 0.471","0.521, 0.591","0.430, 0.595","0.392, 0.497","0.363, 0.494","0.538, 0.703","0.419, 0.716","0.435, 0.339",Address
59,1.9686353019686353,33.5900382356742,24.894202452157504,201.0889135525691,187.24064227974563,173.00875811049485,199.82779132008605,179.49520869756094,182.02475545719076,"0.500, 0.369","0.394, 0.331","0.448, 0.451","0.383, 0.414","0.502, 0.469","0.436, 0.471","0.521, 0.591","0.430, 0.595","0.390, 0.495","0.361, 0.493","0.538, 0.703","0.419, 0.716","0.435, 0.336",Address
60,2.002002002002002,32.148861912671485,25.77329161560092,203.86353881128983,192.66063728569608,173.34483900512228,199.55126839127607,179.39240546950697,181.74928645732936,"0.499, 0.361","0.395, 0.331","0.451, 0.443","0.381, 0.413","0.502, 0.471","0.437, 0.474","0.520, 0.593","0.430, 0.597","0.387, 0.489","0.350, 0.490","0.538, 0.704","0.419, 0.716","0.435, 0.336",Address
61,2.035368702035369,32.48917144551642,25.910112511954704,204.94625703419482,192.9539521125052,173.8418552544265,199.42696659412647,179.3467117712614,181.62565148420958,"0.498, 0.360","0.395, 0.330","0.450, 0.442","0.380, 0.413","0.502, 0.472","0.437, 0.475","0.520, 0.593","0.430, 0.598","0.383, 0.489","0.348, 0.489","0.538, 0.705","0.419, 0.717","0.434, 0.335",Address
62,2.0687354020687354,31.63044216497056,28.542033356743627,207.52397657090384,193.5521473471664,174.28218617626285,199.48404440987102,179.22777318419898,181.0757323536681,"0.497, 0.352","0.396, 0.330","0.450, 0.437","0.378, 0.412","0.503, 0.474","0.438, 0.478","0.520, 0.594","0.430, 0.599","0.379, 0.484","0.341, 0.484","0.538, 0.705","0.419, 0.717","0.435, 0.320",Address
63,2.1021021021021022,31.853029478811017,29.974691531044638,206.83246283601113,191.8546028422336,174.32224690787163,199.45426108391808,179.08151181804325,180.65982520288335,"0.497, 0.348","0.398, 0.331","0.449, 0.434","0.377, 0.411","0.503, 0.477","0.438, 0.481","0.520, 0.595","0.429, 0.600","0.377, 0.483","0.341, 0.482","0.539, 0.705","0.419, 0.717","0.436, 0.319",Address
64,2.135468802135469,24.161779381615442,33.87348354344145,228.3711132889484,192.70428635496276,174.29807198331653,200.22977297688757,178.88726690953698,180.27060531193055,"0.497, 0.346","0.398, 0.331","0.466, 0.425","0.373, 0.407","0.503, 0.476","0.439, 0.480","0.520, 0.595","0.429, 0.600","0.409, 0.446","0.334, 0.471","0.539, 0.705","0.419, 0.717","0.438, 0.315",Toe-Up
65,2.1688355021688355,22.012220746120985,35.36728629032571,230.0649532133741,191.84879337546727,174.34067656822853,200.8077547649149,178.76160469786666,179.93963332083501,"0.497, 0.346","0.398, 0.332","0.469, 0.424","0.372, 0.406","0.503, 0.476","0.440, 0.479","0.520, 0.595","0.429, 0.600","0.416, 0.444","0.333, 0.470","0.538, 0.705","0.419, 0.717","0.438, 0.318",Toe-Up
66,2.2022022022022023,38.76618935809337,38.4645839781021,210.5108290078677,197.70387176587784,174.47504701496015,199.96527256571062,178.8135977119347,179.4359188229461,"0.497, 0.344","0.402, 0.332","0.442, 0.419","0.371, 0.401","0.503, 0.476","0.441, 0.479","0.520, 0.595","0.429, 0.601","0.350, 0.459","0.318, 0.461","0.538, 0.706","0.419, 0.717","0.438, 0.319",Toe-Up
67,2.235568902235569,40.96884429153017,39.83776084404863,206.02307454818754,196.9648863687597,174.55511312136323,199.4849154158471,178.76984160683818,179.19561125044368,"0.497, 0.344","0.404, 0.332","0.439, 0.418","0.371, 0.400","0.503, 0.476","0.441, 0.479","0.520, 0.595","0.429, 0.601","0.344, 0.463","0.316, 0.460","0.539, 0.707","0.420, 0.717","0.438, 0.319",Toe-Up
68,2.2689356022689355,50.2384316163825,43.70894589921332,199.85911229794374,198.14061680502803,175.13817784096673,199.8927945807716,178.72494582731136,178.6325896976915,"0.497, 0.356","0.406, 0.336","0.430, 0.419","0.371, 0.398","0.503, 0.477","0.442, 0.479","0.520, 0.595","0.429, 0.601","0.334, 0.459","0.311, 0.452","0.538, 0.707","0.420, 0.717","0.437, 0.329",Toe-Up
69,2.3023023023023024,53.67144809773417,44.26437103842541,198.22842346062103,198.89171884535062,175.40052989347063,200.35564681098654,178.93929807530932,178.49071523930292,"0.497, 0.362","0.406, 0.337","0.428, 0.419","0.371, 0.398","0.504, 0.477","0.442, 0.479","0.520, 0.595","0.429, 0.601","0.329, 0.458","0.309, 0.452","0.538, 0.706","0.420, 0.717","0.437, 0.331",Toe-Up
70,2.335669002335669,55.83087701438614,48.84455595498662,201.28883454915405,200.45517490523756,176.12517874234382,201.06051284034064,178.77834622100596,178.05090018061685,"0.496, 0.363","0.407, 0.338","0.424, 0.420","0.368, 0.395","0.504, 0.477","0.444, 0.479","0.520, 0.595","0.429, 0.601","0.326, 0.450","0.304, 0.440","0.538, 0.705","0.420, 0.717","0.437, 0.332",Toe-Up
71,2.3690357023690356,56.661352254875226,50.41164135182038,202.10358675161712,200.2892809270797,176.59050665976477,201.66464175763264,178.62795726342338,177.6183329754142,"0.496, 0.364","0.408, 0.339","0.422, 0.420","0.367, 0.396","0.504, 0.477","0.445, 0.479","0.521, 0.596","0.429, 0.601","0.326, 0.447","0.303, 0.439","0.538, 0.705","0.420, 0.716","0.437, 0.331",Toe-Up
72,2.4024024024024024,68.17495193007484,59.73681427744506,193.20168008989006,198.9506538601425,176.9563345382595,200.40570876874983,178.61654380474135,177.00812131712922,"0.495, 0.370","0.414, 0.350","0.411, 0.412","0.368, 0.393","0.504, 0.479","0.444, 0.481","0.520, 0.595","0.429, 0.598","0.323, 0.433","0.301, 0.424","0.538, 0.705","0.420, 0.716","0.437, 0.334",Toe-Up
73,2.4357691024357693,72.27202187355921,66.5073781592238,187.32528896058565,192.7846703326375,177.00289502069083,200.77444246959902,178.49202865417877,176.53858724040526,"0.495, 0.368","0.415, 0.356","0.405, 0.406","0.363, 0.395","0.505, 0.481","0.445, 0.483","0.520, 0.595","0.429, 0.597","0.324, 0.428","0.298, 0.423","0.539, 0.706","0.421, 0.716","0.437, 0.333",Toe-Up
74,2.469135802469136,66.6212753843523,69.89696214370701,203.214053544398,197.4059241808477,176.99709831139137,200.86831045074084,178.26986520766314,176.1133782137274,"0.495, 0.361","0.417, 0.359","0.411, 0.405","0.364, 0.394","0.505, 0.482","0.445, 0.484","0.520, 0.596","0.429, 0.596","0.328, 0.412","0.300, 0.412","0.539, 0.706","0.421, 0.718","0.437, 0.320",Toe-Up
75,2.5025025025025025,64.72397449211854,70.0596593727681,207.45401090384829,199.50919549052418,177.0334079659673,201.31165744558703,178.03155605839962,175.77045999864242,"0.495, 0.357","0.417, 0.360","0.412, 0.405","0.364, 0.394","0.505, 0.483","0.446, 0.484","0.520, 0.596","0.429, 0.596","0.326, 0.408","0.300, 0.409","0.539, 0.707","0.421, 0.718","0.437, 0.321",Toe-Up
76,2.5358692025358693,45.923880938107374,74.50824038831158,127.63684018510017,202.51328567141277,177.42696530798827,201.5460326657279,177.49829838707865,175.74777291325816,"0.495, 0.352","0.416, 0.358","0.449, 0.405","0.362, 0.387","0.506, 0.482","0.446, 0.483","0.520, 0.595","0.429, 0.595","0.368, 0.399","0.296, 0.395","0.539, 0.708","0.421, 0.718","0.437, 0.336",Mid-Backswing
77,2.569235902569236,44.46259435918023,76.22899396838324,124.63605616298034,201.35553911493597,177.67458442986845,201.7659786937439,177.19045285871536,175.7471042482887,"0.495, 0.349","0.416, 0.358","0.450, 0.404","0.361, 0.386","0.506, 0.481","0.446, 0.483","0.520, 0.595","0.429, 0.595","0.372, 0.397","0.294, 0.392","0.539, 0.709","0.421, 0.718","0.437, 0.337",Mid-Backswing
78,2.6026026026026026,61.03246506534153,84.98741930576466,138.258112747406,198.31329593676227,177.954743012908,201.58551736873693,176.93798982426227,175.9168399826237,"0.495, 0.349","0.416, 0.360","0.430, 0.392","0.362, 0.378","0.506, 0.481","0.446, 0.483","0.520, 0.595","0.430, 0.595","0.318, 0.376","0.292, 0.378","0.539, 0.710","0.421, 0.719","0.435, 0.342",Mid-Backswing
79,2.6359693026359694,78.09382945898244,84.70230754433236,161.96175231484648,195.5191656707307,178.41991502138217,199.42160229040724,176.52803241266815,176.0627503571295,"0.494, 0.349","0.421, 0.359","0.406, 0.376","0.362, 0.376","0.506, 0.480","0.446, 0.481","0.519, 0.595","0.430, 0.595","0.307, 0.374","0.292, 0.378","0.540, 0.710","0.421, 0.719","0.430, 0.344",Mid-Backswing
80,2.6693360026693362,67.07770665139594,92.51874596316361,146.52082432818287,165.5625481797527,178.5230030107346,199.92880429813582,176.21500138294627,176.00286449508008,"0.495, 0.352","0.420, 0.358","0.437, 0.383","0.361, 0.368","0.506, 0.480","0.446, 0.481","0.519, 0.595","0.430, 0.595","0.370, 0.376","0.293, 0.362","0.540, 0.710","0.421, 0.719","0.430, 0.348",Mid-Backswing
81,2.7027027027027026,60.18885767492775,93.7413079687322,136.1498684207594,165.88056286447465,178.1763247413773,200.30674202150436,175.99776060290338,175.91137703965572,"0.496, 0.354","0.419, 0.358","0.446, 0.388","0.360, 0.367","0.506, 0.480","0.446, 0.481","0.519, 0.595","0.430, 0.595","0.379, 0.376","0.294, 0.360","0.540, 0.710","0.421, 0.718","0.430, 0.350",Mid-Backswing
82,2.7360694027360695,55.144226671960894,99.31531229625645,126.37727117792207,163.84804333483729,178.2776076876458,200.81019798492872,175.7790924836164,175.61025716365378,"0.496, 0.354","0.418, 0.357","0.451, 0.391","0.361, 0.361","0.506, 0.480","0.446, 0.481","0.519, 0.596","0.430, 0.595","0.393, 0.376","0.298, 0.346","0.540, 0.708","0.421, 0.717","0.430, 0.340",Mid-Backswing
83,2.7694361027694363,53.11366671382994,101.27479701130282,122.62915520415278,163.17766586340596,178.4466165154056,201.63436316565242,175.54462357637252,175.4436528418681,"0.496, 0.354","0.416, 0.357","0.453, 0.392","0.360, 0.359","0.506, 0.479","0.446, 0.481","0.519, 0.596","0.430, 0.595","0.398, 0.377","0.299, 0.343","0.540, 0.707","0.422, 0.716","0.430, 0.336",Mid-Backswing
84,2.802802802802803,54.07683498792973,253.27822471170023,124.05074582047553,163.58495796319687,177.53179531708037,201.66297312463522,175.30917406997182,175.20222256922165,"0.499, 0.358","0.416, 0.356","0.457, 0.392","0.360, 0.352","0.506, 0.479","0.446, 0.481","0.519, 0.596","0.430, 0.593","0.393, 0.374","0.301, 0.331","0.540, 0.707","0.422, 0.716","0.430, 0.353",Mid-Backswing
85,2.8361695028361695,55.17025678125935,253.5430418925875,125.38917500261859,163.26554248182154,177.12860653068986,201.56041883366262,175.15103962412095,175.10128028266564,"0.500, 0.360","0.416, 0.354","0.457, 0.393","0.360, 0.351","0.507, 0.480","0.446, 0.481","0.519, 0.596","0.429, 0.592","0.390, 0.373","0.303, 0.330","0.540, 0.707","0.422, 0.716","0.430, 0.358",Mid-Backswing
86,2.8695362028695364,55.27151839190669,247.69744348486753,121.18975671063356,162.41601300066904,177.15259700334374,201.47073698908082,175.0679605371358,175.0995283045859,"0.500, 0.360","0.416, 0.353","0.458, 0.393","0.359, 0.344","0.507, 0.480","0.446, 0.481","0.519, 0.596","0.429, 0.592","0.396, 0.369","0.304, 0.316","0.540, 0.707","0.422, 0.716","0.432, 0.354",Mid-Backswing
87,2.902902902902903,55.828904809044914,247.72387915025715,120.86687319798297,161.3333669694079,177.2384414707222,201.38804301687304,174.9970898861409,175.10183743730164,"0.500, 0.360","0.416, 0.353","0.458, 0.392","0.358, 0.343","0.507, 0.480","0.446, 0.481","0.519, 0.596","0.429, 0.591","0.398, 0.368","0.304, 0.314","0.540, 0.707","0.422, 0.716","0.432, 0.354",Mid-Backswing
88,2.9362696029362696,55.841151361649814,241.4954850882991,118.18371759168652,158.2011793249718,176.79303496621657,201.55577344289418,174.89145538268463,175.1406316357501,"0.501, 0.357","0.416, 0.353","0.456, 0.390","0.359, 0.337","0.507, 0.480","0.446, 0.482","0.519, 0.596","0.429, 0.591","0.399, 0.364","0.310, 0.300","0.540, 0.708","0.421, 0.716","0.434, 0.357",Mid-Backswing
89,2.9696363029696364,54.86280381015637,240.2892603322265,115.93244220613475,157.8388927759476,176.79476183004263,201.64418447348473,174.84190829903005,175.154489377657,"0.501, 0.356","0.416, 0.353","0.456, 0.391","0.359, 0.336","0.507, 0.480","0.446, 0.482","0.519, 0.597","0.429, 0.591","0.399, 0.363","0.312, 0.298","0.540, 0.708","0.421, 0.716","0.435, 0.356",Mid-Backswing
90,3.0030030030030033,54.09977934212773,235.8619879656196,115.60137808986997,154.56186253960772,177.0693601647893,201.70729682381676,174.52630564783777,175.21427451370465,"0.501, 0.355","0.416, 0.353","0.456, 0.391","0.360, 0.331","0.507, 0.480","0.446, 0.482","0.518, 0.597","0.430, 0.591","0.400, 0.364","0.317, 0.286","0.540, 0.709","0.421, 0.717","0.443, 0.308",Mid-Backswing
91,3.0363697030363697,49.07314163907538,234.36367373178015,107.20310528814409,156.51256645190256,177.13744630551298,201.90610408709665,174.5163491301525,175.27058641393398,"0.501, 0.354","0.415, 0.353","0.458, 0.396","0.361, 0.330","0.507, 0.480","0.446, 0.482","0.518, 0.597","0.430, 0.591","0.400, 0.363","0.318, 0.286","0.540, 0.709","0.421, 0.717","0.449, 0.319",Mid-Backswing
92,3.0697364030697365,49.09531288646038,231.88568697792297,107.21404993921175,155.9795430399367,177.55803009539437,202.34211484086006,174.23771707708636,174.7602430979565,"0.501, 0.354","0.416, 0.352","0.458, 0.395","0.361, 0.327","0.507, 0.480","0.446, 0.482","0.518, 0.597","0.430, 0.588","0.404, 0.365","0.321, 0.282","0.540, 0.708","0.421, 0.716","0.449, 0.311",Mid-Backswing
93,3.1031031031031033,49.96128371959495,231.7109132397611,108.64716870400976,155.3379480334731,177.7201384124195,202.33889959902191,174.06567472031753,174.6478212143601,"0.501, 0.354","0.416, 0.352","0.458, 0.394","0.361, 0.326","0.507, 0.480","0.447, 0.482","0.518, 0.597","0.430, 0.586","0.404, 0.365","0.322, 0.281","0.539, 0.708","0.421, 0.716","0.450, 0.305",Mid-Backswing
94,3.1364698031364697,54.75489922239828,229.32680899645698,122.36522476414255,151.06275816332445,178.25555095126487,201.9795571696128,173.73878829520996,174.79196420630342,"0.501, 0.348","0.417, 0.351","0.458, 0.382","0.365, 0.324","0.508, 0.480","0.447, 0.482","0.518, 0.597","0.430, 0.586","0.404, 0.362","0.330, 0.271","0.539, 0.707","0.421, 0.716","0.449, 0.294",Mid-Backswing
95,3.1698365031698366,56.28485644095816,227.69972967755737,127.55790405835316,150.21727631532687,178.3263645377542,201.8703585975467,173.58169540001538,174.81417333447936,"0.501, 0.346","0.417, 0.351","0.460, 0.376","0.365, 0.322","0.508, 0.480","0.447, 0.482","0.518, 0.596","0.430, 0.586","0.403, 0.361","0.331, 0.265","0.539, 0.706","0.421, 0.716","0.448, 0.292",Mid-Backswing
97,3.2365699032365702,255.2961726884924,211.16311997634836,139.50937122837686,156.8489066251659,183.65817054905526,206.41507000595416,173.06331320703097,174.16447242857708,"0.492, 0.349","0.415, 0.357","0.403, 0.337","0.365, 0.311","0.510, 0.482","0.451, 0.482","0.518, 0.597","0.431, 0.595","0.346, 0.276","0.344, 0.265","0.540, 0.709","0.421, 0.718","0.440, 0.316",Mid-Backswing
98,3.2699366032699366,222.98953914340302,211.49527766696062,203.04453536531412,154.3693850589739,180.72342665363112,206.16567501791138,172.74602234131387,174.13995995363632,"0.499, 0.348","0.415, 0.355","0.470, 0.322","0.368, 0.312","0.510, 0.481","0.451, 0.482","0.518, 0.596","0.431, 0.597","0.355, 0.281","0.346, 0.258","0.541, 0.708","0.422, 0.719","0.452, 0.350",Mid-Backswing
99,3.3033033033033035,234.95641253510252,211.6232309634293,190.14960863733697,153.79584043355882,179.996268487312,205.99793343317913,172.78372382007433,174.0640219879295,"0.501, 0.348","0.415, 0.354","0.459, 0.323","0.369, 0.312","0.511, 0.481","0.451, 0.482","0.519, 0.596","0.431, 0.597","0.356, 0.284","0.347, 0.256","0.541, 0.708","0.422, 0.718","0.453, 0.362",Mid-Backswing
100,3.3366700033366703,244.74338941505283,210.9740203119997,184.06115320987035,152.39003264246972,180.25591425400802,205.61198293871914,173.92972670245356,174.19925014362093,"0.500, 0.348","0.415, 0.351","0.443, 0.327","0.369, 0.307","0.511, 0.481","0.451, 0.482","0.521, 0.598","0.431, 0.599","0.367, 0.305","0.350, 0.253","0.542, 0.710","0.422, 0.718","0.452, 0.358",Mid-Backswing
101,3.3700367033700367,250.7990324894621,210.8667904756463,174.12524806670072,152.77905111622098,180.9079765654023,205.50911007608266,174.28722012983386,174.2938818472677,"0.500, 0.350","0.415, 0.349","0.439, 0.335","0.369, 0.304","0.512, 0.480","0.452, 0.481","0.522, 0.599","0.431, 0.599","0.371, 0.310","0.351, 0.252","0.542, 0.710","0.422, 0.718","0.447, 0.351",Mid-Backswing
102,3.4034034034034035,247.77332515321982,211.63984472349497,151.1306397638313,145.47087776135774,183.4014022374223,207.08149844991914,173.3395719352027,173.7585341942855,"0.500, 0.353","0.416, 0.348","0.407, 0.327","0.368, 0.305","0.515, 0.478","0.454, 0.478","0.522, 0.599","0.432, 0.599","0.367, 0.288","0.355, 0.249","0.542, 0.709","0.422, 0.718","0.448, 0.392",Mid-Backswing
103,3.4367701034367704,97.26062462615758,217.2434084486493,130.5806635984278,140.74351605285614,184.6336269473787,206.87296249594155,172.70340486277993,173.13139865095164,"0.499, 0.343","0.417, 0.343","0.409, 0.344","0.369, 0.307","0.517, 0.478","0.455, 0.478","0.523, 0.599","0.432, 0.599","0.366, 0.294","0.355, 0.250","0.542, 0.709","0.423, 0.718","0.448, 0.388",Mid-Backswing
104,3.4701368034701368,97.45459899574641,216.54160016569574,152.06153057506097,139.7094501913482,185.6446749981285,208.42007182415446,173.50313663137393,172.1732085728001,"0.499, 0.342","0.417, 0.342","0.431, 0.343","0.371, 0.307","0.519, 0.478","0.457, 0.478","0.525, 0.599","0.432, 0.597","0.382, 0.318","0.358, 0.251","0.542, 0.709","0.424, 0.718","0.444, 0.379",Mid-Backswing
105,3.5035035035035036,91.90549521128348,216.9511051720819,145.5657869446253,138.56200073818314,185.8719340174228,208.9210809208645,174.36219300983558,171.70752685999705,"0.499, 0.340","0.418, 0.342","0.432, 0.348","0.372, 0.308","0.520, 0.478","0.458, 0.478","0.526, 0.598","0.432, 0.596","0.385, 0.324","0.359, 0.251","0.542, 0.709","0.424, 0.718","0.439, 0.376",Mid-Backswing
107,3.5702369035702373,243.73124117254932,207.68726862906294,157.5246856415665,141.33457169464572,191.89648205998807,212.20424733303327,176.04347161641573,172.81461436446526,"0.498, 0.373","0.423, 0.354","0.427, 0.358","0.375, 0.308","0.524, 0.475","0.465, 0.474","0.528, 0.597","0.437, 0.592","0.374, 0.321","0.368, 0.257","0.540, 0.710","0.423, 0.716","0.434, 0.387",Mid-Backswing
108,3.6036036036036037,243.88507421013503,208.30670843635923,156.09222176982038,143.1075839606919,189.1377029397414,212.35147144770727,175.84974811455314,172.54488871826322,"0.504, 0.369","0.424, 0.354","0.430, 0.349","0.374, 0.308","0.525, 0.476","0.465, 0.475","0.529, 0.597","0.437, 0.589","0.372, 0.303","0.365, 0.258","0.541, 0.709","0.423, 0.715","0.439, 0.372",Top
109,3.6369703036369705,245.39424089549462,209.08018764518053,156.89782572359442,142.08258954158057,188.3676915459396,212.19041357764203,176.07663079858725,172.65451996385104,"0.505, 0.365","0.424, 0.354","0.430, 0.346","0.372, 0.308","0.525, 0.476","0.464, 0.475","0.529, 0.596","0.437, 0.588","0.371, 0.302","0.364, 0.258","0.541, 0.708","0.424, 0.715","0.445, 0.373",Top
111,3.7037037037037037,245.589692013171,201.27046272057092,162.65217347095088,150.87126543657882,186.2570249327009,213.94473661171992,177.22039136037768,172.08545817856526,"0.507, 0.361","0.420, 0.363","0.435, 0.341","0.372, 0.308","0.527, 0.482","0.465, 0.483","0.532, 0.598","0.437, 0.598","0.371, 0.300","0.361, 0.261","0.543, 0.709","0.426, 0.717","0.457, 0.391",Top
112,3.7370704037370706,247.27140829389708,215.0771018442074,159.84147704346884,147.14792198066658,185.54071560587008,212.3702146446679,179.76018097015594,172.31846756814528,"0.509, 0.364","0.426, 0.365","0.432, 0.345","0.377, 0.329","0.528, 0.482","0.466, 0.482","0.536, 0.596","0.438, 0.594","0.362, 0.299","0.358, 0.280","0.544, 0.709","0.426, 0.716","0.454, 0.366",Top
114,3.803803803803804,235.7452351826849,205.84912726368705,176.32875985179516,156.9925283718356,188.15296603569445,220.74128241779954,185.0902115375326,173.66049343351148,"0.512, 0.367","0.421, 0.367","0.438, 0.338","0.374, 0.331","0.535, 0.472","0.473, 0.472","0.545, 0.595","0.443, 0.591","0.360, 0.300","0.353, 0.294","0.543, 0.709","0.426, 0.716","0.457, 0.400",Top
115,3.8371705038371706,250.91644247507884,212.94617057096258,155.0908489781021,149.3857581698113,189.39887402450447,218.66623646227345,184.71808544821818,173.3707682270373,"0.512, 0.376","0.425, 0.364","0.432, 0.369","0.372, 0.331","0.536, 0.473","0.473, 0.472","0.544, 0.594","0.443, 0.590","0.373, 0.334","0.353, 0.291","0.544, 0.708","0.426, 0.717","0.452, 0.390",Top
117,3.9039039039039043,259.3062197916635,226.92890978257563,159.16493460875867,142.17804333143656,184.08242822527555,218.21662297494453,186.3339619467543,173.90641048717058,"0.525, 0.376","0.429, 0.372","0.457, 0.373","0.376, 0.354","0.539, 0.474","0.475, 0.477","0.548, 0.594","0.446, 0.593","0.363, 0.332","0.348, 0.312","0.544, 0.712","0.428, 0.718","0.463, 0.391",Top
118,3.9372706039372707,95.66800895270755,111.3782709306841,160.02962113793686,137.61176417444517,185.82874232779707,218.56922291697433,186.5715643997884,174.34369312803094,"0.523, 0.377","0.428, 0.371","0.454, 0.383","0.385, 0.373","0.541, 0.476","0.476, 0.477","0.551, 0.594","0.446, 0.594","0.371, 0.360","0.349, 0.343","0.546, 0.711","0.427, 0.718","0.454, 0.355",Top
119,3.9706373039706375,91.22604337515608,241.1260307107894,155.9941974868183,148.41561059753988,185.82792070865634,217.24271496547354,186.7717103668046,174.60890504234644,"0.523, 0.378","0.434, 0.377","0.454, 0.390","0.385, 0.372","0.542, 0.476","0.476, 0.475","0.552, 0.594","0.446, 0.594","0.385, 0.372","0.347, 0.343","0.549, 0.710","0.427, 0.721","0.453, 0.363",Top
120,4.004004004004004,77.65366407567812,90.40521394807249,202.86440540859928,138.62301636661215,186.41977882192975,218.73850441905114,188.87522243916166,174.68476256736596,"0.524, 0.374","0.438, 0.376","0.455, 0.405","0.400, 0.392","0.546, 0.476","0.481, 0.476","0.557, 0.593","0.449, 0.595","0.390, 0.407","0.347, 0.375","0.550, 0.708","0.426, 0.721","0.450, 0.368",Top
121,4.037370704037371,81.79783958678446,91.77725922317596,158.33367810903076,142.63543289145156,186.52146791850717,216.35108030410527,189.37625491506242,175.52240091328574,"0.525, 0.372","0.446, 0.382","0.456, 0.398","0.404, 0.397","0.547, 0.476","0.482, 0.476","0.558, 0.593","0.450, 0.596","0.385, 0.396","0.348, 0.379","0.551, 0.706","0.426, 0.721","0.451, 0.370",Top
122,4.070737404070738,41.646850415419976,62.28969633736627,235.74580465172545,125.74512750793545,185.54630091287515,219.3242954667278,190.88241084697088,177.363797661419,"0.526, 0.364","0.447, 0.388","0.499, 0.411","0.421, 0.421","0.549, 0.476","0.487, 0.476","0.562, 0.593","0.453, 0.598","0.442, 0.416","0.351, 0.418","0.553, 0.706","0.426, 0.719","0.451, 0.357",Mid-Downswing
123,4.104104104104104,33.45789092933666,61.04359476709626,245.56506106350483,123.91939303923638,185.2707677165322,219.99715895146213,191.38783840557755,178.39824156328402,"0.527, 0.362","0.447, 0.389","0.506, 0.416","0.423, 0.423","0.551, 0.477","0.488, 0.477","0.564, 0.594","0.455, 0.600","0.444, 0.419","0.352, 0.420","0.553, 0.706","0.426, 0.719","0.450, 0.355",Mid-Downswing
124,4.137470804137471,28.77956816329833,41.09217980363766,247.55164718051353,240.07074023704902,183.76297161009762,219.54243404867776,192.55198702496511,182.967528095149,"0.532, 0.365","0.448, 0.394","0.504, 0.449","0.435, 0.445","0.552, 0.473","0.489, 0.475","0.566, 0.593","0.461, 0.597","0.424, 0.455","0.371, 0.463","0.554, 0.706","0.426, 0.718","0.453, 0.384",Mid-Downswing
125,4.170837504170838,27.896270715688342,38.795072385184696,249.02611420157837,242.25198519871853,183.25951876778663,219.0477459204743,193.09683585952087,184.28280214987143,"0.534, 0.367","0.447, 0.393","0.506, 0.454","0.436, 0.446","0.552, 0.472","0.489, 0.474","0.567, 0.593","0.462, 0.596","0.415, 0.459","0.374, 0.464","0.555, 0.706","0.426, 0.717","0.455, 0.394",Mid-Downswing
126,4.2042042042042045,28.80710424224638,33.33734068507515,216.622678933226,214.0271577827483,181.12165245902273,216.76046270041505,193.80404875877687,187.11057286756565,"0.537, 0.368","0.447, 0.389","0.505, 0.454","0.438, 0.464","0.553, 0.470","0.488, 0.473","0.569, 0.592","0.466, 0.595","0.435, 0.500","0.401, 0.506","0.556, 0.707","0.428, 0.718","0.453, 0.394",Mid-Downswing
127,4.237570904237571,29.64599033266542,31.92944334027635,212.73267008549263,212.28728441580392,180.50418029882204,215.43656173764074,193.6397806212931,188.2807140395845,"0.539, 0.368","0.446, 0.385","0.504, 0.455","0.438, 0.465","0.553, 0.470","0.488, 0.471","0.570, 0.592","0.468, 0.593","0.435, 0.505","0.404, 0.508","0.557, 0.708","0.429, 0.718","0.452, 0.395",Mid-Downswing
128,4.270937604270938,18.460931318001148,17.851897767622486,210.20579540440062,191.5352252617102,182.61275242499408,213.14655401367756,191.32830703890406,188.58139008404132,"0.539, 0.366","0.446, 0.369","0.523, 0.463","0.456, 0.450","0.555, 0.465","0.490, 0.464","0.570, 0.590","0.472, 0.585","0.473, 0.524","0.450, 0.519","0.560, 0.708","0.431, 0.718","0.453, 0.392",Mid-Downswing
129,4.3043043043043046,18.22234011900019,17.312867751473682,209.92522861343528,193.9678827091618,183.49487476530604,213.28580034367795,190.17095292158518,189.74521996278247,"0.539, 0.366","0.445, 0.367","0.525, 0.465","0.457, 0.446","0.556, 0.460","0.490, 0.458","0.570, 0.587","0.474, 0.581","0.474, 0.529","0.450, 0.523","0.562, 0.708","0.432, 0.718","0.453, 0.391",Mid-Downswing
130,4.337671004337671,5.091342613054729,11.59799578738415,204.8353097364542,191.38530328110295,182.58298914745373,219.30322957341775,188.20929663105852,190.3251240076058,"0.548, 0.358","0.446, 0.368","0.551, 0.457","0.473, 0.446","0.560, 0.458","0.498, 0.455","0.569, 0.587","0.479, 0.582","0.518, 0.534","0.485, 0.530","0.561, 0.710","0.433, 0.718","0.454, 0.390",Mid-Downswing
131,4.371037704371039,5.805956883299368,12.191342541104161,204.46914080712008,192.229906554956,184.12060533402774,220.53768618876828,187.5066831768572,189.958452659394,"0.549, 0.358","0.445, 0.369","0.552, 0.457","0.474, 0.447","0.562, 0.457","0.498, 0.452","0.569, 0.587","0.479, 0.583","0.518, 0.537","0.486, 0.533","0.560, 0.712","0.434, 0.718","0.454, 0.389",Mid-Downswing
132,4.404404404404405,2.393373567417668,9.392130626061872,194.45071406426482,179.1730455894038,181.49022629315425,223.56811733788825,187.67620382926452,191.15900095098738,"0.552, 0.348","0.446, 0.370","0.565, 0.451","0.483, 0.449","0.561, 0.455","0.504, 0.455","0.569, 0.587","0.483, 0.589","0.556, 0.527","0.522, 0.531","0.560, 0.712","0.435, 0.718","0.465, 0.388",Mid-Downswing
133,4.437771104437771,3.104523528534712,9.471839472512315,194.97399015035222,180.85204302929856,181.28695467122358,226.6845129810114,188.2062986486591,190.38880754809458,"0.552, 0.346","0.446, 0.374","0.567, 0.447","0.485, 0.450","0.562, 0.455","0.506, 0.456","0.570, 0.587","0.482, 0.595","0.557, 0.524","0.524, 0.530","0.560, 0.712","0.435, 0.720","0.472, 0.387",Impact
134,4.471137804471138,8.321639758698721,8.256801210423141,187.82318315271652,165.23852992553148,179.89530560816686,225.83393391924403,188.01596060250037,191.6787795579641,"0.554, 0.340","0.446, 0.373","0.573, 0.430","0.486, 0.449","0.561, 0.455","0.507, 0.458","0.570, 0.589","0.483, 0.597","0.579, 0.515","0.551, 0.520","0.561, 0.710","0.435, 0.719","0.475, 0.387",Impact
135,4.504504504504505,9.538442988867772,8.648718999358502,189.23337411791312,161.98530844130462,180.46257713746132,224.34615879091507,186.32757641924783,192.58841107448555,"0.554, 0.339","0.446, 0.369","0.574, 0.426","0.484, 0.447","0.561, 0.456","0.508, 0.458","0.568, 0.588","0.484, 0.597","0.580, 0.512","0.553, 0.518","0.561, 0.708","0.436, 0.717","0.475, 0.387",Impact
136,4.537871204537871,11.997403842355979,6.57576660644963,188.83322942161422,170.24074772293963,187.0853568374142,221.00111286652603,183.6915501801035,193.61813536060941,"0.544, 0.332","0.454, 0.369","0.572, 0.410","0.516, 0.448","0.562, 0.459","0.509, 0.459","0.566, 0.589","0.487, 0.597","0.587, 0.481","0.582, 0.507","0.561, 0.706","0.438, 0.712","0.472, 0.385",Impact
137,4.571237904571238,12.7012139609655,7.1854626282814404,190.55219666040287,167.75022688809068,189.54799104982266,219.83482103022732,181.13336837344778,194.48600117248301,"0.542, 0.330","0.455, 0.369","0.574, 0.407","0.516, 0.447","0.564, 0.460","0.509, 0.459","0.563, 0.590","0.488, 0.596","0.589, 0.480","0.582, 0.502","0.561, 0.704","0.439, 0.710","0.466, 0.384",Impact
138,4.604604604604605,32.55911776270721,28.446327198341006,203.99177827585984,188.09795858737573,191.57831528933536,206.79318229235878,174.10483059536136,188.2856243132724,"0.517, 0.324","0.485, 0.341","0.582, 0.390","0.550, 0.409","0.548, 0.471","0.520, 0.468","0.548, 0.591","0.494, 0.597","0.609, 0.464","0.592, 0.467","0.560, 0.706","0.453, 0.711","0.474, 0.374",Impact
139,4.637971304637971,33.19608076004394,20.61784622674659,203.70840822383803,172.01617674805132,186.80188034819398,210.1393583563681,177.32239426593597,187.72890691385868,"0.526, 0.315","0.476, 0.342","0.588, 0.385","0.535, 0.414","0.548, 0.470","0.518, 0.467","0.552, 0.591","0.492, 0.597","0.611, 0.457","0.588, 0.463","0.560, 0.707","0.452, 0.712","0.476, 0.371",Impact
140,4.671338004671338,18.944647328457307,34.18851570705626,185.18609914174016,195.47500603392683,206.6650005517879,194.46065108986338,195.12790338764225,173.1183756906307,"0.473, 0.323","0.530, 0.308","0.515, 0.380","0.583, 0.361","0.519, 0.469","0.559, 0.465","0.500, 0.591","0.551, 0.586","0.542, 0.424","0.621, 0.430","0.448, 0.709","0.557, 0.712","0.472, 0.361",Impact
141,4.704704704704705,12.545097585938091,33.50084560527567,173.44560736117668,194.508801935949,208.6301162405428,193.52751782399125,194.96699018244664,174.77667259228804,"0.464, 0.326","0.535, 0.305","0.499, 0.381","0.585, 0.358","0.515, 0.470","0.564, 0.465","0.495, 0.592","0.557, 0.586","0.530, 0.421","0.624, 0.427","0.441, 0.711","0.562, 0.713","0.467, 0.349",Impact
142,4.738071404738071,38.66500853780367,27.553830116170403,186.68053234279338,163.77271365628022,206.2033468879065,212.65215019320613,166.974305825057,195.47524001950146,"0.509, 0.298","0.481, 0.319","0.577, 0.347","0.556, 0.383","0.557, 0.469","0.541, 0.468","0.534, 0.588","0.519, 0.586","0.637, 0.402","0.610, 0.407","0.539, 0.711","0.456, 0.713","0.500, 0.343",Mid-Follow-Through
143,4.7714381047714385,39.17242119024412,26.798755592728035,187.1349566342243,152.26592321778304,202.57124624079302,214.01331281952307,167.80017674344055,195.33491715519426,"0.521, 0.296","0.469, 0.321","0.586, 0.345","0.549, 0.391","0.564, 0.469","0.530, 0.470","0.547, 0.585","0.506, 0.587","0.643, 0.400","0.609, 0.405","0.555, 0.711","0.441, 0.714","0.498, 0.342",Mid-Follow-Through
144,4.804804804804805,45.69226704010259,19.165547523513954,168.14754146790244,129.7519476252022,194.65351424144197,214.15214485785165,173.13842130475385,195.78280263888047,"0.542, 0.305","0.470, 0.326","0.600, 0.346","0.523, 0.386","0.567, 0.468","0.529, 0.470","0.555, 0.586","0.505, 0.587","0.658, 0.372","0.600, 0.384","0.557, 0.710","0.439, 0.712","0.518, 0.322",Mid-Follow-Through
145,4.838171504838172,50.509934689735275,20.246917299381444,177.34136566268538,128.26827252393622,194.31446249770093,214.34230362802379,174.40337649245575,195.71083832375308,"0.542, 0.305","0.470, 0.328","0.598, 0.338","0.522, 0.384","0.568, 0.468","0.528, 0.470","0.557, 0.586","0.504, 0.587","0.657, 0.369","0.602, 0.378","0.557, 0.710","0.438, 0.712","0.509, 0.313",Mid-Follow-Through
146,4.8715382048715385,64.06492670204555,35.76810778234936,174.70236058811227,130.782857416819,194.95601848036907,215.12232057460457,176.49205163895485,196.12226002171275,"0.541, 0.306","0.476, 0.347","0.606, 0.325","0.534, 0.382","0.570, 0.468","0.529, 0.471","0.560, 0.586","0.504, 0.586","0.669, 0.336","0.604, 0.359","0.557, 0.709","0.438, 0.709","0.527, 0.311",Mid-Follow-Through
147,4.904904904904905,67.3746834994386,42.808956495853934,177.61318380429688,136.69614669796331,194.9457011030228,214.57701736669756,178.0509195756463,196.14881486192562,"0.541, 0.308","0.480, 0.353","0.603, 0.321","0.538, 0.380","0.571, 0.468","0.529, 0.472","0.561, 0.586","0.504, 0.586","0.670, 0.333","0.614, 0.355","0.556, 0.709","0.438, 0.707","0.528, 0.302",Mid-Follow-Through
148,4.938271604938272,76.08980539537991,70.07755535283368,169.90864897851628,152.06284625410754,195.06718671290437,210.3747023249915,177.94703747844596,196.29817517315144,"0.540, 0.308","0.496, 0.358","0.609, 0.312","0.555, 0.361","0.571, 0.470","0.532, 0.475","0.562, 0.589","0.506, 0.586","0.667, 0.305","0.607, 0.337","0.556, 0.710","0.437, 0.708","0.536, 0.304",Mid-Follow-Through
149,4.971638304971639,74.63110094635304,75.2531891830693,162.75932133717066,204.1027069854069,194.87620142167856,210.1054791560554,178.06557998581258,197.04101182395473,"0.540, 0.305","0.496, 0.356","0.614, 0.311","0.559, 0.354","0.571, 0.470","0.532, 0.476","0.562, 0.590","0.506, 0.586","0.676, 0.298","0.607, 0.330","0.556, 0.711","0.436, 0.708","0.539, 0.314",Mid-Follow-Through
150,5.005005005005005,82.22634491209737,75.70020640222906,198.7317917217389,212.4399721699785,194.39798968448244,206.50347939814156,179.91715159200257,203.42770355614724,"0.539, 0.300","0.496, 0.353","0.608, 0.297","0.552, 0.350","0.572, 0.470","0.533, 0.476","0.564, 0.590","0.514, 0.586","0.662, 0.275","0.604, 0.314","0.557, 0.711","0.434, 0.707","0.536, 0.289",Mid-Follow-Through
151,5.038371705038372,80.82930102471907,65.1938238832714,201.26330410356172,132.73747393855106,194.19636976837003,206.34019828515042,180.4877486676348,205.2846062460045,"0.539, 0.297","0.494, 0.350","0.607, 0.295","0.550, 0.358","0.572, 0.469","0.533, 0.475","0.565, 0.590","0.516, 0.585","0.657, 0.273","0.587, 0.326","0.557, 0.711","0.433, 0.707","0.535, 0.289",Mid-Follow-Through
152,5.071738405071739,88.2544247858238,90.59955958202255,202.40780719134287,211.8202801008256,193.008927221414,203.22360852446914,181.7773554943351,208.49002252777177,"0.538, 0.292","0.500, 0.348","0.598, 0.282","0.572, 0.326","0.571, 0.467","0.535, 0.472","0.566, 0.588","0.521, 0.585","0.650, 0.251","0.627, 0.265","0.557, 0.711","0.434, 0.706","0.534, 0.281",Mid-Follow-Through
153,5.105105105105105,90.43987006058076,89.0110291084137,202.74711712076882,210.8330430274436,191.94260686336682,202.8442641569543,182.66270269008842,209.66752305345543,"0.539, 0.290","0.500, 0.346","0.598, 0.279","0.569, 0.327","0.571, 0.466","0.536, 0.470","0.567, 0.587","0.523, 0.585","0.649, 0.246","0.629, 0.264","0.557, 0.711","0.434, 0.706","0.533, 0.280",Mid-Follow-Through
154,5.138471805138472,106.57169542001358,85.61364901647757,204.24792148795655,218.6583980171055,190.31539197543097,198.52402109044004,182.1155623412425,215.6617895521405,"0.546, 0.291","0.499, 0.334","0.598, 0.267","0.563, 0.322","0.571, 0.467","0.536, 0.470","0.566, 0.587","0.529, 0.587","0.633, 0.227","0.602, 0.276","0.557, 0.711","0.434, 0.704","0.538, 0.289",Mid-Follow-Through
155,5.171838505171839,106.39052733651644,89.49201398982736,206.83268203121213,215.82263622160553,190.6157589177075,199.73001383608258,181.92707612009775,215.7701634211622,"0.545, 0.293","0.498, 0.331","0.595, 0.270","0.564, 0.313","0.571, 0.467","0.537, 0.470","0.566, 0.588","0.529, 0.590","0.627, 0.229","0.602, 0.266","0.557, 0.711","0.434, 0.703","0.541, 0.291",Mid-Follow-Through
156,5.205205205205205,101.42946657524189,126.10213671594792,198.86870146290462,200.9662950213875,184.14573583576453,199.55872582852135,194.48229730239038,211.77275994611523,"0.498, 0.298","0.534, 0.323","0.558, 0.268","0.577, 0.280","0.543, 0.468","0.558, 0.470","0.566, 0.587","0.536, 0.591","0.605, 0.221","0.607, 0.212","0.557, 0.711","0.435, 0.702","0.536, 0.258",Mid-Follow-Through
157,5.238571905238572,106.09507137412403,107.89081253662852,202.65526703944496,216.41333970714012,183.27846527081266,200.49489201314526,193.09773359406597,213.5319800785576,"0.506, 0.297","0.529, 0.324","0.565, 0.264","0.575, 0.298","0.545, 0.468","0.557, 0.470","0.565, 0.587","0.537, 0.591","0.609, 0.210","0.607, 0.228","0.558, 0.711","0.435, 0.701","0.535, 0.256",Mid-Follow-Through
158,5.271938605271939,114.96021545314365,144.40522130624657,178.00779224558346,187.21174366892734,188.23506092217332,194.2877538688438,193.41023650408764,213.950009398537,"0.492, 0.305","0.545, 0.313","0.541, 0.260","0.575, 0.263","0.545, 0.469","0.559, 0.470","0.565, 0.587","0.539, 0.591","0.587, 0.219","0.604, 0.196","0.558, 0.710","0.435, 0.701","0.542, 0.257",Mid-Follow-Through
159,5.305305305305305,113.51958187844392,154.57068433255753,182.47076946876942,180.34752982345657,187.19776459561336,192.03219219562217,194.79236447657695,213.7404173449543,"0.490, 0.309","0.553, 0.309","0.537, 0.267","0.576, 0.257","0.543, 0.469","0.560, 0.469","0.566, 0.586","0.540, 0.591","0.582, 0.223","0.603, 0.191","0.558, 0.710","0.436, 0.701","0.543, 0.254",Mid-Follow-Through
160,5.3386720053386725,141.9865134381233,150.7653801060396,147.65604579120065,196.84690216229734,183.1855012312772,192.56877091567736,197.81110991317934,214.4708576817121,"0.490, 0.312","0.553, 0.313","0.510, 0.259","0.580, 0.258","0.538, 0.469","0.562, 0.469","0.566, 0.585","0.542, 0.591","0.571, 0.214","0.591, 0.184","0.558, 0.707","0.438, 0.699","0.539, 0.262",Mid-Follow-Through
161,5.372038705372039,144.9443866335761,150.08744631932868,142.302212649137,200.3876032122209,182.97120739605248,192.52076025242422,198.4197604385332,214.81857530886106,"0.489, 0.313","0.553, 0.314","0.507, 0.257","0.581, 0.258","0.538, 0.469","0.562, 0.469","0.567, 0.585","0.543, 0.591","0.570, 0.215","0.589, 0.183","0.558, 0.706","0.439, 0.698","0.539, 0.265",Mid-Follow-Through
162,5.405405405405405,140.1390326775891,139.991925342755,171.78900085552525,217.6343274808837,181.71340865836112,190.35452635782914,197.72182976250426,217.50070674557222,"0.495, 0.305","0.549, 0.306","0.524, 0.241","0.579, 0.264","0.539, 0.467","0.560, 0.467","0.567, 0.584","0.547, 0.589","0.563, 0.180","0.577, 0.191","0.558, 0.706","0.443, 0.698","0.539, 0.263",Mid-Follow-Through
163,5.438772105438773,140.13275157130843,149.22608465447283,169.05039114330776,210.2158674801986,180.57809171689675,189.63658964112108,198.65171887960392,216.1646567810376,"0.491, 0.303","0.556, 0.300","0.518, 0.245","0.579, 0.256","0.536, 0.466","0.563, 0.466","0.566, 0.584","0.548, 0.589","0.557, 0.190","0.577, 0.183","0.558, 0.706","0.445, 0.698","0.537, 0.257",Mid-Follow-Through
164,5.472138805472139,138.3102867494186,168.74246476459635,171.56494666389824,207.6442046316983,181.8542356320088,185.39787593737435,196.1607518410343,216.81682402996984,"0.489, 0.300","0.566, 0.290","0.516, 0.245","0.578, 0.232","0.534, 0.463","0.563, 0.464","0.563, 0.580","0.550, 0.587","0.542, 0.208","0.560, 0.166","0.558, 0.705","0.446, 0.698","0.538, 0.246",Mid-Follow-Through
165,5.505505505505505,138.7144109851056,177.04834662468616,163.02575184263938,203.32194530494948,182.58285678179826,183.69163776158737,195.16195896311376,216.65554938991409,"0.487, 0.300","0.572, 0.289","0.511, 0.249","0.578, 0.227","0.533, 0.461","0.564, 0.463","0.561, 0.578","0.550, 0.587","0.546, 0.211","0.558, 0.165","0.558, 0.704","0.447, 0.698","0.536, 0.243",Mid-Follow-Through
166,5.538872205538873,132.3799087379265,178.7495717075578,178.80402872604503,211.47840295923572,183.45608679038048,183.30006679435186,194.3863999153618,216.84466572524425,"0.488, 0.297","0.572, 0.282","0.515, 0.253","0.576, 0.223","0.535, 0.459","0.564, 0.460","0.561, 0.577","0.551, 0.585","0.540, 0.214","0.544, 0.164","0.558, 0.703","0.449, 0.696","0.539, 0.241",Mid-Follow-Through
167,5.572238905572239,129.0260304981974,182.15251972911975,180.75230119293357,207.58796055747243,184.20730714985203,182.59570219100232,193.82869826859203,216.7997372574279,"0.488, 0.297","0.573, 0.282","0.517, 0.255","0.574, 0.226","0.536, 0.458","0.564, 0.459","0.562, 0.576","0.551, 0.584","0.542, 0.217","0.543, 0.165","0.558, 0.700","0.449, 0.695","0.538, 0.244",Mid-Follow-Through
168,5.605605605605606,151.91075677337545,149.8508852139174,186.56649444528003,233.55353504355745,185.05715065213815,192.02713424855267,190.17686792070796,218.01548349411684,"0.504, 0.294","0.539, 0.286","0.519, 0.236","0.554, 0.250","0.543, 0.456","0.561, 0.457","0.562, 0.575","0.552, 0.583","0.528, 0.173","0.530, 0.211","0.558, 0.698","0.449, 0.695","0.546, 0.243",Mid-Follow-Through
169,5.638972305638973,169.56962581176612,134.51984052050884,182.52996051688018,227.28981769344637,183.15198072449968,196.27298480961554,187.06617473580474,219.4548449441216,"0.524, 0.286","0.520, 0.291","0.526, 0.230","0.544, 0.254","0.550, 0.455","0.559, 0.456","0.562, 0.575","0.552, 0.582","0.525, 0.169","0.533, 0.212","0.558, 0.698","0.449, 0.694","0.547, 0.245",Mid-Follow-Through
170,5.672339005672339,169.5577524816411,163.12013030409216,187.6541445597052,224.05519329776365,184.74588995568874,189.69413931669405,186.79687237643384,219.29402431172275,"0.521, 0.288","0.537, 0.277","0.521, 0.236","0.546, 0.231","0.550, 0.453","0.559, 0.454","0.562, 0.574","0.553, 0.580","0.513, 0.176","0.506, 0.171","0.558, 0.698","0.450, 0.694","0.540, 0.241",Mid-Follow-Through
171,5.705705705705706,175.59025496237896,197.4991084727058,134.13549083091175,207.4952706764741,186.99926788976637,181.68388479072763,188.3452615763637,218.60218807224916,"0.505, 0.289","0.566, 0.266","0.498, 0.249","0.550, 0.208","0.546, 0.453","0.560, 0.454","0.561, 0.574","0.553, 0.580","0.523, 0.215","0.501, 0.157","0.559, 0.698","0.450, 0.694","0.537, 0.240",Mid-Follow-Through
172,5.739072405739073,170.83514346665555,184.8850643490829,184.08273878083506,220.50885579218638,188.44982271732968,186.5071833834742,187.01974462115902,218.73475225719898,"0.510, 0.287","0.550, 0.273","0.505, 0.225","0.541, 0.213","0.550, 0.452","0.560, 0.452","0.561, 0.574","0.553, 0.580","0.498, 0.177","0.487, 0.165","0.558, 0.698","0.451, 0.694","0.536, 0.238",Mid-Follow-Through
173,5.772439105772439,195.1223562093989,162.89723643334912,170.36699538251835,218.22464005930814,185.6426838798169,194.1452411827217,184.58080792879778,219.45456464028192,"0.534, 0.282","0.522, 0.278","0.505, 0.215","0.527, 0.221","0.557, 0.451","0.558, 0.451","0.562, 0.574","0.553, 0.580","0.494, 0.168","0.494, 0.170","0.557, 0.698","0.452, 0.694","0.536, 0.238",Mid-Follow-Through
174,5.805805805805806,196.80607054637358,162.96856813441173,180.0718765046671,219.2778575282439,188.2023342683584,193.50481477232705,181.7385502542299,219.9833373883694,"0.542, 0.280","0.522, 0.282","0.514, 0.217","0.527, 0.225","0.564, 0.451","0.557, 0.452","0.562, 0.575","0.554, 0.581","0.492, 0.169","0.492, 0.172","0.557, 0.698","0.453, 0.694","0.536, 0.239",Mid-Follow-Through
175,5.839172505839173,192.44089626377996,153.25504587657358,193.4412993423907,225.74627964587197,188.5200824630786,196.07109674523596,181.1635253453992,220.2316239379739,"0.544, 0.279","0.514, 0.286","0.522, 0.216","0.527, 0.226","0.566, 0.451","0.557, 0.452","0.562, 0.575","0.554, 0.581","0.492, 0.170","0.492, 0.173","0.557, 0.698","0.453, 0.694","0.536, 0.239",Mid-Follow-Through
176,5.872539205872539,181.00886972445,204.7208753540636,175.08129975938488,195.16316606591855,192.36147933109046,184.41530066335136,185.05448248529902,217.73169242058776,"0.513, 0.286","0.561, 0.278","0.498, 0.234","0.535, 0.222","0.557, 0.451","0.563, 0.452","0.562, 0.576","0.554, 0.581","0.486, 0.173","0.494, 0.174","0.557, 0.699","0.453, 0.694","0.532, 0.239",Mid-Follow-Through
177,5.9059059059059065,175.1688446693133,203.86898580983063,184.60349325583502,197.67726952682636,193.41111142913996,185.22214025054268,185.122424885465,217.42556807673498,"0.509, 0.287","0.561, 0.276","0.499, 0.236","0.537, 0.224","0.556, 0.452","0.564, 0.452","0.562, 0.577","0.554, 0.581","0.482, 0.176","0.494, 0.177","0.557, 0.701","0.453, 0.694","0.532, 0.239",Mid-Follow-Through
178,5.939272605939273,187.06586461136152,200.26431326911646,157.7145571663344,211.06074036437445,194.64028388157786,184.73016142403137,185.84295653571408,215.76356959740073,"0.505, 0.290","0.571, 0.277","0.482, 0.241","0.551, 0.222","0.556, 0.451","0.568, 0.452","0.563, 0.578","0.555, 0.581","0.479, 0.177","0.516, 0.192","0.556, 0.703","0.455, 0.694","0.531, 0.239",Mid-Follow-Through
179,5.97263930597264,189.45038347221427,198.51951330654686,151.09003882501423,215.47530137665512,195.01536457986384,186.25726678162042,186.46667652883787,214.38305372131776,"0.502, 0.292","0.573, 0.278","0.478, 0.248","0.555, 0.220","0.555, 0.451","0.571, 0.452","0.563, 0.578","0.555, 0.581","0.479, 0.180","0.520, 0.194","0.556, 0.704","0.456, 0.694","0.530, 0.240",Mid-Follow-Through
180,6.0060060060060065,178.5292794235037,201.30409823614352,179.17237129651917,219.55727898987712,194.21188839332632,186.3760668772639,187.49735864198217,214.34365748071394,"0.502, 0.292","0.573, 0.278","0.485, 0.234","0.551, 0.221","0.554, 0.452","0.572, 0.453","0.563, 0.580","0.556, 0.583","0.470, 0.181","0.504, 0.194","0.555, 0.706","0.459, 0.694","0.547, 0.239",Mid-Follow-Through
181,6.039372706039373,192.84968206848404,203.69573578417612,160.95947272772588,221.98178207298187,191.8343895500425,185.7414284750163,189.28430469043195,213.62938949469944,"0.503, 0.294","0.577, 0.277","0.474, 0.242","0.554, 0.220","0.551, 0.453","0.573, 0.454","0.563, 0.581","0.557, 0.583","0.463, 0.182","0.498, 0.193","0.553, 0.706","0.461, 0.694","0.550, 0.239",Mid-Follow-Through
182,6.072739406072739,209.81138957947516,215.40041329843072,154.15641621345915,195.6702767727316,187.06060541697664,186.42320291585432,188.17459665189494,214.2573426023954,"0.523, 0.294","0.573, 0.283","0.481, 0.244","0.540, 0.236","0.554, 0.453","0.572, 0.455","0.563, 0.581","0.557, 0.584","0.465, 0.186","0.496, 0.201","0.553, 0.706","0.461, 0.695","0.558, 0.238",Mid-Follow-Through
183,6.106106106106107,214.32127721374079,219.49479175497189,139.64569715092313,195.02481941589153,187.54966788917616,186.65379461041093,189.28486002212446,213.1512654229334,"0.515, 0.294","0.578, 0.280","0.471, 0.252","0.542, 0.236","0.551, 0.455","0.574, 0.455","0.562, 0.582","0.557, 0.585","0.463, 0.188","0.497, 0.203","0.553, 0.706","0.461, 0.696","0.561, 0.237",Mid-Follow-Through
184,6.139472806139473,221.24433083944245,216.1423547834533,132.83964817120508,208.23566072600852,187.74561541282395,186.21845510941418,189.28268239723798,212.43633827391957,"0.514, 0.295","0.579, 0.279","0.466, 0.260","0.545, 0.229","0.551, 0.454","0.575, 0.455","0.562, 0.581","0.557, 0.583","0.458, 0.197","0.490, 0.201","0.554, 0.706","0.461, 0.697","0.562, 0.237",Mid-Follow-Through
185,6.172839506172839,219.59664008171148,207.3210695316828,136.76044989369706,226.27557966223276,186.81308739614312,185.82078101981773,190.05911436200412,211.75214385580085,"0.512, 0.295","0.582, 0.278","0.466, 0.260","0.555, 0.222","0.549, 0.454","0.575, 0.455","0.562, 0.581","0.557, 0.583","0.457, 0.199","0.489, 0.200","0.554, 0.705","0.461, 0.699","0.562, 0.237",Mid-Follow-Through
186,6.206206206206207,211.90746871687773,185.87178322223883,141.01429853886734,251.3739543673624,188.12135223812936,186.8466415612524,190.1873463171772,210.94480245924422,"0.504, 0.295","0.581, 0.279","0.464, 0.258","0.577, 0.220","0.547, 0.455","0.576, 0.455","0.563, 0.581","0.557, 0.583","0.456, 0.199","0.502, 0.201","0.556, 0.705","0.461, 0.700","0.571, 0.237",Mid-Follow-Through
187,6.239572906239573,208.97049819311854,180.04293649970657,141.81807337017142,257.55512818619576,187.9435746033644,187.48624441121063,190.4979196548753,210.5057683942648,"0.501, 0.296","0.580, 0.281","0.463, 0.257","0.581, 0.221","0.546, 0.455","0.577, 0.456","0.563, 0.581","0.557, 0.582","0.456, 0.199","0.508, 0.203","0.557, 0.705","0.461, 0.700","0.573, 0.237",Mid-Follow-Through
188,6.2729396062729395,209.3478145267233,184.5687896858776,143.3348490310244,251.20430737691296,188.1850038353382,187.6026063573966,190.4491323017434,210.33240426266408,"0.502, 0.296","0.580, 0.281","0.462, 0.256","0.576, 0.221","0.546, 0.455","0.577, 0.456","0.563, 0.582","0.557, 0.583","0.454, 0.201","0.508, 0.203","0.557, 0.705","0.462, 0.701","0.570, 0.238",Mid-Follow-Through
189,6.306306306306307,210.1114379999679,183.35779460433827,140.4155711117266,251.24862097637148,187.86670205906827,187.22259069234843,190.91246699292012,209.66290227495674,"0.501, 0.296","0.582, 0.281","0.460, 0.256","0.581, 0.226","0.546, 0.456","0.577, 0.456","0.563, 0.582","0.557, 0.583","0.454, 0.202","0.529, 0.210","0.557, 0.705","0.463, 0.701","0.571, 0.238",Mid-Follow-Through
190,6.339673006339673,203.32450516057233,204.8458330995894,166.96585304793135,203.92315894811279,191.6603422418393,190.28108950612452,187.1188502943869,210.2792770338723,"0.514, 0.294","0.569, 0.281","0.474, 0.243","0.544, 0.233","0.557, 0.454","0.576, 0.455","0.564, 0.582","0.558, 0.583","0.456, 0.204","0.513, 0.209","0.556, 0.705","0.465, 0.701","0.569, 0.234",Mid-Follow-Through
191,6.37303970637304,209.65710157243507,198.4546484336218,222.13957416995598,181.15523088432772,184.4558880751436,198.46344148394914,184.29494719271895,212.18512128738604,"0.554, 0.275","0.535, 0.292","0.516, 0.218","0.509, 0.249","0.566, 0.453","0.571, 0.454","0.565, 0.582","0.558, 0.583","0.458, 0.203","0.483, 0.208","0.554, 0.705","0.465, 0.701","0.569, 0.232",Mid-Follow-Through
192,6.406406406406407,223.21029270142614,242.88481841097115,214.87862375140455,105.8606535281387,183.12786940977898,196.40855629570308,179.57487855017783,216.79905697832064,"0.587, 0.267","0.517, 0.296","0.549, 0.223","0.464, 0.285","0.579, 0.452","0.560, 0.453","0.566, 0.582","0.558, 0.583","0.471, 0.203","0.459, 0.219","0.554, 0.708","0.466, 0.702","0.569, 0.230",Mid-Follow-Through
193,6.439773106439773,228.6677901463055,244.81303620679225,208.4728139695926,105.39080143611123,183.14919794411398,195.59336477293954,179.29460178868842,217.46087427153262,"0.589, 0.265","0.515, 0.297","0.546, 0.223","0.463, 0.288","0.580, 0.452","0.558, 0.453","0.566, 0.582","0.558, 0.584","0.474, 0.203","0.457, 0.220","0.554, 0.710","0.466, 0.703","0.567, 0.228",Mid-Follow-Through
194,6.4731398064731405,215.0974661379337,241.4666543782083,230.88948579406494,108.50273188847453,184.6291308872925,195.34096366676926,178.3046722690817,218.30262484868925,"0.592, 0.265","0.512, 0.296","0.559, 0.212","0.460, 0.285","0.583, 0.452","0.556, 0.453","0.566, 0.582","0.558, 0.585","0.480, 0.203","0.453, 0.223","0.554, 0.710","0.466, 0.703","0.564, 0.228",Mid-Follow-Through
195,6.506506506506506,210.8598671916667,239.86230469176365,238.07301621287021,111.82544022670787,183.6311945312564,195.49251392617253,178.8596947350644,218.06608910564105,"0.592, 0.266","0.512, 0.297","0.563, 0.209","0.461, 0.283","0.582, 0.452","0.557, 0.453","0.567, 0.582","0.557, 0.586","0.482, 0.203","0.453, 0.224","0.554, 0.711","0.466, 0.704","0.562, 0.228",Mid-Follow-Through
196,6.539873206539873,205.685821791451,241.8848284530163,240.32615910535137,110.89028768361574,184.21250463101026,196.42083617588523,179.59658081198202,217.62698249080853,"0.587, 0.268","0.512, 0.296","0.562, 0.212","0.465, 0.286","0.581, 0.452","0.558, 0.453","0.567, 0.582","0.557, 0.586","0.485, 0.204","0.455, 0.223","0.554, 0.711","0.466, 0.704","0.561, 0.228",Mid-Follow-Through
197,6.5732399065732405,205.46642127263507,242.37874425327712,240.114283893177,110.46600775977805,183.97283765441838,196.65891039301962,179.96575821118853,217.48465891375756,"0.585, 0.270","0.513, 0.296","0.561, 0.214","0.468, 0.287","0.580, 0.452","0.558, 0.453","0.567, 0.583","0.557, 0.587","0.486, 0.206","0.458, 0.224","0.554, 0.712","0.466, 0.704","0.560, 0.228",Mid-Follow-Through
198,6.606606606606607,206.59944048482598,240.68588048724004,243.2416552649324,107.57385808147563,184.01895725751106,196.61626457933696,179.2831571008715,217.76792598224972,"0.590, 0.269","0.513, 0.297","0.562, 0.209","0.462, 0.285","0.582, 0.452","0.558, 0.453","0.567, 0.583","0.558, 0.587","0.485, 0.205","0.457, 0.224","0.554, 0.712","0.466, 0.704","0.555, 0.228",Mid-Follow-Through
199,6.639973306639973,208.2515826707369,239.74498446119142,241.2828149385821,108.22535268598435,184.3500687220148,196.39954796925588,178.99607180803628,218.08597994237286,"0.591, 0.269","0.512, 0.296","0.562, 0.209","0.461, 0.284","0.583, 0.452","0.558, 0.453","0.567, 0.583","0.557, 0.588","0.486, 0.205","0.457, 0.224","0.554, 0.712","0.466, 0.704","0.554, 0.228",Mid-Follow-Through
200,6.673340006673341,207.70943378860864,239.98767627129982,244.08762484652485,111.21878809435465,184.90382065187,194.7161391573506,178.4247201566167,218.97469032814075,"0.593, 0.268","0.512, 0.296","0.565, 0.207","0.461, 0.283","0.585, 0.452","0.555, 0.453","0.567, 0.583","0.557, 0.588","0.486, 0.206","0.454, 0.226","0.554, 0.712","0.466, 0.704","0.545, 0.230",Mid-Follow-Through
201,6.706706706706707,208.0126679564858,240.20011929214388,243.49924227649598,111.78360841040303,184.99646979654602,194.15301743396427,178.56580734134008,219.2762188034929,"0.593, 0.267","0.512, 0.296","0.565, 0.208","0.461, 0.283","0.585, 0.452","0.554, 0.452","0.568, 0.583","0.557, 0.588","0.486, 0.206","0.454, 0.226","0.554, 0.712","0.466, 0.704","0.546, 0.230",Mid-Follow-Through
202,6.740073406740073,208.59247403859908,240.59617286729957,242.64132233535386,110.09133849207483,184.76970216878334,194.40693036021065,179.05336619537775,219.04017711689943,"0.591, 0.267","0.512, 0.296","0.563, 0.209","0.461, 0.283","0.584, 0.452","0.555, 0.452","0.568, 0.583","0.557, 0.588","0.483, 0.207","0.454, 0.226","0.554, 0.714","0.466, 0.705","0.547, 0.230",Mid-Follow-Through
203,6.773440106773441,208.85668812590654,240.20934414744815,241.94489560193017,110.47822302910716,184.79479886528677,194.7420561113883,179.31365935073978,218.81928363402548,"0.590, 0.267","0.512, 0.296","0.561, 0.210","0.461, 0.283","0.584, 0.452","0.556, 0.452","0.568, 0.583","0.558, 0.589","0.481, 0.209","0.455, 0.226","0.554, 0.715","0.466, 0.706","0.547, 0.229",Mid-Follow-Through
204,6.806806806806807,213.2083198336036,240.4157631229308,236.9975237531552,108.45846991732314,184.7740934321382,194.5179478985951,179.27855900361143,219.05754802713665,"0.591, 0.267","0.513, 0.296","0.559, 0.216","0.459, 0.283","0.584, 0.453","0.556, 0.453","0.568, 0.585","0.558, 0.590","0.484, 0.213","0.455, 0.225","0.554, 0.716","0.466, 0.706","0.554, 0.228",Mid-Follow-Through
205,6.8401735068401734,215.93952676228912,240.6189010537806,232.90696928753982,106.9715421674744,184.94665699810545,194.28835464745748,179.09836083344774,219.36150629748025,"0.591, 0.267","0.513, 0.297","0.559, 0.219","0.458, 0.283","0.584, 0.454","0.556, 0.454","0.568, 0.586","0.558, 0.591","0.486, 0.215","0.456, 0.225","0.554, 0.716","0.466, 0.706","0.557, 0.227",Finish
206,6.873540206873541,226.6964350873601,240.8478350944696,214.82379293184422,108.5030492978086,185.06541023355211,193.79327514865736,179.1625186902632,219.16555775127364,"0.591, 0.268","0.515, 0.298","0.553, 0.231","0.460, 0.284","0.584, 0.455","0.556, 0.455","0.568, 0.586","0.557, 0.591","0.478, 0.217","0.456, 0.224","0.554, 0.716","0.466, 0.706","0.561, 0.226",Finish
207,6.906906906906907,230.53098426453857,241.16966135773106,209.85318822287383,107.986525366649,185.1541852468224,193.83151622616583,179.28940104955427,218.81698347418836,"0.590, 0.268","0.516, 0.299","0.549, 0.232","0.461, 0.284","0.584, 0.455","0.556, 0.455","0.568, 0.587","0.557, 0.591","0.474, 0.217","0.457, 0.223","0.554, 0.716","0.467, 0.706","0.565, 0.224",Finish
208,6.9402736069402735,224.07531609269893,241.73655042978942,219.86598995463908,106.93615981863312,184.9815851382415,194.31982171320138,179.5586286849728,218.5008836131095,"0.590, 0.267","0.516, 0.299","0.554, 0.228","0.461, 0.285","0.584, 0.455","0.557, 0.455","0.568, 0.586","0.557, 0.591","0.475, 0.217","0.457, 0.223","0.554, 0.716","0.467, 0.706","0.567, 0.224",Finish
209,6.973640306973641,221.65655579342203,241.65230683316258,224.13234720604544,107.14017194989877,184.66585070599967,194.51145848075015,179.7619263158996,218.37585223699412,"0.591, 0.267","0.515, 0.299","0.557, 0.225","0.461, 0.286","0.584, 0.454","0.557, 0.454","0.568, 0.586","0.557, 0.591","0.475, 0.216","0.457, 0.223","0.553, 0.716","0.467, 0.707","0.568, 0.224",Finish
210,7.007007007007007,218.62326837778937,241.5049067692769,229.86107907216618,106.39434947864284,184.34553152408049,194.65253764750366,179.75984257449824,218.15564230885508,"0.593, 0.266","0.515, 0.298","0.561, 0.222","0.462, 0.285","0.584, 0.454","0.557, 0.454","0.568, 0.586","0.557, 0.590","0.476, 0.216","0.458, 0.224","0.553, 0.716","0.467, 0.707","0.567, 0.224",Finish
211,7.0403737070403745,218.62044950056244,241.1384796336782,229.72019999068658,105.92006487020626,184.26282160559052,194.8012857995922,179.9108742155151,217.97607470033128,"0.592, 0.266","0.515, 0.298","0.561, 0.222","0.462, 0.285","0.584, 0.454","0.557, 0.454","0.569, 0.586","0.557, 0.590","0.476, 0.216","0.460, 0.224","0.553, 0.716","0.467, 0.707","0.567, 0.224",Finish
212,7.073740407073741,219.64130271472322,241.86752843467036,227.30415749161966,104.41675947921128,185.45325327589066,194.45334699983542,179.1772718323718,218.33154380814037,"0.593, 0.266","0.514, 0.298","0.560, 0.224","0.461, 0.286","0.586, 0.455","0.556, 0.454","0.569, 0.586","0.557, 0.590","0.479, 0.216","0.460, 0.223","0.553, 0.716","0.467, 0.707","0.567, 0.225",Finish
213,7.107107107107107,220.347079045631,242.38357292365203,225.544189505713,103.3902737345339,185.99499698291532,194.25803449928557,179.0004140233077,218.58241617572116,"0.593, 0.267","0.514, 0.298","0.559, 0.225","0.460, 0.286","0.587, 0.455","0.556, 0.455","0.569, 0.586","0.557, 0.591","0.480, 0.217","0.459, 0.223","0.553, 0.716","0.467, 0.707","0.566, 0.225",Finish
214,7.1404738071404745,231.0289206501392,242.63229123703408,207.54522159630332,102.86385984959797,186.1166926641552,194.15288549882084,179.23897291881093,218.64252132970532,"0.593, 0.268","0.514, 0.298","0.553, 0.233","0.460, 0.286","0.587, 0.456","0.556, 0.456","0.568, 0.587","0.557, 0.591","0.484, 0.217","0.460, 0.222","0.552, 0.716","0.467, 0.707","0.568, 0.225",Finish
215,7.173840507173841,234.27691403713573,242.84943070425055,200.98501849087884,102.25314792389104,186.22540578080586,194.06416030743955,179.19779882486353,218.81150196115084,"0.593, 0.268","0.514, 0.298","0.551, 0.236","0.459, 0.286","0.587, 0.457","0.556, 0.457","0.568, 0.587","0.557, 0.591","0.487, 0.217","0.460, 0.221","0.552, 0.716","0.467, 0.707","0.567, 0.225",Finish
216,7.207207207207207,215.90899256081946,245.08343912085147,227.20798244923188,99.30807357807458,185.97618341182854,194.17497792153387,179.30498744566907,218.79727995979408,"0.593, 0.270","0.514, 0.298","0.565, 0.228","0.457, 0.288","0.587, 0.457","0.556, 0.457","0.569, 0.588","0.557, 0.591","0.492, 0.216","0.458, 0.221","0.552, 0.719","0.467, 0.707","0.567, 0.224",Finish
217,7.240573907240575,211.75256638459416,246.039430728089,231.97706218132288,98.04747878260933,185.85465979156294,194.19875638640823,179.4314875654939,218.7987488290062,"0.593, 0.271","0.514, 0.298","0.568, 0.227","0.455, 0.288","0.587, 0.457","0.556, 0.457","0.569, 0.588","0.557, 0.591","0.494, 0.216","0.457, 0.221","0.552, 0.720","0.467, 0.707","0.566, 0.224",Finish
218,7.273940607273941,207.05391242839576,245.733178156089,239.4908909014553,98.43277359677884,185.7153627457562,194.47153201176246,179.78857467644502,218.6326831924652,"0.593, 0.271","0.514, 0.298","0.571, 0.223","0.456, 0.288","0.587, 0.457","0.556, 0.457","0.569, 0.588","0.557, 0.591","0.493, 0.216","0.457, 0.221","0.552, 0.719","0.467, 0.707","0.566, 0.223",Finish
219,7.307307307307307,204.8433064051222,245.42036017806237,243.41387560249498,98.89064648007,185.5780754568951,194.5540421485576,180.16766924910095,218.67035881065215,"0.593, 0.271","0.514, 0.298","0.572, 0.221","0.456, 0.288","0.587, 0.457","0.556, 0.457","0.570, 0.588","0.557, 0.591","0.493, 0.216","0.457, 0.221","0.552, 0.718","0.467, 0.707","0.566, 0.223",Finish
220,7.340674007340675,204.02867002230184,245.23726980479236,245.13135563277731,99.21652964745475,185.4709445928568,194.67172000636776,180.4350949122049,218.65474442338837,"0.593, 0.271","0.514, 0.298","0.572, 0.220","0.456, 0.288","0.587, 0.457","0.557, 0.457","0.570, 0.588","0.557, 0.591","0.493, 0.216","0.456, 0.221","0.552, 0.717","0.466, 0.707","0.565, 0.223",Finish
221,7.374040707374041,203.2225191007659,245.06807475159246,246.52175435748183,99.27273648765009,185.47400939063579,194.8051080574664,180.5050308813622,218.6238705925791,"0.593, 0.271","0.514, 0.298","0.573, 0.219","0.456, 0.288","0.587, 0.457","0.557, 0.457","0.570, 0.588","0.557, 0.591","0.493, 0.216","0.456, 0.220","0.553, 0.716","0.466, 0.707","0.565, 0.223",Finish
222,7.407407407407407,202.8814045572741,244.8182085730079,246.774511642703,99.56522920721122,185.50111100280523,195.03378369377145,180.53774075452748,218.4126155374229,"0.593, 0.272","0.514, 0.298","0.573, 0.219","0.456, 0.288","0.587, 0.457","0.557, 0.457","0.570, 0.588","0.557, 0.592","0.493, 0.216","0.456, 0.220","0.553, 0.716","0.466, 0.707","0.566, 0.223",Finish
223,7.440774107440775,202.69645672267612,244.69616118397022,246.89173646465412,99.84653481616007,185.5833967532855,195.10532136008345,180.5032186144872,218.36295445463006,"0.593, 0.272","0.514, 0.298","0.573, 0.219","0.456, 0.288","0.587, 0.458","0.557, 0.457","0.570, 0.588","0.557, 0.592","0.493, 0.216","0.456, 0.220","0.553, 0.715","0.466, 0.707","0.565, 0.223",Finish
224,7.474140807474141,202.52871331330758,244.38551568298715,246.9427130662529,100.15800942935691,185.65371738950526,195.38102265126258,180.4610031331923,218.20038760507106,"0.593, 0.272","0.514, 0.298","0.572, 0.219","0.456, 0.288","0.587, 0.458","0.558, 0.458","0.570, 0.588","0.557, 0.592","0.493, 0.216","0.456, 0.220","0.553, 0.715","0.466, 0.707","0.565, 0.223",Finish
225,7.5075075075075075,202.07202685382396,244.25168747428728,247.3733818648487,100.36242242682238,185.66283516601877,195.51463637918184,180.43242672505784,218.11046268720332,"0.593, 0.272","0.514, 0.298","0.573, 0.219","0.456, 0.288","0.587, 0.458","0.558, 0.458","0.570, 0.588","0.557, 0.592","0.493, 0.216","0.456, 0.220","0.553, 0.715","0.466, 0.707","0.565, 0.223",Finish
226,7.540874207540875,201.72966975053492,244.21666980463428,247.78886454921883,100.55910841203334,185.67650176966825,195.53642226110952,180.3943932162387,218.11761207998387,"0.593, 0.272","0.514, 0.298","0.573, 0.218","0.456, 0.288","0.587, 0.458","0.558, 0.458","0.571, 0.588","0.557, 0.592","0.494, 0.216","0.456, 0.220","0.553, 0.714","0.466, 0.707","0.565, 0.223",Finish
227,7.574240907574241,201.58156683720364,244.1828721012723,247.95099191586988,100.66344162098036,185.68186814439716,195.58950420749792,180.3732848358524,218.0967425440916,"0.593, 0.272","0.514, 0.298","0.573, 0.218","0.456, 0.287","0.587, 0.458","0.558, 0.458","0.571, 0.588","0.557, 0.592","0.494, 0.216","0.456, 0.220","0.554, 0.714","0.465, 0.707","0.565, 0.223",Finish
228,7.607607607607608,215.2180983866533,242.87057534632166,222.69330985124344,102.6532907572022,185.3366070872223,195.92304151645806,180.50075060588486,217.72321007307653,"0.593, 0.273","0.515, 0.299","0.567, 0.234","0.458, 0.287","0.587, 0.458","0.558, 0.458","0.570, 0.588","0.557, 0.592","0.494, 0.216","0.457, 0.219","0.554, 0.714","0.465, 0.708","0.566, 0.223",Finish
229,7.640974307640975,212.65287898754525,242.11098309912285,227.27694178810893,103.51787353474224,185.23293713669855,196.061528231327,180.4629111681956,217.54330804930242,"0.593, 0.274","0.515, 0.299","0.567, 0.232","0.458, 0.286","0.587, 0.458","0.558, 0.458","0.570, 0.588","0.557, 0.592","0.494, 0.216","0.457, 0.219","0.554, 0.714","0.465, 0.708","0.566, 0.223",Finish
230,7.674341007674341,217.66999572160475,241.5506044982115,218.76311520736002,104.01509631405413,185.06008431459534,196.27751157525063,180.50792930436558,217.38534576636837,"0.592, 0.274","0.515, 0.299","0.565, 0.236","0.458, 0.286","0.586, 0.458","0.559, 0.458","0.570, 0.588","0.557, 0.592","0.494, 0.216","0.457, 0.219","0.554, 0.714","0.465, 0.708","0.567, 0.223",Finish
231,7.707707707707708,219.86966237081123,241.09287380779978,214.630658734874,104.54828726994474,184.87443569506513,196.46899501681875,180.53971468636792,217.26125923162817,"0.592, 0.275","0.515, 0.299","0.564, 0.239","0.459, 0.286","0.586, 0.458","0.559, 0.458","0.570, 0.588","0.557, 0.592","0.494, 0.217","0.457, 0.219","0.554, 0.714","0.465, 0.708","0.567, 0.223",Finish
232,7.741074407741075,222.61903582960525,240.55030008359145,209.2967511556936,105.12038867000841,184.70793044312654,196.78563966478754,180.58213927968694,217.03700844344547,"0.592, 0.275","0.515, 0.299","0.564, 0.242","0.460, 0.286","0.586, 0.458","0.559, 0.458","0.570, 0.588","0.557, 0.592","0.496, 0.217","0.458, 0.219","0.554, 0.714","0.465, 0.708","0.567, 0.223",Finish
233,7.774441107774441,223.25473583834452,240.41456978943157,208.0418498365913,105.21975028752598,184.6973997807236,196.8756497175198,180.55760717809358,216.96009270432197,"0.592, 0.275","0.515, 0.299","0.565, 0.243","0.460, 0.286","0.585, 0.458","0.559, 0.458","0.570, 0.588","0.557, 0.592","0.497, 0.218","0.458, 0.219","0.554, 0.714","0.465, 0.709","0.567, 0.223",Finish
234,7.807807807807809,225.07086893332607,240.25402892507523,205.87124272338357,105.26381129055609,184.61148039978488,197.0500878295658,180.58212971182033,216.783227049741,"0.592, 0.275","0.515, 0.299","0.564, 0.245","0.460, 0.286","0.585, 0.458","0.560, 0.458","0.570, 0.588","0.557, 0.593","0.496, 0.218","0.459, 0.219","0.554, 0.714","0.465, 0.709","0.567, 0.223",Finish
235,7.841174507841175,222.07546366009316,240.3162303606449,209.63978482186118,105.04637588342982,184.63657063014122,197.07784111158642,180.56304613176823,216.687727563249,"0.592, 0.275","0.515, 0.299","0.566, 0.244","0.460, 0.286","0.585, 0.458","0.560, 0.459","0.570, 0.588","0.556, 0.593","0.497, 0.219","0.459, 0.219","0.554, 0.714","0.465, 0.709","0.568, 0.223",Finish
236,7.874541207874541,221.34178592585067,240.35648378289562,211.308512648537,104.83221996965253,184.66162653885942,197.0715153031288,180.54896170229702,216.63815473627966,"0.592, 0.275","0.515, 0.299","0.566, 0.244","0.460, 0.286","0.585, 0.458","0.560, 0.459","0.570, 0.588","0.556, 0.593","0.496, 0.219","0.459, 0.219","0.554, 0.714","0.465, 0.709","0.568, 0.223",Finish
237,7.907907907907909,220.60515521481972,240.3938222842232,212.5885758915252,104.67446481317917,184.7185248133146,197.07628355008615,180.52694825542903,216.60067754099447,"0.592, 0.275","0.515, 0.299","0.567, 0.243","0.460, 0.286","0.585, 0.458","0.560, 0.459","0.570, 0.589","0.556, 0.593","0.495, 0.219","0.459, 0.219","0.554, 0.714","0.465, 0.709","0.568, 0.223",Finish
238,7.941274607941275,219.31299433989915,240.5121851821199,214.4071538797904,104.47067157078571,184.76264934014324,197.05699741696975,180.4985143556123,216.5669941561605,"0.592, 0.275","0.515, 0.299","0.568, 0.243","0.460, 0.286","0.585, 0.458","0.559, 0.459","0.570, 0.589","0.556, 0.593","0.494, 0.219","0.459, 0.219","0.554, 0.714","0.465, 0.709","0.568, 0.222",Finish
239,7.974641307974641,217.6737222732709,240.6264164319369,216.47692848676152,104.20315172865021,184.81036296755795,197.02867176844111,180.46967774774657,216.54623690975552,"0.592, 0.275","0.515, 0.299","0.569, 0.243","0.460, 0.286","0.585, 0.458","0.559, 0.459","0.570, 0.589","0.556, 0.593","0.494, 0.219","0.459, 0.219","0.554, 0.714","0.465, 0.709","0.568, 0.222",Finish
240,8.008008008008009,225.5289317754411,240.57765169360573,205.3033409787288,104.8371812422164,185.02729510619926,197.44633736677613,180.2231562221572,216.13497550493116,"0.591, 0.275","0.515, 0.299","0.564, 0.246","0.461, 0.286","0.585, 0.458","0.560, 0.459","0.569, 0.589","0.556, 0.593","0.492, 0.219","0.459, 0.219","0.554, 0.714","0.466, 0.709","0.568, 0.222",Finish
241,8.041374708041374,226.1924943484971,240.8392869588167,203.08673916324494,104.60498330803304,185.2162776080906,197.4651131013226,180.1064884714373,216.04506474260623,"0.591, 0.275","0.515, 0.299","0.564, 0.248","0.461, 0.286","0.585, 0.458","0.560, 0.459","0.569, 0.589","0.556, 0.593","0.495, 0.219","0.459, 0.219","0.553, 0.714","0.466, 0.709","0.569, 0.222",Finish
242,8.074741408074741,225.3955639252308,241.04712101076652,203.58311471907646,104.41448106403948,185.3324704455318,197.45599869694072,180.00794671790516,216.01147217067174,"0.591, 0.275","0.515, 0.299","0.565, 0.248","0.461, 0.286","0.585, 0.458","0.560, 0.459","0.569, 0.589","0.556, 0.593","0.497, 0.219","0.459, 0.219","0.553, 0.714","0.466, 0.709","0.569, 0.222",Finish
243,8.108108108108109,226.54049449312757,241.2958370925529,202.78605465281083,104.17708080380399,185.41798231242984,197.44807442470443,179.95511453874124,215.94746866162225,"0.591, 0.275","0.515, 0.299","0.563, 0.247","0.461, 0.286","0.585, 0.458","0.560, 0.459","0.569, 0.589","0.556, 0.593","0.495, 0.219","0.459, 0.219","0.553, 0.714","0.466, 0.709","0.569, 0.221",Finish
244,8.141474808141476,226.28872524534728,241.48058909191352,203.42364236727937,104.0068641550623,185.48414364554014,197.45144406759158,179.91718697603037,215.89441689962763,"0.591, 0.275","0.515, 0.299","0.563, 0.247","0.461, 0.287","0.585, 0.458","0.560, 0.459","0.569, 0.589","0.556, 0.593","0.494, 0.219","0.459, 0.219","0.553, 0.714","0.466, 0.709","0.569, 0.221",Finish
245,8.174841508174842,226.04487828960552,241.56098632209248,203.87617353065193,103.90931352683553,185.54228264867632,197.46591485565216,179.87330598945314,215.85428875031977,"0.591, 0.275","0.515, 0.299","0.564, 0.247","0.461, 0.287","0.585, 0.458","0.560, 0.459","0.569, 0.589","0.556, 0.593","0.493, 0.219","0.459, 0.219","0.553, 0.714","0.467, 0.709","0.569, 0.221",Finish
246,8.208208208208209,226.81623091112317,241.6046981868453,203.0066354406053,103.87376467090107,185.61873864690887,197.5154271093722,179.8136885688005,215.7877514952835,"0.591, 0.275","0.515, 0.299","0.563, 0.247","0.461, 0.287","0.585, 0.458","0.560, 0.459","0.569, 0.589","0.556, 0.593","0.493, 0.219","0.459, 0.219","0.553, 0.714","0.467, 0.709","0.569, 0.221",Finish
247,8.241574908241576,227.1897636587223,241.63812259802359,202.70857736211562,103.85725695578337,185.6647166504133,197.5230101427424,179.76344390877634,215.74810476832715,"0.591, 0.274","0.515, 0.299","0.562, 0.247","0.461, 0.287","0.585, 0.458","0.560, 0.459","0.569, 0.589","0.556, 0.593","0.492, 0.219","0.459, 0.219","0.553, 0.714","0.467, 0.709","0.569, 0.221",Finish
248,8.274941608274942,227.05872948504555,241.6564761913976,203.14587219305136,103.84943311882878,185.682560846357,197.5405165577095,179.74013346468098,215.71545380309036,"0.590, 0.274","0.515, 0.299","0.562, 0.246","0.461, 0.287","0.585, 0.458","0.560, 0.459","0.569, 0.589","0.556, 0.593","0.492, 0.219","0.459, 0.219","0.553, 0.714","0.467, 0.709","0.569, 0.221",Finish
249,8.308308308308309,226.87838328325677,241.7017112656852,203.46595401014176,103.79749074256537,185.70181796077645,197.5462860819544,179.72052539973785,215.70271716401223,"0.590, 0.274","0.515, 0.299","0.562, 0.246","0.461, 0.287","0.585, 0.458","0.560, 0.459","0.569, 0.589","0.556, 0.593","0.492, 0.219","0.459, 0.219","0.553, 0.714","0.467, 0.709","0.569, 0.221",Finish
250,8.341675008341676,226.53535188824966,241.75988473006913,203.92620642743697,103.73813903888679,185.7430478727912,197.51761123845293,179.68969711004831,215.69813119141912,"0.590, 0.274","0.515, 0.299","0.562, 0.246","0.461, 0.287","0.585, 0.458","0.560, 0.459","0.569, 0.589","0.556, 0.593","0.492, 0.219","0.459, 0.219","0.553, 0.714","0.467, 0.709","0.569, 0.221",Finish
