Time,Left Shoulder Angle,Right Shoulder Angle,Left Elbow Angle,Right Elbow Angle,Left Hip Angle,Right Hip Angle,Left Knee Angle,Right Knee Angle,"x, y Left Shoulder","x, y Right Shoulder","x, y Left Elbow","x, y Right Elbow","x, y Left Hip","x, y Right Hip","x, y Left Knee","x, y Right Knee","x, y Left Wrist","x, y Right Wrist","x, y Left Ankle","x, y Right Ankle","x, y Nose",Left Shoulder X,Left Shoulder Y,Right Shoulder X,Right Shoulder Y,Left Hip X,Left Hip Y,Right Hip X,Right Hip Y,Spine Shoulder X,Spine Shoulder Y,Spine Hip X,Spine Hip Y,Spine Angle,Leaning
0.0,4.611524304354726,7.061823754679653,181.7555667699408,187.2540233486155,167.9215546555033,208.87430875957344,183.91546881702357,169.54468704294163,"0.527574360370636, 0.35173651576042175","0.42068153619766235, 0.3790477514266968","0.5164074897766113, 0.44610634446144104","0.4561610817909241, 0.46135029196739197","0.5196938514709473, 0.5199330449104309","0.4575582444667816, 0.5200175642967224","0.5411509275436401, 0.6462492942810059","0.42621809244155884, 0.6441154479980469","0.5035408139228821, 0.5306462049484253","0.47863084077835083, 0.5502227544784546","0.5528932213783264, 0.7748628258705139","0.41728273034095764, 0.7863743305206299","0.46051400899887085, 0.33889299631118774",0.527574360370636,0.35173651576042175,0.42068153619766235,0.3790477514266968,0.5196938514709473,0.5199330449104309,0.4575582444667816,0.5200175642967224,0.47412794828414917,0.36539213359355927,0.48862604796886444,0.5199753046035767,-95.35800286760373,Forward
0.0333667000333667,4.371989688953705,6.765555461909683,182.55537032580676,186.98691901606728,167.8485717059113,208.44746046322453,184.17835055521925,170.00333591207118,"0.5283435583114624, 0.35108762979507446","0.42127329111099243, 0.37737661600112915","0.5168007612228394, 0.44613704085350037","0.4540529251098633, 0.46118465065956116","0.5199865102767944, 0.5162069201469421","0.4574829041957855, 0.5153982043266296","0.5416346788406372, 0.646661639213562","0.4262368083000183, 0.643903374671936","0.5020056962966919, 0.5312069058418274","0.47691068053245544, 0.5503109693527222","0.5529028177261353, 0.7779269218444824","0.4165492653846741, 0.7829462289810181","0.46019235253334045, 0.3388802111148834",0.5283435583114624,0.35108762979507446,0.42127329111099243,0.37737661600112915,0.5199865102767944,0.5162069201469421,0.4574829041957855,0.5153982043266296,0.4748084247112274,0.3642321228981018,0.48873470723629,0.5158025622367859,-95.24959353995683,Forward
0.0667334000667334,4.159817515709026,6.480927104022996,183.3077416697704,186.68360081547357,167.7850088590641,208.049696895671,184.39635529656093,170.4073474605688,"0.5288461446762085, 0.35011985898017883","0.4220191538333893, 0.3759753406047821","0.5168277025222778, 0.4460691511631012","0.4532659947872162, 0.4605931341648102","0.5201464891433716, 0.5135935544967651","0.4574955403804779, 0.5131341218948364","0.5416836142539978, 0.6464369893074036","0.42633357644081116, 0.6436947584152222","0.5009893774986267, 0.5316336750984192","0.4763568043708801, 0.5504065752029419","0.5529732704162598, 0.7800898551940918","0.416189581155777, 0.7821201086044312","0.46037912368774414, 0.3391304612159729",0.5288461446762085,0.35011985898017883,0.4220191538333893,0.3759753406047821,0.5201464891433716,0.5135935544967651,0.4574955403804779,0.5131341218948364,0.4754326492547989,0.36304759979248047,0.48882101476192474,0.5133638381958008,-95.08978910106309,Forward
0.1001001001001001,3.973571335090688,6.207907729006305,184.0128920801284,186.3473376009359,167.7298161826617,207.6791472705136,184.57220354547096,170.75980080876977,"0.5291363000869751, 0.3501347005367279","0.4223558306694031, 0.37530234456062317","0.5169183015823364, 0.4467064440250397","0.45294561982154846, 0.460618257522583","0.5205462574958801, 0.5125072002410889","0.45786184072494507, 0.5120619535446167","0.541804850101471, 0.6453303098678589","0.4263877272605896, 0.6435858607292175","0.5005670785903931, 0.5321489572525024","0.47627606987953186, 0.5510903596878052","0.5530425310134888, 0.779949963092804","0.4161378741264343, 0.7814239859580994","0.46142736077308655, 0.3400944769382477",0.5291363000869751,0.3501347005367279,0.4223558306694031,0.37530234456062317,0.5205462574958801,0.5125072002410889,0.45786184072494507,0.5120619535446167,0.4757460653781891,0.36271852254867554,0.4892040491104126,0.5122845768928528,-95.14163930939208,Forward
0.1334668001334668,3.8118146975686926,5.946466384846319,184.6710328351776,185.9813982265559,167.6819437444041,207.33394080135324,184.70861580637177,171.06377507700927,"0.5291430950164795, 0.3501525819301605","0.42246049642562866, 0.37441855669021606","0.5171887278556824, 0.4478085935115814","0.4528573453426361, 0.46060657501220703","0.5206218957901001, 0.5129134654998779","0.45786112546920776, 0.51252281665802","0.5419284105300903, 0.6452881097793579","0.4264013171195984, 0.6443268656730652","0.5005548000335693, 0.5321568846702576","0.4762440323829651, 0.5511348843574524","0.5530366897583008, 0.7798694372177124","0.41614049673080444, 0.7811984419822693","0.4619074761867523, 0.34008869528770447",0.5291430950164795,0.3501525819301605,0.42246049642562866,0.37441855669021606,0.5206218957901001,0.5129134654998779,0.45786112546920776,0.51252281665802,0.4758017957210541,0.3622855693101883,0.48924151062965393,0.512718141078949,-95.10527703254115,Forward
0.1668335001668335,3.67311115361304,5.696572119529752,185.2823752132145,185.5890515464352,167.6403416119913,207.01220670179063,184.80831258368585,171.32234938562254,"0.5291343927383423, 0.35015392303466797","0.42253178358078003, 0.37386244535446167","0.5172790288925171, 0.44783440232276917","0.45276421308517456, 0.46060800552368164","0.5205816030502319, 0.5131360292434692","0.456946462392807, 0.5125879049301147","0.5419602394104004, 0.6453109979629517","0.4263119101524353, 0.645127534866333","0.4993211328983307, 0.5308762788772583","0.47625732421875, 0.5519419312477112","0.5530396699905396, 0.7800837755203247","0.4161457121372223, 0.7811111211776733","0.46242713928222656, 0.34008339047431946",0.5291343927383423,0.35015392303466797,0.42253178358078003,0.37386244535446167,0.5205816030502319,0.5131360292434692,0.456946462392807,0.5125879049301147,0.47583308815956116,0.3620081841945648,0.48876403272151947,0.512861967086792,-94.8993263368785,Forward
0.2002002002002002,3.5560242536937303,5.458193981043315,185.84713049253597,185.17356641467524,167.60395985312326,206.71207418542664,184.8740143818356,171.53860285494483,"0.5291277170181274, 0.350134938955307","0.4225994646549225, 0.3734568655490875","0.5174146890640259, 0.44784003496170044","0.4525388777256012, 0.4606054425239563","0.5205830335617065, 0.5133556127548218","0.45660677552223206, 0.5128101110458374","0.5419865846633911, 0.6452854871749878","0.42627644538879395, 0.645426869392395","0.49851322174072266, 0.5301764607429504","0.4759949743747711, 0.5523638725280762","0.553040623664856, 0.780219316482544","0.4161774218082428, 0.7811018228530884","0.46252185106277466, 0.340004026889801",0.5291277170181274,0.350134938955307,0.4225994646549225,0.3734568655490875,0.5205830335617065,0.5133556127548218,0.45660677552223206,0.5128101110458374,0.47586359083652496,0.36179590225219727,0.4885949045419693,0.5130828619003296,-94.81030145887928,Forward
0.2335669002335669,3.4591175482807643,5.231301017373718,186.36550995143853,184.7382116853777,167.57174853549998,206.431672465862,184.90844170524343,171.7156146053113,"0.5291252136230469, 0.3501909375190735","0.42295321822166443, 0.3732507824897766","0.5175795555114746, 0.44848355650901794","0.4524599611759186, 0.46061450242996216","0.520571231842041, 0.5134276151657104","0.4564116597175598, 0.5128777027130127","0.5421062707901001, 0.6453388929367065","0.4262758195400238, 0.6457066535949707","0.49775370955467224, 0.5302285552024841","0.4757457375526428, 0.5527336001396179","0.5530440807342529, 0.7804251313209534","0.4161943793296814, 0.7810356020927429","0.4626255929470062, 0.340190589427948",0.5291252136230469,0.3501909375190735,0.42295321822166443,0.3732507824897766,0.520571231842041,0.5134276151657104,0.4564116597175598,0.5128777027130127,0.47603921592235565,0.36172086000442505,0.4884914457798004,0.5131526589393616,-94.70085299514948,Forward
0.2669336002669336,3.3809545878441427,5.015862276507674,186.83772486821903,184.2862562126442,167.54265772682146,206.1691307566976,184.91431505833185,171.85646375705718,"0.5292401909828186, 0.35019364953041077","0.4230213165283203, 0.3730182945728302","0.5173243284225464, 0.44891151785850525","0.4524739384651184, 0.46084165573120117","0.5205682516098022, 0.5132448077201843","0.4561236500740051, 0.513075053691864","0.5421010255813599, 0.6441718935966492","0.4263215959072113, 0.6456974148750305","0.49632734060287476, 0.5303076505661011","0.47596263885498047, 0.5537917613983154","0.5530450344085693, 0.7804768085479736","0.41623562574386597, 0.7809857130050659","0.4626195430755615, 0.3406219184398651",0.5292401909828186,0.35019364953041077,0.4230213165283203,0.3730182945728302,0.5205682516098022,0.5132448077201843,0.4561236500740051,0.513075053691864,0.47613075375556946,0.3616059720516205,0.4883459508419037,0.5131599307060242,-94.60805895286262,Forward
0.3003003003003003,3.320098922853865,4.811846806431895,187.26398652117408,183.8209688505762,167.51563749478768,205.92257827153412,184.8943549455232,171.96422943051775,"0.5292410254478455, 0.35005590319633484","0.42302876710891724, 0.3727770447731018","0.5174846649169922, 0.44889336824417114","0.45248666405677795, 0.4608427584171295","0.52048659324646, 0.5133504271507263","0.4556857943534851, 0.5132441520690918","0.5420000553131104, 0.6430230140686035","0.42632046341896057, 0.6458494067192078","0.4963919222354889, 0.5301076769828796","0.47597044706344604, 0.553687334060669","0.5530201196670532, 0.7805670499801636","0.4162522852420807, 0.7809789180755615","0.4628307819366455, 0.34056928753852844",0.5292410254478455,0.35005590319633484,0.42302876710891724,0.3727770447731018,0.52048659324646,0.5133504271507263,0.4556857943534851,0.5132441520690918,0.47613489627838135,0.3614164739847183,0.48808619379997253,0.5132972896099091,-94.49925694556399,Forward
0.333667000333667,3.275114103779934,4.619223655133091,187.6445061886004,183.3456184532754,167.48963790709865,205.6901442239725,184.85128187124,172.04199074602815,"0.5292394757270813, 0.3500753939151764","0.423027902841568, 0.3724425435066223","0.5175098776817322, 0.44888249039649963","0.4524118900299072, 0.4608215391635895","0.5202163457870483, 0.5125354528427124","0.455349862575531, 0.5127266645431519","0.5417003035545349, 0.6411069631576538","0.42638009786605835, 0.6456938982009888","0.4967491030693054, 0.5301584005355835","0.475926011800766, 0.5536416172981262","0.5530115365982056, 0.7806545495986938","0.41628900170326233, 0.7809969186782837","0.46285438537597656, 0.3405804932117462",0.5292394757270813,0.3500753939151764,0.423027902841568,0.3724425435066223,0.5202163457870483,0.5125354528427124,0.455349862575531,0.5127266645431519,0.47613368928432465,0.36125896871089935,0.4877831041812897,0.5126310586929321,-94.40074027864317,Forward
0.3670337003670337,3.244563681092348,4.437961870597975,187.97949514879463,182.8634738748433,167.46360903145433,205.4699578276135,184.78781633990465,172.09282682392364,"0.5292084217071533, 0.35007962584495544","0.4230828285217285, 0.3723888397216797","0.517520010471344, 0.44946208596229553","0.4523760676383972, 0.4611755311489105","0.519978404045105, 0.5119126439094543","0.4553549289703369, 0.5119931697845459","0.5414630770683289, 0.6397876739501953","0.4264206886291504, 0.64548259973526","0.4968666136264801, 0.5314720869064331","0.4758119583129883, 0.5536271333694458","0.5530110597610474, 0.7806342840194702","0.41629576683044434, 0.7810133695602417","0.46284905076026917, 0.34114864468574524",0.5292084217071533,0.35007962584495544,0.4230828285217285,0.3723888397216797,0.519978404045105,0.5119126439094543,0.4553549289703369,0.5119931697845459,0.4761456251144409,0.36123423278331757,0.48766666650772095,0.5119529068470001,-94.3712289272517,Forward
0.4004004004004004,3.227011205261108,4.268030500813257,188.26916468005356,182.37780396938155,167.43650093555473,205.26014829605788,184.7066788559396,172.11981678453947,"0.5287123918533325, 0.35009533166885376","0.42309755086898804, 0.37238410115242004","0.5172151327133179, 0.4494965672492981","0.4523484706878662, 0.462577760219574","0.519933819770813, 0.5099211931228638","0.4555196166038513, 0.5105794668197632","0.5413976907730103, 0.6388968229293823","0.4265146851539612, 0.6451576352119446","0.49689754843711853, 0.5324609875679016","0.476091206073761, 0.5546559691429138","0.5530065298080444, 0.780592679977417","0.4163379669189453, 0.7810264825820923","0.4629031717777252, 0.3416660726070404",0.5287123918533325,0.35009533166885376,0.42309755086898804,0.37238410115242004,0.519933819770813,0.5099211931228638,0.4555196166038513,0.5105794668197632,0.4759049713611603,0.3612397164106369,0.48772671818733215,0.5102503299713135,-94.53605597303009,Forward
0.4337671004337671,3.221020226756215,4.109398593765649,188.51372606067372,181.89187759099167,167.40726368709986,205.05884484290647,184.6105899237672,172.1260397482108,"0.5283914804458618, 0.35007697343826294","0.42306479811668396, 0.3723803758621216","0.517168402671814, 0.44977957010269165","0.45213013887405396, 0.4643893837928772","0.5199231505393982, 0.5100063681602478","0.4555250108242035, 0.5107019543647766","0.5411590337753296, 0.6390928030014038","0.4264882504940033, 0.6451873779296875","0.4972686171531677, 0.5329840183258057","0.47617387771606445, 0.5550752878189087","0.5530061721801758, 0.780604362487793","0.4164586663246155, 0.7810356020927429","0.46289652585983276, 0.3416537642478943",0.5283914804458618,0.35007697343826294,0.42306479811668396,0.3723803758621216,0.5199231505393982,0.5100063681602478,0.4555250108242035,0.5107019543647766,0.4757281392812729,0.36122867465019226,0.48772408068180084,0.5103541612625122,-94.59907986444088,Forward
0.4671338004671338,3.225154296047669,3.962035197441864,188.713390568952,181.40896359377527,167.37484735378968,204.86417668176009,184.50227004781,172.1145748352729,"0.5281109809875488, 0.3499448895454407","0.42302027344703674, 0.37238696217536926","0.5173120498657227, 0.44978785514831543","0.4519893527030945, 0.46583399176597595","0.5199171900749207, 0.5093759298324585","0.4555409550666809, 0.510433554649353","0.5410758852958679, 0.6391804218292236","0.42649102210998535, 0.645233154296875","0.4980354309082031, 0.5333897471427917","0.47621291875839233, 0.5552862882614136","0.5529897809028625, 0.780594527721405","0.41664019227027893, 0.7810431718826294","0.46352916955947876, 0.3416547477245331",0.5281109809875488,0.3499448895454407,0.42302027344703674,0.37238696217536926,0.5199171900749207,0.5093759298324585,0.4555409550666809,0.510433554649353,0.4755656272172928,0.36116592586040497,0.4877290725708008,0.5099047422409058,-94.67508592278696,Forward
0.5005005005005005,3.2379769636054707,3.825909359828612,188.868369483185,180.9323308318339,167.33820200332417,204.6742730262195,184.3844397324904,172.08850116606092,"0.5278220176696777, 0.3498414158821106","0.4229612946510315, 0.3724730610847473","0.5173176527023315, 0.44952696561813354","0.4515853524208069, 0.46710458397865295","0.5191003084182739, 0.5094297528266907","0.45520520210266113, 0.5111286640167236","0.5408979058265686, 0.6393147706985474","0.4264068603515625, 0.6460751891136169","0.4970264434814453, 0.532002866268158","0.4760351777076721, 0.5552657842636108","0.5529714822769165, 0.7805885076522827","0.41663894057273865, 0.7811652421951294","0.4635232090950012, 0.34155088663101196",0.5278220176696777,0.3498414158821106,0.4229612946510315,0.3724730610847473,0.5191003084182739,0.5094297528266907,0.45520520210266113,0.5111286640167236,0.4753916561603546,0.36115723848342896,0.48715275526046753,0.5102792084217072,-94.5095254726414,Forward
0.5338672005338673,3.258051779899621,3.700990128912605,188.9788740816694,180.4652481592692,167.29627770340338,204.48726308988557,184.2598194822308,172.05089786091017,"0.5277385115623474, 0.3498413562774658","0.4229130148887634, 0.3725112974643707","0.517514705657959, 0.44962629675865173","0.45116788148880005, 0.4677533507347107","0.5186957716941833, 0.509539783000946","0.45477309823036194, 0.5111786127090454","0.5405513644218445, 0.639703094959259","0.4263884425163269, 0.6463112831115723","0.49629679322242737, 0.5315029621124268","0.47585296630859375, 0.5552295446395874","0.5529406070709229, 0.7806037664413452","0.41664353013038635, 0.7813667058944702","0.46355658769607544, 0.3417002856731415",0.5277385115623474,0.3498413562774658,0.4229130148887634,0.3725112974643707,0.5186957716941833,0.509539783000946,0.45477309823036194,0.5111786127090454,0.4753257632255554,0.3611763268709183,0.48673443496227264,0.5103591978549957,-94.37314885872547,Forward
0.5672339005672339,3.283942295400152,3.5872465526805963,189.0451156427034,180.01098443018418,167.24802452172855,204.30127608636056,184.1311298014552,172.0048440401571,"0.5274569988250732, 0.3498418927192688","0.42290911078453064, 0.37238118052482605","0.5173993706703186, 0.44976672530174255","0.45084071159362793, 0.46756428480148315","0.5182291865348816, 0.5096242427825928","0.45457205176353455, 0.5112286806106567","0.5399101972579956, 0.6399176716804504","0.4263697564601898, 0.6466308832168579","0.49415645003318787, 0.5315070748329163","0.4757499098777771, 0.5549545884132385","0.5529361963272095, 0.7806026935577393","0.41669052839279175, 0.7813862562179565","0.4637588560581207, 0.3417837619781494",0.5274569988250732,0.3498418927192688,0.42290911078453064,0.37238118052482605,0.5182291865348816,0.5096242427825928,0.45457205176353455,0.5112286806106567,0.47518305480480194,0.3611115366220474,0.48640061914920807,0.5104264616966248,-94.29638224215883,Forward
0.6006006006006006,3.224527264481302,3.582913727490294,189.02835631275744,179.729012203316,167.1826484682439,204.0890138033997,184.0185366682389,171.9260184807514,"0.5273077487945557, 0.34939825534820557","0.4228511452674866, 0.37203580141067505","0.516809344291687, 0.4489552974700928","0.4494369924068451, 0.46723800897598267","0.5176732540130615, 0.5101024508476257","0.45385175943374634, 0.5117592811584473","0.539721667766571, 0.6407739520072937","0.42615756392478943, 0.6474184989929199","0.4928550124168396, 0.5306860208511353","0.4757307469844818, 0.5548155307769775","0.5529347062110901, 0.7808834910392761","0.41673460602760315, 0.7814620733261108","0.4636092782020569, 0.34107816219329834",0.5273077487945557,0.34939825534820557,0.4228511452674866,0.37203580141067505,0.5176732540130615,0.5101024508476257,0.45385175943374634,0.5117592811584473,0.4750794470310211,0.3607170283794403,0.48576250672340393,0.5109308660030365,-94.06796996560969,Forward
0.6339673006339673,3.2274233276287583,3.478336508202394,188.86492457463032,179.07761788273055,167.15658664758269,203.88833047671005,183.882580497664,171.86905722789484,"0.5271317958831787, 0.3491838276386261","0.4227914810180664, 0.37154343724250793","0.5162146687507629, 0.4483944773674011","0.44863519072532654, 0.46659713983535767","0.5170818567276001, 0.5112950205802917","0.4532322883605957, 0.5126177668571472","0.53935307264328, 0.6410683989524841","0.42595401406288147, 0.6481701135635376","0.49251165986061096, 0.5300112962722778","0.47572192549705505, 0.5543519854545593","0.5529354810714722, 0.7809808254241943","0.41696906089782715, 0.7815441489219666","0.4631444811820984, 0.34102895855903625",0.5271317958831787,0.3491838276386261,0.4227914810180664,0.37154343724250793,0.5170818567276001,0.5112950205802917,0.4532322883605957,0.5126177668571472,0.47496163845062256,0.360363632440567,0.4851570725440979,0.5119563937187195,-93.84765706126794,Forward
0.6673340006673341,3.2350220670182037,3.47161480692572,188.5734014723212,178.44855864649014,167.11185645902611,203.67651817403288,183.7503623448525,171.84035492432366,"0.5271108746528625, 0.3490374684333801","0.42274612188339233, 0.3709726929664612","0.516216516494751, 0.4480364918708801","0.44805511832237244, 0.4661864638328552","0.5168061852455139, 0.5125450491905212","0.45284080505371094, 0.5137773156166077","0.5391028523445129, 0.6413819193840027","0.42591890692710876, 0.6490287780761719","0.4921913743019104, 0.5283601880073547","0.47575241327285767, 0.5543029308319092","0.5528932809829712, 0.7811585068702698","0.41810542345046997, 0.7819808721542358","0.4630289077758789, 0.341946005821228",0.5271108746528625,0.3490374684333801,0.42274612188339233,0.3709726929664612,0.5168061852455139,0.5125450491905212,0.45284080505371094,0.5137773156166077,0.47492849826812744,0.36000508069992065,0.4848234951496124,0.5131611824035645,-93.69658602997598,Forward
0.7007007007007008,3.2748566062563587,3.353986686831105,188.01393313484596,177.9421566328406,167.0270875801048,203.4492027786061,183.63085271349576,171.83173970482443,"0.5271068811416626, 0.3487888276576996","0.4227428436279297, 0.3708050847053528","0.5158796906471252, 0.4476911127567291","0.44807490706443787, 0.46615713834762573","0.5166449546813965, 0.5131476521492004","0.4527677893638611, 0.5144645571708679","0.5389108061790466, 0.6418106555938721","0.42573490738868713, 0.6493139266967773","0.49032992124557495, 0.5284387469291687","0.47571706771850586, 0.5541578531265259","0.5528936982154846, 0.7812770009040833","0.4181882441043854, 0.7826998233795166","0.4627785086631775, 0.34278538823127747",0.5271068811416626,0.3487888276576996,0.4227428436279297,0.3708050847053528,0.5166449546813965,0.5131476521492004,0.4527677893638611,0.5144645571708679,0.47492486238479614,0.3597969561815262,0.4847063720226288,0.5138061046600342,-93.63411829440369,Forward
0.7340674007340674,3.20855113044695,3.0719494861098724,187.29872267438907,177.66088321017713,166.9171230635321,203.2094261379892,183.5257081486149,171.8512586207106,"0.527237057685852, 0.3487819731235504","0.42270565032958984, 0.370647132396698","0.5152248740196228, 0.44682779908180237","0.447831928730011, 0.4658729135990143","0.5166374444961548, 0.5136185884475708","0.4526771605014801, 0.5148365497589111","0.5385774374008179, 0.6422461271286011","0.425733745098114, 0.6494249105453491","0.4904383718967438, 0.52724689245224","0.4755857586860657, 0.5536078214645386","0.5528661012649536, 0.7816213965415955","0.41882357001304626, 0.7834563255310059","0.4627658426761627, 0.342766135931015",0.527237057685852,0.3487819731235504,0.42270565032958984,0.370647132396698,0.5166374444961548,0.5136185884475708,0.4526771605014801,0.5148365497589111,0.47497135400772095,0.3597145527601242,0.48465730249881744,0.514227569103241,-93.58700356034214,Forward
0.7674341007674341,2.9652552125227216,2.780107658405587,186.9158293166037,177.2208475075301,166.7793059661131,202.94415617401023,183.4408877084917,171.89443209604298,"0.5272889137268066, 0.3487548530101776","0.4226098954677582, 0.37057721614837646","0.5146524310112, 0.44664397835731506","0.4474518895149231, 0.46582603454589844","0.5164722800254822, 0.5135844945907593","0.45255741477012634, 0.5148165225982666","0.5384110808372498, 0.6423488855361938","0.4256923794746399, 0.6494952440261841","0.490086168050766, 0.5275278687477112","0.4755048155784607, 0.5529888868331909","0.5528539419174194, 0.7816580533981323","0.4188712537288666, 0.7845906019210815","0.46275949478149414, 0.34275123476982117",0.5272889137268066,0.3487548530101776,0.4226098954677582,0.37057721614837646,0.5164722800254822,0.5135844945907593,0.45255741477012634,0.5148165225982666,0.4749494045972824,0.35966603457927704,0.48451484739780426,0.5142005085945129,-93.54200033155031,Forward
0.8008008008008008,2.801050393618197,2.4153054553257234,186.3991148419377,176.92189469696353,166.5845829885916,202.69770969537615,183.39827992236795,171.883143241948,"0.5273252129554749, 0.34853407740592957","0.422614187002182, 0.3705231845378876","0.5141672492027283, 0.4448431432247162","0.44742894172668457, 0.46542301774024963","0.5164772868156433, 0.5125860571861267","0.45256298780441284, 0.5143976807594299","0.5381101965904236, 0.6423641443252563","0.4258269667625427, 0.6494857668876648","0.49024468660354614, 0.5274709463119507","0.475098192691803, 0.5515912175178528","0.5528527498245239, 0.7816567420959473","0.4196358621120453, 0.7853672504425049","0.46276164054870605, 0.3427376449108124",0.5273252129554749,0.34853407740592957,0.422614187002182,0.3705231845378876,0.5164772868156433,0.5125860571861267,0.45256298780441284,0.5143976807594299,0.47496969997882843,0.35952863097190857,0.4845201373100281,0.5134918689727783,-93.54954556833256,Forward
0.8341675008341676,2.805489204152385,2.073945109357614,185.73910134162173,176.46857112087432,166.35545571823764,202.4177086172161,183.39799945438384,171.89635644520564,"0.5273497104644775, 0.3483119308948517","0.4226113259792328, 0.3704741597175598","0.5135841369628906, 0.44424042105674744","0.44744205474853516, 0.46465760469436646","0.5164846181869507, 0.5124384164810181","0.4527139663696289, 0.5142673254013062","0.5377671122550964, 0.6425898671150208","0.42586928606033325, 0.649329423904419","0.4908048212528229, 0.5271278619766235","0.47444671392440796, 0.5496519207954407","0.552821934223175, 0.781699001789093","0.4201967120170593, 0.7861219644546509","0.4625038504600525, 0.3423152565956116",0.5273497104644775,0.3483119308948517,0.4226113259792328,0.3704741597175598,0.5164846181869507,0.5124384164810181,0.4527139663696289,0.5142673254013062,0.47498051822185516,0.35939304530620575,0.4845992922782898,0.5133528709411621,-93.57495720712512,Forward
0.8675342008675342,2.700380679485856,1.6496019835662905,185.2839494395269,176.08036839437472,166.03889156184226,202.094586494518,183.46578106635684,171.9693109165369,"0.5273469686508179, 0.3484036326408386","0.4227379858493805, 0.37038615345954895","0.5133406519889832, 0.4443201422691345","0.44745922088623047, 0.4632425904273987","0.516437828540802, 0.5124396085739136","0.45261508226394653, 0.5140796303749084","0.5369783639907837, 0.643801748752594","0.42600950598716736, 0.6493129730224609","0.49133744835853577, 0.5267373919487","0.4743857979774475, 0.5490128993988037","0.5527359247207642, 0.7817443609237671","0.4202481210231781, 0.7864955067634583","0.4620820879936218, 0.3422415852546692",0.5273469686508179,0.3484036326408386,0.4227379858493805,0.37038615345954895,0.516437828540802,0.5124396085739136,0.45261508226394653,0.5140796303749084,0.4750424772500992,0.3593948930501938,0.48452645540237427,0.513259619474411,-93.52715875552617,Forward
0.9009009009009008,2.108050100305684,1.4318998172047896,185.74251910818356,175.7328007647058,165.6070685595843,201.7163702897788,183.62160258084185,172.09497003476127,"0.5272888541221619, 0.3484891355037689","0.42296308279037476, 0.36998429894447327","0.5127795338630676, 0.44434189796447754","0.4468449652194977, 0.45949190855026245","0.5152047872543335, 0.5123787522315979","0.4518240988254547, 0.5136350393295288","0.5363965630531311, 0.643782377243042","0.42629677057266235, 0.6483547687530518","0.49135828018188477, 0.5267350673675537","0.473876953125, 0.5461553335189819","0.5526561141014099, 0.7816537618637085","0.42024460434913635, 0.7864524126052856","0.46149659156799316, 0.3419673442840576",0.5272888541221619,0.3484891355037689,0.42296308279037476,0.36998429894447327,0.5152047872543335,0.5123787522315979,0.4518240988254547,0.5136350393295288,0.4751259684562683,0.3592367172241211,0.4835144430398941,0.5130068957805634,-93.12250578925416,Forward
0.9342676009342676,2.085445279590366,1.4070432313052414,185.28680194360044,175.3997234823856,165.14669458430637,201.34399491157416,183.8271889786701,172.2604116261747,"0.5270643830299377, 0.3483934998512268","0.4229614734649658, 0.36961787939071655","0.5129961967468262, 0.4441792964935303","0.44601044058799744, 0.45937758684158325","0.5145522356033325, 0.5116181373596191","0.451216459274292, 0.5126703977584839","0.5361744165420532, 0.6429948806762695","0.42654889822006226, 0.6448055505752563","0.4920174181461334, 0.5266446471214294","0.47250598669052124, 0.5454143285751343","0.5525785684585571, 0.7813988327980042","0.42023730278015137, 0.786389172077179","0.4615076184272766, 0.3418460190296173",0.5270643830299377,0.3483934998512268,0.4229614734649658,0.36961787939071655,0.5145522356033325,0.5116181373596191,0.451216459274292,0.5126703977584839,0.4750129282474518,0.3590056896209717,0.48288434743881226,0.5121442675590515,-92.9424495732533,Forward
0.9676343009676344,2.182262980642073,1.518627088301289,185.00593357726055,175.3906618045689,164.67959954463151,201.0064743758328,184.05615307565125,172.4223717640134,"0.5267423391342163, 0.34839266538619995","0.42295464873313904, 0.36945265531539917","0.5131719708442688, 0.44304680824279785","0.44593510031700134, 0.4594804644584656","0.5135181546211243, 0.5117128491401672","0.4502531886100769, 0.5126632452011108","0.5361837148666382, 0.6435731649398804","0.42652297019958496, 0.6437491178512573","0.49289464950561523, 0.5252331495285034","0.4711397588253021, 0.5455955266952515","0.5525845289230347, 0.7813975811004639","0.42027148604393005, 0.7863653302192688","0.4611298441886902, 0.3418043255805969",0.5267423391342163,0.34839266538619995,0.42295464873313904,0.36945265531539917,0.5135181546211243,0.5117128491401672,0.4502531886100769,0.5126632452011108,0.4748484939336777,0.35892266035079956,0.4818856716156006,0.512188047170639,-92.62888840405823,Forward
1.001001001001001,2.575530931558026,1.7729864292132114,190.5738426753292,175.33151174007523,164.28326017805202,200.64521807821905,184.2693537133196,172.6154607697185,"0.5260446071624756, 0.3481205701828003","0.42257118225097656, 0.3694532811641693","0.5120874047279358, 0.4410787522792816","0.4449721872806549, 0.45958033204078674","0.5121773481369019, 0.5104496479034424","0.44954603910446167, 0.5117027759552002","0.5361887216567993, 0.6435303688049316","0.4263229966163635, 0.6433366537094116","0.49274134635925293, 0.5246291160583496","0.46950072050094604, 0.5451677441596985","0.5526209473609924, 0.7812718749046326","0.4203856587409973, 0.786334753036499","0.45938363671302795, 0.34040459990501404",0.5260446071624756,0.3481205701828003,0.42257118225097656,0.3694532811641693,0.5121773481369019,0.5104496479034424,0.44954603910446167,0.5117027759552002,0.4743078947067261,0.3587869256734848,0.48086169362068176,0.5110762119293213,-92.4642144485378,Forward
1.0343677010343677,3.199414079970792,2.0412651387240213,195.2359154610291,175.46224938837892,163.94833322560956,200.30089360874263,184.47042621857864,172.8122349262404,"0.5247449278831482, 0.3473331928253174","0.4218011498451233, 0.3696327805519104","0.5121157169342041, 0.43763986229896545","0.44490846991539, 0.46110114455223083","0.5120639801025391, 0.5108007788658142","0.4491404891014099, 0.5117452144622803","0.5364006161689758, 0.6442166566848755","0.4257788062095642, 0.6433995962142944","0.4928479790687561, 0.5234938859939575","0.4696536064147949, 0.5453286170959473","0.5529071092605591, 0.7812221050262451","0.42135414481163025, 0.7861164212226868","0.45802736282348633, 0.339076429605484",0.5247449278831482,0.3473331928253174,0.4218011498451233,0.3696327805519104,0.5120639801025391,0.5108007788658142,0.4491404891014099,0.5117452144622803,0.47327303886413574,0.3584829866886139,0.4806022346019745,0.5112729966640472,-92.74632048699165,Forward
1.0677344010677343,3.893660350502816,2.16303142148523,198.65991208470365,180.23152235962695,163.6676402159821,200.0381243142479,184.685178693974,172.99301455641006,"0.5225494503974915, 0.3473195731639862","0.42155545949935913, 0.3697377145290375","0.511810302734375, 0.43677687644958496","0.444258451461792, 0.46238797903060913","0.5113396644592285, 0.5116385221481323","0.44875067472457886, 0.511839747428894","0.5363200902938843, 0.6435694098472595","0.42576152086257935, 0.6431949734687805","0.4929012656211853, 0.5249059200286865","0.4697664678096771, 0.5447102785110474","0.5529209971427917, 0.7812230587005615","0.4213569760322571, 0.7863497138023376","0.45832887291908264, 0.33958572149276733",0.5225494503974915,0.3473195731639862,0.42155545949935913,0.3697377145290375,0.5113396644592285,0.5116385221481323,0.44875067472457886,0.511839747428894,0.4720524549484253,0.35852864384651184,0.4800451695919037,0.5117391347885132,-92.98631021376072,Forward
1.1011011011011012,4.3746219273850215,2.0507829148348566,200.5392674264673,184.2402428277516,163.4832472967472,199.7948147098134,184.84469073740104,173.1518861521052,"0.5216994285583496, 0.34768620133399963","0.42157262563705444, 0.3696363568305969","0.5109540224075317, 0.44221097230911255","0.4436678886413574, 0.4623335897922516","0.5103288888931274, 0.5081660151481628","0.44758766889572144, 0.5087811350822449","0.5357216596603394, 0.64066481590271","0.4254128932952881, 0.6412114500999451","0.49290794134140015, 0.529425323009491","0.4697664678096771, 0.544654369354248","0.5529199838638306, 0.7810197472572327","0.42082810401916504, 0.786404013633728","0.4575461745262146, 0.3414425253868103",0.5216994285583496,0.34768620133399963,0.42157262563705444,0.3696363568305969,0.5103288888931274,0.5081660151481628,0.44758766889572144,0.5087811350822449,0.471636027097702,0.3586612790822983,0.47895827889442444,0.5084735751152039,-92.7981717210737,Forward
1.1344678011344678,4.112022531950871,1.7010283469236496,200.31054161219743,186.8574698541724,163.39764167205905,199.66479107600853,184.9193503366088,173.2598014940166,"0.5213622450828552, 0.3479355275630951","0.42107897996902466, 0.3699515461921692","0.5082194209098816, 0.44277915358543396","0.44369596242904663, 0.46252018213272095","0.5084551572799683, 0.5081785917282104","0.44611772894859314, 0.508945643901825","0.5353163480758667, 0.6403216123580933","0.4247588515281677, 0.6439125537872314","0.4886202812194824, 0.5293266177177429","0.4687013626098633, 0.5458714365959167","0.5529202818870544, 0.7811111211776733","0.4178481996059418, 0.7850536704063416","0.45762863755226135, 0.34392860531806946",0.5213622450828552,0.3479355275630951,0.42107897996902466,0.3699515461921692,0.5084551572799683,0.5081785917282104,0.44611772894859314,0.508945643901825,0.47122061252593994,0.35894353687763214,0.4772864431142807,0.5085621178150177,-92.32161181016022,Forward
1.1678345011678346,4.063703878061233,2.200090434505204,199.24034729021253,188.9507857147964,163.44005838684967,199.5917519010348,184.9146081620107,173.34185406878424,"0.5204442739486694, 0.34804320335388184","0.4200277328491211, 0.370972603559494","0.5049412250518799, 0.44404059648513794","0.442371666431427, 0.46515926718711853","0.5081795454025269, 0.508403480052948","0.4456692636013031, 0.5099651217460632","0.5352494716644287, 0.6404054760932922","0.424013614654541, 0.6440525650978088","0.48437628149986267, 0.5308111310005188","0.4678119719028473, 0.5468013286590576","0.5529772043228149, 0.7814809083938599","0.4166129529476166, 0.7857626676559448","0.45769309997558594, 0.3466549515724182",0.5204442739486694,0.34804320335388184,0.4200277328491211,0.370972603559494,0.5081795454025269,0.508403480052948,0.4456692636013031,0.5099651217460632,0.47023600339889526,0.3595079034566879,0.476924404501915,0.5091843008995056,-92.55860239329247,Forward
1.2012012012012012,4.44001436052603,3.321207759590079,197.8237064882977,190.85673424324636,163.60795580800573,199.54270139500693,184.84608556692424,173.41881459852956,"0.519924521446228, 0.34870803356170654","0.41961878538131714, 0.37228673696517944","0.5054426789283752, 0.4440101981163025","0.4419170916080475, 0.46072593331336975","0.505823016166687, 0.5107401609420776","0.4441436231136322, 0.5109357833862305","0.5351325273513794, 0.641348123550415","0.42349162697792053, 0.6440650224685669","0.48265495896339417, 0.525637149810791","0.45593008399009705, 0.5435419678688049","0.552975594997406, 0.7820276021957397","0.4158742427825928, 0.7855648398399353","0.45724472403526306, 0.3475804030895233",0.519924521446228,0.34870803356170654,0.41961878538131714,0.37228673696517944,0.505823016166687,0.5107401609420776,0.4441436231136322,0.5109357833862305,0.4697716534137726,0.360497385263443,0.4749833196401596,0.510837972164154,-91.98540499438941,Forward
1.234567901234568,5.390063646611896,5.271814453265104,195.7991882645437,192.4205792689003,163.87640243705164,199.4986897085472,184.73047610787947,173.49659658820022,"0.5194292664527893, 0.34901663661003113","0.41876235604286194, 0.37232089042663574","0.5052741169929504, 0.440615177154541","0.4354986548423767, 0.45836448669433594","0.5050606727600098, 0.515306830406189","0.44316917657852173, 0.5144554376602173","0.5347698330879211, 0.6425093412399292","0.42326292395591736, 0.6439012289047241","0.47973474860191345, 0.5174168944358826","0.44225478172302246, 0.5355581641197205","0.5529510974884033, 0.78203284740448","0.4157279133796692, 0.7851490378379822","0.4571864604949951, 0.34845906496047974",0.5194292664527893,0.34901663661003113,0.41876235604286194,0.37232089042663574,0.5050606727600098,0.515306830406189,0.44316917657852173,0.5144554376602173,0.4690958112478256,0.36066876351833344,0.47411492466926575,0.5148811340332031,-91.8641341020803,Forward
1.267934601267935,6.389569584761057,7.685591697510633,192.95009258127652,193.7565104770349,164.23402696245435,199.4954352150077,184.5667961512715,173.5423521330552,"0.5178645253181458, 0.3493553102016449","0.41840165853500366, 0.37228524684906006","0.5067629218101501, 0.42970141768455505","0.42804843187332153, 0.4562513828277588","0.5046849250793457, 0.5180323719978333","0.4433630406856537, 0.5162630081176758","0.5346874594688416, 0.6436549425125122","0.42314714193344116, 0.6436223983764648","0.47223132848739624, 0.5050466060638428","0.42932042479515076, 0.5316256284713745","0.5529861450195312, 0.7822862267494202","0.41540807485580444, 0.7848725914955139","0.4561159014701843, 0.3481949269771576",0.5178645253181458,0.3493553102016449,0.41840165853500366,0.37228524684906006,0.5046849250793457,0.5180323719978333,0.4433630406856537,0.5162630081176758,0.4681330919265747,0.3608202785253525,0.4740239828824997,0.5171476900577545,-92.15805762925027,Forward
1.3013013013013013,8.17484579427575,10.552120503064346,190.4315233682051,194.5763689979732,164.69431408700405,199.53519313177665,184.3262714702265,173.55864264674253,"0.5171439051628113, 0.35452258586883545","0.4184143543243408, 0.37242409586906433","0.5016908645629883, 0.4387438893318176","0.4206443428993225, 0.4565615653991699","0.5046553611755371, 0.5245603322982788","0.4435243010520935, 0.5241183042526245","0.534525990486145, 0.645226776599884","0.4231549799442291, 0.6436285376548767","0.4558543562889099, 0.5070756673812866","0.4194470942020416, 0.5331615209579468","0.552977442741394, 0.7832647562026978","0.41496700048446655, 0.7850673794746399","0.4552338123321533, 0.3458314538002014",0.5171439051628113,0.35452258586883545,0.4184143543243408,0.37242409586906433,0.5046553611755371,0.5245603322982788,0.4435243010520935,0.5241183042526245,0.46777912974357605,0.3634733408689499,0.4740898311138153,0.5243393182754517,-92.24653620015923,Forward
1.334668001334668,10.551563923645029,13.95546414854394,187.8092243952061,195.07631014373672,165.3118526629447,199.5870718507119,183.91320860191124,173.54108256733178,"0.516446590423584, 0.36276692152023315","0.41837841272354126, 0.3743744492530823","0.493379682302475, 0.4438937306404114","0.4166986048221588, 0.4589715898036957","0.5048021078109741, 0.5305847525596619","0.443532794713974, 0.5318982601165771","0.5346693992614746, 0.6480022668838501","0.4231763780117035, 0.6488218307495117","0.44706040620803833, 0.5085067749023438","0.40323370695114136, 0.5365135669708252","0.5529779195785522, 0.7835017442703247","0.4150122106075287, 0.7856922745704651","0.45382171869277954, 0.34628039598464966",0.516446590423584,0.36276692152023315,0.41837841272354126,0.3743744492530823,0.5048021078109741,0.5305847525596619,0.443532794713974,0.5318982601165771,0.4674125015735626,0.3685706853866577,0.47416745126247406,0.5312415063381195,-92.37785656585761,Forward
1.3680347013680347,13.33856511135474,11.43002985021976,184.69415791329777,197.33077470039007,166.30420784927463,199.575147851681,183.29982083305143,173.4923117419953,"0.5147420763969421, 0.3664533495903015","0.4186198115348816, 0.3746950030326843","0.48992568254470825, 0.4536028802394867","0.4106246531009674, 0.45901817083358765","0.5048680305480957, 0.52833491563797","0.44367891550064087, 0.5289769768714905","0.5344666242599487, 0.6469674110412598","0.4249144494533539, 0.648747980594635","0.4380369186401367, 0.5092135667800903","0.3922920227050781, 0.5310376882553101","0.552893340587616, 0.7834922075271606","0.41504865884780884, 0.7856649160385132","0.4534624218940735, 0.34810930490493774",0.5147420763969421,0.3664533495903015,0.4186198115348816,0.3746950030326843,0.5048680305480957,0.52833491563797,0.44367891550064087,0.5289769768714905,0.46668094396591187,0.3705741763114929,0.4742734730243683,0.5286559462547302,-92.74975307038986,Forward
1.4014014014014016,17.896477786023432,19.073113166113554,182.19895237262728,197.39375902385035,167.29506670565098,199.5972366424631,182.5731843626468,173.34565588538592,"0.5140286684036255, 0.369581401348114","0.4190675616264343, 0.3778964579105377","0.49223384261131287, 0.45908650755882263","0.4077405333518982, 0.45658451318740845","0.5049454569816589, 0.5270575284957886","0.4443119466304779, 0.5282675623893738","0.5343160033226013, 0.6468297243118286","0.42525380849838257, 0.6488335728645325","0.43738389015197754, 0.5038663744926453","0.38144785165786743, 0.5126479864120483","0.5528303980827332, 0.7832884192466736","0.4150694012641907, 0.7856536507606506","0.4528040885925293, 0.3479990065097809",0.5140286684036255,0.369581401348114,0.4190675616264343,0.3778964579105377,0.5049454569816589,0.5270575284957886,0.4443119466304779,0.5282675623893738,0.4665481150150299,0.37373892962932587,0.4746287018060684,0.5276625454425812,-93.00511974670083,Forward
1.4347681014347682,22.340844980971408,26.999861306661984,172.01899135530715,190.5833610040117,168.25240910997422,199.7699978111604,181.71367843814528,173.00828400726635,"0.5130243897438049, 0.3705292344093323","0.42131704092025757, 0.3777492642402649","0.4850654602050781, 0.4585786759853363","0.40057381987571716, 0.45435309410095215","0.506888747215271, 0.5288833379745483","0.4465457797050476, 0.5295521020889282","0.5341639518737793, 0.6482735276222229","0.4252404570579529, 0.6511797904968262","0.42473459243774414, 0.49623703956604004","0.3569355607032776, 0.5129871964454651","0.5528221130371094, 0.783282458782196","0.41510382294654846, 0.7853103280067444","0.4519684314727783, 0.34527426958084106",0.5130243897438049,0.3705292344093323,0.42131704092025757,0.3777492642402649,0.506888747215271,0.5288833379745483,0.4465457797050476,0.5295521020889282,0.46717071533203125,0.3741392493247986,0.4767172634601593,0.5292177200317383,-93.52265240633949,Forward
1.4681348014681348,26.281087594011893,34.608488419605074,164.86022992539344,189.88134949506224,169.2596517096107,199.9549694192505,180.79627145948933,172.38832411267774,"0.510154128074646, 0.37184616923332214","0.4224613606929779, 0.3779028356075287","0.45706743001937866, 0.4567120671272278","0.401638925075531, 0.4509945511817932","0.5093580484390259, 0.5304374694824219","0.4487306475639343, 0.5297829508781433","0.533138632774353, 0.6486600637435913","0.4253554940223694, 0.6508307456970215","0.39490601420402527, 0.4974997937679291","0.3479241728782654, 0.5068621635437012","0.5528212189674377, 0.7835323810577393","0.41514524817466736, 0.7840432524681091","0.4520872235298157, 0.34009191393852234",0.510154128074646,0.37184616923332214,0.4224613606929779,0.3779028356075287,0.5093580484390259,0.5304374694824219,0.4487306475639343,0.5297829508781433,0.46630774438381195,0.3748745024204254,0.4790443480014801,0.5301102101802826,-94.6904332382968,Forward
1.5015015015015016,29.79744263046515,41.76782620054384,160.54445444932654,186.2206583672313,170.54696489811906,200.11563729389025,180.24030022931743,171.68498966647232,"0.5074496269226074, 0.37078359723091125","0.42637476325035095, 0.37898293137550354","0.4697732925415039, 0.4573020040988922","0.4045560359954834, 0.44671884179115295","0.509909987449646, 0.5310037732124329","0.45075687766075134, 0.529621422290802","0.5319807529449463, 0.6505083441734314","0.4253976345062256, 0.6510328054428101","0.4183620810508728, 0.47028088569641113","0.3443015217781067, 0.48956403136253357","0.5531121492385864, 0.7843927145004272","0.4151774048805237, 0.7833715677261353","0.45177167654037476, 0.3353533446788788",0.5074496269226074,0.37078359723091125,0.42637476325035095,0.37898293137550354,0.509909987449646,0.5310037732124329,0.45075687766075134,0.529621422290802,0.4669121950864792,0.3748832643032074,0.48033343255519867,0.5303125977516174,-94.9352173122473,Forward
1.5348682015348682,33.18198061767194,48.7398797461926,156.80047493073567,181.4610480403031,171.37559177978895,200.61271007255485,179.89171032122715,170.89963504729272,"0.5041468739509583, 0.3776390850543976","0.4278143048286438, 0.3787763714790344","0.4685121476650238, 0.4573570787906647","0.4044319987297058, 0.4404757022857666","0.5101875066757202, 0.531337559223175","0.4514550566673279, 0.5290155410766602","0.5307132601737976, 0.6511458158493042","0.42564645409584045, 0.6508277058601379","0.3988982141017914, 0.4659770131111145","0.34802448749542236, 0.47289109230041504","0.5531724691390991, 0.7844191789627075","0.41519489884376526, 0.7831786274909973","0.44876542687416077, 0.33411532640457153",0.5041468739509583,0.3776390850543976,0.4278143048286438,0.3787763714790344,0.5101875066757202,0.531337559223175,0.4514550566673279,0.5290155410766602,0.465980589389801,0.378207728266716,0.48082128167152405,0.5301765501499176,-95.57760025901018,Forward
1.5682349015682349,35.80992578987775,54.346285326259405,154.5253384254265,177.66828907293055,171.9914033180096,201.25810948177187,179.7265379666148,170.19568680556836,"0.5037528276443481, 0.37889009714126587","0.4282814562320709, 0.3795516788959503","0.4734214246273041, 0.45736202597618103","0.4042053818702698, 0.4377531409263611","0.5109961628913879, 0.5315296053886414","0.4537285268306732, 0.5291369557380676","0.5304055213928223, 0.6520249843597412","0.42571955919265747, 0.6506837606430054","0.40789541602134705, 0.4362981915473938","0.3438495695590973, 0.4548312723636627","0.5531728267669678, 0.7846132516860962","0.4152109622955322, 0.783183753490448","0.4464474320411682, 0.3334278166294098",0.5037528276443481,0.37889009714126587,0.4282814562320709,0.3795516788959503,0.5109961628913879,0.5315296053886414,0.4537285268306732,0.5291369557380676,0.46601714193820953,0.3792208880186081,0.4823623448610306,0.5303332805633545,-96.17344617321768,Forward
1.6016016016016017,36.37391721011328,58.60095354385612,145.9181400376067,171.36074145066135,172.64034694056647,201.7535066610037,179.90166671890788,169.83385899745318,"0.5017408728599548, 0.37777096033096313","0.42820310592651367, 0.3793928325176239","0.4756409227848053, 0.45695120096206665","0.402157723903656, 0.4280792772769928","0.5113769769668579, 0.5312665104866028","0.45491036772727966, 0.5298188924789429","0.5292890667915344, 0.6521762013435364","0.4258032739162445, 0.6489558815956116","0.4130878448486328, 0.4282895028591156","0.34748375415802, 0.4296310544013977","0.5532245635986328, 0.7851314544677734","0.415188729763031, 0.7830368280410767","0.44143638014793396, 0.33403271436691284",0.5017408728599548,0.37777096033096313,0.42820310592651367,0.3793928325176239,0.5113769769668579,0.5312665104866028,0.45491036772727966,0.5298188924789429,0.46497198939323425,0.3785818964242935,0.4831436723470688,0.5305427014827728,-96.8191276336641,Forward
1.6349683016349683,36.6693636761116,61.04910285259303,144.6920795286766,165.8030970322637,173.11946183121913,202.57214554433935,179.86608995273608,169.48685992068835,"0.49908724427223206, 0.3801290690898895","0.43160027265548706, 0.3788300156593323","0.4761914610862732, 0.4491996765136719","0.3964371681213379, 0.41951823234558105","0.5113394856452942, 0.5311611294746399","0.45584917068481445, 0.5296680331230164","0.5267796516418457, 0.6520000100135803","0.42681726813316345, 0.6418091654777527","0.4098401963710785, 0.41562265157699585","0.34943506121635437, 0.41920581459999084","0.5531330108642578, 0.7855973839759827","0.4149346351623535, 0.7813820242881775","0.43663185834884644, 0.3389924168586731",0.49908724427223206,0.3801290690898895,0.43160027265548706,0.3788300156593323,0.5113394856452942,0.5311611294746399,0.45584917068481445,0.5296680331230164,0.46534375846385956,0.3794795423746109,0.4835943281650543,0.5304145812988281,-96.89454630768682,Forward
1.6683350016683351,36.22386445025519,62.34024219819181,141.95105796898457,159.16471465069338,173.9252573137175,203.2673337016483,179.70664536454356,169.32523869222416,"0.4975205957889557, 0.37943026423454285","0.4318757951259613, 0.3778139650821686","0.47020378708839417, 0.4346840977668762","0.3848184645175934, 0.40774568915367126","0.5112712979316711, 0.5313643217086792","0.45760124921798706, 0.5296547412872314","0.5261750817298889, 0.6528810262680054","0.4278584122657776, 0.6395693421363831","0.40595245361328125, 0.4035743176937103","0.3498213291168213, 0.39705559611320496","0.5526501536369324, 0.7857736349105835","0.4148532450199127, 0.7803400158882141","0.4365544319152832, 0.34289640188217163",0.4975205957889557,0.37943026423454285,0.4318757951259613,0.3778139650821686,0.5112712979316711,0.5313643217086792,0.45760124921798706,0.5296547412872314,0.4646981954574585,0.3786221146583557,0.4844362735748291,0.5305095314979553,-97.4042092987034,Forward
1.7017017017017018,35.46218060553579,63.19022110786087,139.5242768058074,152.98663146283113,174.917021273466,204.2834421936448,179.35072196458427,169.30957807364837,"0.4949665069580078, 0.38040775060653687","0.4342572093009949, 0.3773490786552429","0.45697060227394104, 0.41180530190467834","0.38444745540618896, 0.3859296143054962","0.5112107992172241, 0.5322974324226379","0.45765718817710876, 0.5296279788017273","0.5258260369300842, 0.6547953486442566","0.42848220467567444, 0.6399855017662048","0.3960135579109192, 0.3886471390724182","0.3541087806224823, 0.3739425837993622","0.5513641834259033, 0.7859356999397278","0.4147488474845886, 0.7797730565071106","0.4380699694156647, 0.34759312868118286",0.4949665069580078,0.38040775060653687,0.4342572093009949,0.3773490786552429,0.5112107992172241,0.5322974324226379,0.45765718817710876,0.5296279788017273,0.46461185812950134,0.3788784146308899,0.48443399369716644,0.5309627056121826,-97.42587143438952,Forward
1.7350684017350684,37.44984065177398,63.2802877153192,141.13185994709104,148.93625382156688,176.08333918734613,205.5519171716772,178.99747908238814,169.52852326118995,"0.494197279214859, 0.3799203634262085","0.434338241815567, 0.37716376781463623","0.4529436230659485, 0.40705209970474243","0.3867250680923462, 0.38698968291282654","0.5113593339920044, 0.5323580503463745","0.4578789174556732, 0.5295343995094299","0.5254044532775879, 0.6555643081665039","0.4286438524723053, 0.6404076218605042","0.3949946165084839, 0.38593095541000366","0.36287379264831543, 0.37913864850997925","0.5506317019462585, 0.785927414894104","0.4146943688392639, 0.7791765332221985","0.43876758217811584, 0.35134628415107727",0.494197279214859,0.3799203634262085,0.434338241815567,0.37716376781463623,0.5113593339920044,0.5323580503463745,0.4578789174556732,0.5295343995094299,0.464267760515213,0.37854206562042236,0.4846191257238388,0.5309462249279022,-97.60602388528491,Forward
1.7684351017684352,35.71355889650576,63.40061635553574,140.5281424436399,144.03369008981397,177.33469878436588,206.82003087071715,178.64875162320956,170.10733184560962,"0.49380263686180115, 0.38015609979629517","0.4342304766178131, 0.37714746594429016","0.4488253593444824, 0.40742355585098267","0.38693055510520935, 0.38565129041671753","0.5115436911582947, 0.533866286277771","0.4582826495170593, 0.5303573608398438","0.5252848267555237, 0.6569489240646362","0.42862066626548767, 0.6410983800888062","0.3936418294906616, 0.3803395926952362","0.37020444869995117, 0.37675511837005615","0.5503352284431458, 0.7858792543411255","0.4147163927555084, 0.7789703011512756","0.43785253167152405, 0.3535691201686859",0.49380263686180115,0.38015609979629517,0.4342304766178131,0.37714746594429016,0.5115436911582947,0.533866286277771,0.4582826495170593,0.5303573608398438,0.46401655673980713,0.37865178287029266,0.484913170337677,0.5321118235588074,-97.75425901234664,Forward
1.8018018018018016,33.24599120115417,62.7115287943648,140.73540686091988,138.37524254275496,178.88635483022148,208.01295078570053,178.15006348698273,171.08574373069345,"0.49429741501808167, 0.37872201204299927","0.43440374732017517, 0.37766411900520325","0.45391836762428284, 0.4054715037345886","0.3949657380580902, 0.3883989155292511","0.5127166509628296, 0.5348042249679565","0.4593633711338043, 0.5315139889717102","0.525208592414856, 0.6574189066886902","0.42882028222084045, 0.6408662796020508","0.3955615758895874, 0.38239797949790955","0.3764604926109314, 0.37825527787208557","0.5501521229743958, 0.7858796119689941","0.4147593080997467, 0.7788072228431702","0.43805304169654846, 0.3551660478115082",0.49429741501808167,0.37872201204299927,0.43440374732017517,0.37766411900520325,0.5127166509628296,0.5348042249679565,0.4593633711338043,0.5315139889717102,0.4643505811691284,0.37819306552410126,0.48604001104831696,0.5331591069698334,-97.96750139146377,Forward
1.8351685018351689,32.939474798472766,62.51041753177288,140.0467796374945,133.65401959164893,180.32007252028905,209.01530324904837,177.93179425161486,172.39578991910165,"0.49468880891799927, 0.3814089298248291","0.4361303448677063, 0.3780897855758667","0.4505644738674164, 0.40112870931625366","0.39895355701446533, 0.3866454064846039","0.5141476988792419, 0.5353654623031616","0.46044501662254333, 0.5319548845291138","0.5253012180328369, 0.657232940196991","0.4291648864746094, 0.6408871412277222","0.39825329184532166, 0.38218945264816284","0.37978097796440125, 0.3700159788131714","0.5501583814620972, 0.7858339548110962","0.41481679677963257, 0.7785940766334534","0.43777281045913696, 0.3538360893726349",0.49468880891799927,0.3814089298248291,0.4361303448677063,0.3780897855758667,0.5141476988792419,0.5353654623031616,0.46044501662254333,0.5319548845291138,0.4654095768928528,0.3797493577003479,0.48729635775089264,0.5336601734161377,-98.09344235282589,Forward
1.8685352018685355,32.83651169016704,62.39558347656463,144.38002429837073,130.42759754468915,181.66262482758117,210.2013564558721,177.99773441059648,174.54237342292117,"0.4948870539665222, 0.3880016803741455","0.4375251233577728, 0.3795360028743744","0.45293426513671875, 0.41472190618515015","0.3977217674255371, 0.387567937374115","0.5153926610946655, 0.5359432101249695","0.46177834272384644, 0.5325411558151245","0.5261169075965881, 0.65687096118927","0.42973414063453674, 0.6406310796737671","0.3988284468650818, 0.3879329264163971","0.3796761631965637, 0.368649423122406","0.5501686334609985, 0.7848414182662964","0.41497570276260376, 0.778091549873352","0.435488224029541, 0.35372400283813477",0.4948870539665222,0.3880016803741455,0.4375251233577728,0.3795360028743744,0.5153926610946655,0.5359432101249695,0.46177834272384644,0.5325411558151245,0.4662060886621475,0.38376884162425995,0.488585501909256,0.534242182970047,-98.45940659376176,Forward
1.901901901901902,33.098420467537224,62.691926786191374,146.86787477658618,129.62501930675936,182.7085681276312,211.140688042792,178.4916190735075,176.6135360081284,"0.4942448139190674, 0.3876307010650635","0.4377782344818115, 0.3795086145401001","0.4545880854129791, 0.4197789132595062","0.39313510060310364, 0.3905859589576721","0.5169594883918762, 0.5366412997245789","0.46378573775291443, 0.5327265858650208","0.530276894569397, 0.6568037271499634","0.43076691031455994, 0.6388739347457886","0.397991418838501, 0.38905709981918335","0.3792114853858948, 0.37176617980003357","0.5509978532791138, 0.7844398617744446","0.4149847626686096, 0.7777692079544067","0.4344658851623535, 0.3533339500427246",0.4942448139190674,0.3876307010650635,0.4377782344818115,0.3795086145401001,0.5169594883918762,0.5366412997245789,0.46378573775291443,0.5327265858650208,0.46601152420043945,0.3835696578025818,0.4903726130723953,0.5346839427947998,-99.15784489736227,Forward
1.9352686019352687,35.077416866807646,63.23823272230727,147.67746591043655,130.2632816633057,183.56316723581784,211.97672692739224,179.0205061255228,178.407701611168,"0.5109248161315918, 0.3888029456138611","0.4327983856201172, 0.391313761472702","0.4551166892051697, 0.432187557220459","0.3628990054130554, 0.38950568437576294","0.5202979445457458, 0.5390188097953796","0.4651939868927002, 0.5357071757316589","0.5369958281517029, 0.6545892953872681","0.43221315741539, 0.6365818977355957","0.39866918325424194, 0.4007214903831482","0.37256431579589844, 0.38047248125076294","0.5517233610153198, 0.7836794257164001","0.41498857736587524, 0.7773105502128601","0.43590861558914185, 0.3547593355178833",0.5109248161315918,0.3888029456138611,0.4327983856201172,0.391313761472702,0.5202979445457458,0.5390188097953796,0.4651939868927002,0.5357071757316589,0.4718616008758545,0.39005835354328156,0.492745965719223,0.5373629927635193,-98.06942617445046,Forward
1.968635301968636,35.52814562760522,64.62001741529815,151.9584247432649,132.61309021403727,184.46121294547072,212.3391496454101,179.7764586519327,180.41816855194116,"0.5043553113937378, 0.3878564238548279","0.43218880891799927, 0.39031916856765747","0.4960664212703705, 0.4602293372154236","0.4071296751499176, 0.4358052611351013","0.5210968255996704, 0.5352042317390442","0.46972355246543884, 0.5336446166038513","0.5420148372650146, 0.6519489884376526","0.4354619085788727, 0.6367820501327515","0.4546657204627991, 0.45116209983825684","0.4010186195373535, 0.4269633889198303","0.5533726811408997, 0.782311201095581","0.41502541303634644, 0.7748334407806396","0.43237924575805664, 0.34951144456863403",0.5043553113937378,0.3878564238548279,0.43218880891799927,0.39031916856765747,0.5210968255996704,0.5352042317390442,0.46972355246543884,0.5336446166038513,0.46827206015586853,0.3890877962112427,0.4954101890325546,0.5344244241714478,-100.57680910768605,Forward
2.002002002002002,39.48434912841917,66.49397126702661,155.33802002745753,135.92714290934188,185.06354217376685,212.52849211636504,180.88757423610676,182.67428030478175,"0.5006811618804932, 0.38135308027267456","0.428413063287735, 0.3906557559967041","0.5055176615715027, 0.4704813063144684","0.41629260778427124, 0.45961594581604004","0.526908814907074, 0.529171884059906","0.47086629271507263, 0.53119957447052","0.5509189367294312, 0.6450680494308472","0.4386666417121887, 0.642217755317688","0.4456201493740082, 0.4722134470939636","0.3885142207145691, 0.4850851893424988","0.5544685125350952, 0.7804917693138123","0.4149564206600189, 0.7749086618423462","0.4238504469394684, 0.34932035207748413",0.5006811618804932,0.38135308027267456,0.428413063287735,0.3906557559967041,0.526908814907074,0.529171884059906,0.47086629271507263,0.53119957447052,0.4645471125841141,0.38600441813468933,0.4988875538110733,0.530185729265213,-103.39684412749398,Forward
2.035368702035369,42.10793119117284,69.64054607813702,160.6716469668639,139.5038148553584,185.41131475877387,212.5971718013743,182.11053077698548,185.11633226293472,"0.5029112696647644, 0.3847959041595459","0.42480549216270447, 0.4108680188655853","0.5066860914230347, 0.4726598858833313","0.427878201007843, 0.49402934312820435","0.5323702096939087, 0.5280746221542358","0.4750388264656067, 0.5314706563949585","0.5588889122009277, 0.6458922624588013","0.4499579071998596, 0.6362598538398743","0.4616197645664215, 0.5127929449081421","0.4596266746520996, 0.4822293221950531","0.5556779503822327, 0.7794688940048218","0.41547292470932007, 0.7604346871376038","0.4245680272579193, 0.37125951051712036",0.5029112696647644,0.3847959041595459,0.42480549216270447,0.4108680188655853,0.5323702096939087,0.5280746221542358,0.4750388264656067,0.5314706563949585,0.46385838091373444,0.3978319615125656,0.5037045180797577,0.5297726392745972,-106.80433703467831,Forward
2.0687354020687354,46.55393966695575,73.2112189658388,166.0965877515023,143.43408172580817,185.6983557659585,212.5425914945153,183.29450773715587,187.72750209712893,"0.5338543653488159, 0.4344976842403412","0.427155077457428, 0.4280579686164856","0.5261813402175903, 0.4862821698188782","0.43946361541748047, 0.48058828711509705","0.5356353521347046, 0.5242925882339478","0.48102355003356934, 0.5257545113563538","0.5551650524139404, 0.6453920602798462","0.4591105580329895, 0.6364765167236328","0.5196639895439148, 0.5289689302444458","0.48335975408554077, 0.49735409021377563","0.5567329525947571, 0.7795457243919373","0.41539230942726135, 0.7634692192077637","0.4920966625213623, 0.4738916754722595",0.5338543653488159,0.4344976842403412,0.427155077457428,0.4280579686164856,0.5356353521347046,0.5242925882339478,0.48102355003356934,0.5257545113563538,0.48050472140312195,0.4312778264284134,0.508329451084137,0.5250235497951508,-106.53144977958647,Forward
2.1021021021021022,51.47223954218736,84.28343164423671,174.1095878213952,148.86160721949892,185.9139535644669,212.3654034826869,184.44822359720683,190.44920338312545,"0.5255032777786255, 0.4294678568840027","0.44275933504104614, 0.42014795541763306","0.5329570770263672, 0.4862281382083893","0.4660795331001282, 0.47121134400367737","0.5410321950912476, 0.5257308483123779","0.49336522817611694, 0.5255741477012634","0.5549572706222534, 0.6497722864151001","0.4727714955806732, 0.6423602104187012","0.5436555743217468, 0.5344755053520203","0.5235041379928589, 0.5037363767623901","0.5575760006904602, 0.7799702882766724","0.41566991806030273, 0.7655718326568604","0.43883848190307617, 0.42343902587890625",0.5255032777786255,0.4294678568840027,0.44275933504104614,0.42014795541763306,0.5410321950912476,0.5257308483123779,0.49336522817611694,0.5255741477012634,0.4841313064098358,0.42480790615081787,0.5171987116336823,0.5256524980068207,-108.15455507608733,Forward
2.135468802135469,57.997443220897225,87.3133737375198,183.8889157896114,152.24431858224222,186.0572776758235,212.16496001149773,185.4312581135975,193.33842648573136,"0.5213277339935303, 0.4020046293735504","0.44078174233436584, 0.41159749031066895","0.5501232147216797, 0.4790704846382141","0.4502648413181305, 0.46069732308387756","0.5494399666786194, 0.5280731916427612","0.49666517972946167, 0.5304450392723083","0.5557858943939209, 0.6525518298149109","0.47791925072669983, 0.6515809297561646","0.5897241830825806, 0.5050181746482849","0.5165979266166687, 0.4796324372291565","0.5581077337265015, 0.7821916341781616","0.4157063364982605, 0.7667130827903748","0.439026415348053, 0.40314215421676636",0.5213277339935303,0.4020046293735504,0.44078174233436584,0.41159749031066895,0.5494399666786194,0.5280731916427612,0.49666517972946167,0.5304450392723083,0.48105473816394806,0.4068010598421097,0.5230525732040405,0.5292591154575348,-108.9297586742245,Forward
2.1688355021688355,65.68291847309314,92.12481890704032,187.0165007900441,154.63045989085012,185.9345885074402,211.84506499480923,186.31548315297812,196.29263083665924,"0.516646683216095, 0.40090426802635193","0.4479900300502777, 0.40738505125045776","0.5761995315551758, 0.43084198236465454","0.4805169701576233, 0.42915669083595276","0.5440288782119751, 0.5380220413208008","0.5123052597045898, 0.5408958196640015","0.5437541604042053, 0.6582894921302795","0.48247966170310974, 0.6593635678291321","0.5388332605361938, 0.4454347491264343","0.5163258910179138, 0.44880056381225586","0.5579591989517212, 0.7842372059822083","0.41247066855430603, 0.769890546798706","0.4601840078830719, 0.3745003938674927",0.516646683216095,0.40090426802635193,0.4479900300502777,0.40738505125045776,0.5440288782119751,0.5380220413208008,0.5123052597045898,0.5408958196640015,0.48231835663318634,0.40414465963840485,0.5281670689582825,0.5394589304924011,-108.71798969892082,Forward
2.2022022022022023,74.90758626859136,99.17585899432734,187.01588230139785,157.81011542906174,185.7756051034264,211.3936063752649,187.1586737954214,199.1974128279141,"0.4948118329048157, 0.36826711893081665","0.45149850845336914, 0.406970739364624","0.5627948641777039, 0.3799368143081665","0.5182415246963501, 0.4099128246307373","0.5542166829109192, 0.5390408039093018","0.5101932287216187, 0.5437029600143433","0.5526331067085266, 0.6596568822860718","0.485722154378891, 0.6598536372184753","0.6207603216171265, 0.37467414140701294","0.583884596824646, 0.39430075883865356","0.5579176545143127, 0.7846962213516235","0.40783971548080444, 0.7685015201568604","0.43281441926956177, 0.35323646664619446",0.4948118329048157,0.36826711893081665,0.45149850845336914,0.406970739364624,0.5542166829109192,0.5390408039093018,0.5101932287216187,0.5437029600143433,0.4731551706790924,0.38761892914772034,0.5322049558162689,0.5413718819618225,-111.00959896378544,Forward
2.235568902235569,84.31457511059253,106.20814573908568,186.68615237246544,157.29890396323293,185.6335880358635,210.7502909376529,187.858558467498,202.0207301854884,"0.4947024881839752, 0.37100929021835327","0.4547952711582184, 0.4060109555721283","0.5561334490776062, 0.3572874367237091","0.5060465931892395, 0.380717396736145","0.550834059715271, 0.5393832921981812","0.5219756364822388, 0.542000412940979","0.55368572473526, 0.6589293479919434","0.49301648139953613, 0.6592642068862915","0.5855286717414856, 0.3298519253730774","0.5322687029838562, 0.3553469181060791","0.5576432943344116, 0.7863885164260864","0.40326476097106934, 0.7640971541404724","0.43873125314712524, 0.3518415093421936",0.4947024881839752,0.37100929021835327,0.4547952711582184,0.4060109555721283,0.550834059715271,0.5393832921981812,0.5219756364822388,0.542000412940979,0.4747488796710968,0.3885101228952408,0.5364048480987549,0.5406918525695801,-112.05518183819765,Forward
2.2689356022689355,94.37210375482638,113.9091486125238,184.98051711673537,157.4670458892353,185.49743060781785,209.81030342251375,188.4364664919697,204.7697593306908,"0.4958244264125824, 0.37193143367767334","0.4623824954032898, 0.4003399908542633","0.5486180186271667, 0.3402055501937866","0.4864254891872406, 0.38288944959640503","0.5540178418159485, 0.5388489365577698","0.5206108093261719, 0.540942907333374","0.5608435273170471, 0.6578366756439209","0.49712100625038147, 0.6583460569381714","0.5654622912406921, 0.29029637575149536","0.5106214880943298, 0.3457595109939575","0.5571000576019287, 0.7865244150161743","0.40261346101760864, 0.7602099180221558","0.4572322368621826, 0.3388865888118744",0.4958244264125824,0.37193143367767334,0.4623824954032898,0.4003399908542633,0.5540178418159485,0.5388489365577698,0.5206108093261719,0.540942907333374,0.4791034609079361,0.3861357122659683,0.5373143255710602,0.5398959219455719,-110.73576923754518,Forward
2.3023023023023024,111.87846708259048,127.2886923205075,186.67745797691336,162.08533013332735,185.3477076462545,208.7739075085356,188.91503902312712,207.45350401754837,"0.4968554973602295, 0.3590264320373535","0.46712154150009155, 0.36379435658454895","0.522335410118103, 0.37375950813293457","0.48600658774375916, 0.33528703451156616","0.5524852871894836, 0.5338560342788696","0.5206904411315918, 0.5359593629837036","0.5627518892288208, 0.6558541059494019","0.5011440515518188, 0.6574642658233643","0.5601228475570679, 0.36160266399383545","0.5153229832649231, 0.3119677007198334","0.5569989681243896, 0.7859769463539124","0.39817824959754944, 0.758529007434845","0.5231415033340454, 0.3147152066230774",0.4968554973602295,0.3590264320373535,0.46712154150009155,0.36379435658454895,0.5524852871894836,0.5338560342788696,0.5206904411315918,0.5359593629837036,0.4819885194301605,0.36141039431095123,0.5365878641605377,0.5349076986312866,-107.4687116348578,Forward
2.335669002335669,128.52702677951262,141.21137143583118,184.65865564923644,163.87937145546624,184.99438819866737,207.2448651406937,189.32421149180396,209.9683899888841,"0.487616628408432, 0.3648168444633484","0.4783863127231598, 0.370132178068161","0.5027499198913574, 0.3280937969684601","0.49760645627975464, 0.33127647638320923","0.5461620092391968, 0.5310335159301758","0.5232384204864502, 0.5321089625358582","0.5623107552528381, 0.6545400023460388","0.5028597116470337, 0.6573359370231628","0.5198718309402466, 0.27789872884750366","0.5142799615859985, 0.2798527479171753","0.5564397573471069, 0.7860184907913208","0.39838236570358276, 0.7567779421806335","0.5016249418258667, 0.31594544649124146",0.487616628408432,0.3648168444633484,0.4783863127231598,0.370132178068161,0.5461620092391968,0.5310335159301758,0.5232384204864502,0.5321089625358582,0.4830014705657959,0.3674745112657547,0.5347002148628235,0.531571239233017,-107.48705575782196,Forward
2.369035702369036,145.1076521042604,154.94611393985406,182.15891522903647,165.3918521816811,184.5799750407134,205.6489202728113,189.64718842664732,212.3405376555638,"0.4726182818412781, 0.36772146821022034","0.49505615234375, 0.3615105152130127","0.459928423166275, 0.32741543650627136","0.4924071431159973, 0.32838860154151917","0.5244516134262085, 0.5282322764396667","0.5305728912353516, 0.5282505750656128","0.5625988841056824, 0.6630376577377319","0.5056816935539246, 0.6575731039047241","0.45078420639038086, 0.28591376543045044","0.4419069290161133, 0.2961881756782532","0.5560078620910645, 0.7858072519302368","0.3973073363304138, 0.7558441162109375","0.5020953416824341, 0.31891098618507385",0.4726182818412781,0.36772146821022034,0.49505615234375,0.3615105152130127,0.5244516134262085,0.5282322764396667,0.5305728912353516,0.5282505750656128,0.48383721709251404,0.3646159917116165,0.52751225233078,0.5282414257526398,-104.94501153405548,Forward
2.4024024024024024,161.31339962001272,168.20107592800608,179.23034992067753,166.59489484849493,184.1108693433437,204.0133202900015,189.8784241833728,214.5471768229456,"0.4774850010871887, 0.3658923804759979","0.4915887415409088, 0.3589041233062744","0.48358017206192017, 0.32849177718162537","0.4858090877532959, 0.3197724223136902","0.5231733918190002, 0.5245705246925354","0.530859112739563, 0.5244070291519165","0.561374843120575, 0.6657748222351074","0.5062340497970581, 0.6572272181510925","0.4749729037284851, 0.3063437044620514","0.4603278636932373, 0.309196412563324","0.5549591183662415, 0.7848122119903564","0.3975714147090912, 0.7561261057853699","0.5035697221755981, 0.31138840317726135",0.4774850010871887,0.3658923804759979,0.4915887415409088,0.3589041233062744,0.5231733918190002,0.5245705246925354,0.530859112739563,0.5244070291519165,0.48453687131404877,0.36239825189113617,0.5270162522792816,0.524488776922226,-104.6853573745566,Forward
2.4357691024357693,176.83732588994943,180.68441349571776,175.9250729285248,167.46062199243207,183.59347227751056,202.3653125773789,190.0123731176972,216.5655372963892,"0.46642932295799255, 0.35928794741630554","0.505967378616333, 0.3519257605075836","0.46114739775657654, 0.3108142018318176","0.49004846811294556, 0.31141459941864014","0.5106269121170044, 0.5185736417770386","0.5350944399833679, 0.517564058303833","0.5539768934249878, 0.6647547483444214","0.5216585397720337, 0.6504265069961548","0.49104005098342896, 0.2994302213191986","0.4686896800994873, 0.3039094805717468","0.5530537962913513, 0.7813541293144226","0.45574960112571716, 0.7712925672531128","0.5034847855567932, 0.30568215250968933",0.46642932295799255,0.35928794741630554,0.505967378616333,0.3519257605075836,0.5106269121170044,0.5185736417770386,0.5350944399833679,0.517564058303833,0.4861983507871628,0.3556068539619446,0.5228606760501862,0.5180688500404358,-102.71675779807018,Forward
2.469135802469136,191.37248747725076,192.1042827384201,172.2951974569438,167.96115615001685,183.03418501416647,200.7321445200581,190.0434895853375,218.37284888125444,"0.466499000787735, 0.35133033990859985","0.5010880827903748, 0.34501150250434875","0.44816678762435913, 0.30965572595596313","0.48615533113479614, 0.3243379294872284","0.5103801488876343, 0.5146360397338867","0.5328208208084106, 0.5126808881759644","0.5473331212997437, 0.6644126176834106","0.5190580487251282, 0.6474286317825317","0.4495484232902527, 0.28876882791519165","0.4514187276363373, 0.2860133945941925","0.5520326495170593, 0.7798455953598022","0.4381817877292633, 0.7712001800537109","0.505879282951355, 0.3005513548851013",0.466499000787735,0.35133033990859985,0.5010880827903748,0.34501150250434875,0.5103801488876343,0.5146360397338867,0.5328208208084106,0.5126808881759644,0.48379354178905487,0.3481709212064743,0.5216004848480225,0.5136584639549255,-102.86882182444883,Forward
2.5025025025025025,204.61194094509665,202.16883975154377,168.3928367103,168.0686198577736,182.439408724264,199.1410635031539,189.96622794201076,219.9463413829011,"0.46752238273620605, 0.35030168294906616","0.50288987159729, 0.34582778811454773","0.45945706963539124, 0.315542995929718","0.4837420880794525, 0.3305910527706146","0.5136207342147827, 0.516065239906311","0.529739260673523, 0.5138072371482849","0.5523962378501892, 0.664658784866333","0.5196725726127625, 0.6466845273971558","0.44500118494033813, 0.29416942596435547","0.4504120945930481, 0.28914564847946167","0.5520721077919006, 0.7800875306129456","0.4129508435726166, 0.7619589567184448","0.5319842100143433, 0.2997882664203644",0.46752238273620605,0.35030168294906616,0.50288987159729,0.34582778811454773,0.5136207342147827,0.516065239906311,0.529739260673523,0.5138072371482849,0.48520612716674805,0.34806473553180695,0.5216799974441528,0.514936238527298,-102.32949560915105,Forward
2.5358692025358693,216.2487428566669,210.5862406305197,164.27010389295873,167.75513565222656,181.8155445787553,197.61931691178088,189.77504254343387,221.2632446066889,"0.4999476373195648, 0.3363332748413086","0.4754796624183655, 0.34932559728622437","0.4750691056251526, 0.32685142755508423","0.4428289830684662, 0.33395522832870483","0.5224512219429016, 0.5164846181869507","0.521355926990509, 0.5134658217430115","0.5541864633560181, 0.6641188859939575","0.5149821043014526, 0.6460809111595154","0.46510806679725647, 0.309104323387146","0.433662474155426, 0.296561062335968","0.5521003603935242, 0.7800305485725403","0.40654969215393066, 0.7575303316116333","0.5246543884277344, 0.2985200881958008",0.4999476373195648,0.3363332748413086,0.4754796624183655,0.34932559728622437,0.5224512219429016,0.5164846181869507,0.521355926990509,0.5134658217430115,0.48771364986896515,0.3428294360637665,0.5219035744667053,0.5149752199649811,-101.23335018776741,Forward
2.569235902569236,225.9759497751417,217.06464147077884,159.9791122092853,166.9928260699001,181.16899374859292,196.19415213105373,189.4643877453238,222.30078835797764,"0.5151960253715515, 0.342570960521698","0.47092199325561523, 0.35086748003959656","0.5129877924919128, 0.328582227230072","0.4369601607322693, 0.3444627821445465","0.528606653213501, 0.515692412853241","0.5178498029708862, 0.5117005109786987","0.5490733981132507, 0.6510146260261536","0.5134479999542236, 0.6435446739196777","0.5042502880096436, 0.2915624976158142","0.429835706949234, 0.3002322316169739","0.551992654800415, 0.7805123329162598","0.40479230880737305, 0.7556737661361694","0.5251539945602417, 0.2967378795146942",0.5151960253715515,0.342570960521698,0.47092199325561523,0.35086748003959656,0.528606653213501,0.515692412853241,0.5178498029708862,0.5117005109786987,0.4930590093135834,0.3467192202806473,0.5232282280921936,0.5136964619159698,-100.24163147465606,Forward
2.6026026026026026,233.48661826370076,221.3121983677515,155.57197486364515,165.75381364731854,180.50615740472932,194.89281654608712,189.02871790339756,223.03620244212712,"0.5135732293128967, 0.3341575562953949","0.47176989912986755, 0.34562718868255615","0.48900070786476135, 0.3247269093990326","0.43384647369384766, 0.3374035954475403","0.5296072363853455, 0.5151146054267883","0.5176757574081421, 0.5112272500991821","0.5463359951972961, 0.6468185186386108","0.5135347843170166, 0.6439952850341797","0.46254944801330566, 0.30263638496398926","0.43344759941101074, 0.3044191598892212","0.5517951846122742, 0.7820541262626648","0.4047364592552185, 0.755020260810852","0.5333128571510315, 0.2896708846092224",0.5135732293128967,0.3341575562953949,0.47176989912986755,0.34562718868255615,0.5296072363853455,0.5151146054267883,0.5176757574081421,0.5112272500991821,0.49267156422138214,0.3398923724889755,0.5236414968967438,0.5131709277629852,-100.13343014157392,Forward
2.6359693026359694,238.47380488552423,223.0370674168689,151.1008050604038,164.01022092100618,179.8334367181169,193.7425575419957,188.46248737337203,223.44671666449707,"0.5089033842086792, 0.33795595169067383","0.4756411910057068, 0.33941081166267395","0.4711579382419586, 0.32832807302474976","0.442953497171402, 0.33898407220840454","0.5255123376846313, 0.5147243738174438","0.5202078819274902, 0.5102609395980835","0.5434184670448303, 0.6456277370452881","0.5142748951911926, 0.6439753770828247","0.4420379102230072, 0.30645862221717834","0.4388962388038635, 0.30303773283958435","0.5518165826797485, 0.7836931347846985","0.4038087725639343, 0.7546159029006958","0.5300823450088501, 0.2860393524169922",0.5089033842086792,0.33795595169067383,0.4756411910057068,0.33941081166267395,0.5255123376846313,0.5147243738174438,0.5202078819274902,0.5102609395980835,0.492272287607193,0.3386833816766739,0.5228601098060608,0.5124926567077637,-99.98099469014315,Forward
2.669336002669336,240.63056620379223,221.9474047135614,146.6177160039265,161.7341704274873,179.15723285970805,192.7706225038941,187.76015051096425,223.5095608304473,"0.5121201276779175, 0.33785662055015564","0.4783082604408264, 0.3371303677558899","0.4686602056026459, 0.3371468186378479","0.4416218400001526, 0.3559167981147766","0.5246579647064209, 0.5146175622940063","0.5201557278633118, 0.5104078054428101","0.5415412187576294, 0.6454392671585083","0.5144830942153931, 0.6437994241714478","0.43800845742225647, 0.3090556263923645","0.4389092028141022, 0.3057783246040344","0.5519487857818604, 0.7839652895927429","0.40417495369911194, 0.7539833188056946","0.5325189828872681, 0.28802019357681274",0.5121201276779175,0.33785662055015564,0.4783082604408264,0.3371303677558899,0.5246579647064209,0.5146175622940063,0.5201557278633118,0.5104078054428101,0.49521419405937195,0.33749349415302277,0.5224068462848663,0.5125126838684082,-98.8314085546848,Forward
2.702702702702702,239.64995878168477,217.7513663532605,142.1748208985787,158.89778470328628,178.48394700045515,192.0042588168971,186.9161616718912,223.2019647453376,"0.4995253086090088, 0.33945074677467346","0.4992567002773285, 0.335223525762558","0.4420126974582672, 0.3346967399120331","0.45597609877586365, 0.3334888219833374","0.5178049206733704, 0.5135542154312134","0.5232023000717163, 0.5088666677474976","0.5405160784721375, 0.6448283195495605","0.5145574808120728, 0.6432496309280396","0.43365398049354553, 0.31549668312072754","0.44323474168777466, 0.30653172731399536","0.5523794889450073, 0.7840186357498169","0.4044032096862793, 0.7542333602905273","0.5354827642440796, 0.28342193365097046",0.4995253086090088,0.33945074677467346,0.4992567002773285,0.335223525762558,0.5178049206733704,0.5135542154312134,0.5232023000717163,0.5088666677474976,0.49939100444316864,0.3373371362686157,0.5205036103725433,0.5112104415893555,-96.92326019489246,Forward
2.736069402736069,235.22503918238107,210.15710843139647,137.8242329487258,155.47318628492735,177.81998031131073,191.4707138661193,185.9249752118697,222.50115821452763,"0.47481441497802734, 0.34056660532951355","0.5073636770248413, 0.3339715301990509","0.4384201169013977, 0.33786359429359436","0.4795253872871399, 0.31870490312576294","0.5104094743728638, 0.512572169303894","0.5257037878036499, 0.5072835087776184","0.5379126071929932, 0.6443716883659363","0.5145900249481201, 0.6428934335708618","0.427628755569458, 0.31592515110969543","0.45527568459510803, 0.3017590641975403","0.552685558795929, 0.7844642996788025","0.4044526517391205, 0.7554011940956116","0.5151995420455933, 0.28599032759666443",0.47481441497802734,0.34056660532951355,0.5073636770248413,0.3339715301990509,0.5104094743728638,0.512572169303894,0.5257037878036499,0.5072835087776184,0.4910890460014343,0.3372690677642822,0.5180566310882568,0.5099278390407562,-98.87730706027564,Forward
2.7694361027694363,227.0488639690621,198.87278704340028,133.6180653587332,151.4324977089349,177.1717339632271,191.19723503667527,184.78104548661693,221.38437104337729,"0.4802241921424866, 0.3374471068382263","0.5082738399505615, 0.33006665110588074","0.44996610283851624, 0.3218347430229187","0.49812859296798706, 0.29764991998672485","0.5119653940200806, 0.5108051896095276","0.5252687931060791, 0.5068084001541138","0.5371373295783997, 0.6435787081718445","0.5144578218460083, 0.6430360078811646","0.4389561712741852, 0.3100828230381012","0.4802075922489166, 0.27450957894325256","0.5528903603553772, 0.7844599485397339","0.4032735228538513, 0.7560393810272217","0.5173143148422241, 0.28029540181159973",0.4802241921424866,0.3374471068382263,0.5082738399505615,0.33006665110588074,0.5119653940200806,0.5108051896095276,0.5252687931060791,0.5068084001541138,0.49424901604652405,0.33375687897205353,0.5186170935630798,0.5088067948818207,-97.92501254982504,Forward
2.802802802802803,214.81448970490757,183.60655828470257,129.6084313329663,146.7478415118332,176.54560912715675,191.2110697136799,183.4788268518497,219.8288330372463,"0.4785253405570984, 0.34620970487594604","0.5093551278114319, 0.3304196298122406","0.44093436002731323, 0.3323501944541931","0.4943946301937103, 0.30154627561569214","0.5080339312553406, 0.5101146697998047","0.5265377759933472, 0.5051113367080688","0.5339930057525635, 0.6421768665313721","0.5170220732688904, 0.6409088373184204","0.4303547441959381, 0.3162476420402527","0.4741477966308594, 0.2847011387348175","0.5529412627220154, 0.7839636206626892","0.40336617827415466, 0.7565802335739136","0.5085462331771851, 0.28241437673568726",0.4785253405570984,0.34620970487594604,0.5093551278114319,0.3304196298122406,0.5080339312553406,0.5101146697998047,0.5265377759933472,0.5051113367080688,0.49394023418426514,0.3383146673440933,0.5172858536243439,0.5076130032539368,-97.85136207649388,Forward
2.836169502836169,198.2149729530972,164.06657825073432,125.84744407579046,141.39134023014654,175.9480069740521,191.53946528224768,182.012773663285,217.81177400149448,"0.4860498309135437, 0.3455294072628021","0.4940307140350342, 0.33149340748786926","0.45528095960617065, 0.3347964882850647","0.4763725697994232, 0.30620765686035156","0.5095261335372925, 0.5093932151794434","0.5254364013671875, 0.5046567320823669","0.5344400405883789, 0.642058253288269","0.5170615911483765, 0.6404383778572083","0.434621661901474, 0.3192175328731537","0.46555107831954956, 0.29766276478767395","0.5528480410575867, 0.7838040590286255","0.4035305380821228, 0.7592974901199341","0.4607755243778229, 0.2887764275074005",0.4860498309135437,0.3455294072628021,0.4940307140350342,0.33149340748786926,0.5095261335372925,0.5093932151794434,0.5254364013671875,0.5046567320823669,0.49004027247428894,0.3385114073753357,0.51748126745224,0.5070249736309052,-99.24894604297077,Forward
2.8695362028695364,176.943370276811,139.9610030369262,122.38721679157108,135.33511640039933,175.38532867486552,192.20966912749333,180.37734027663984,215.31042374148157,"0.49159082770347595, 0.34467390179634094","0.5006151795387268, 0.32749873399734497","0.4444599747657776, 0.35514646768569946","0.4688985347747803, 0.33620312809944153","0.5108786821365356, 0.5095912218093872","0.5252164602279663, 0.5047706365585327","0.534389078617096, 0.6424593329429626","0.5167729258537292, 0.6406047940254211","0.4387761652469635, 0.3199039399623871","0.4487232267856598, 0.30745598673820496","0.552839994430542, 0.7837966084480286","0.40358176827430725, 0.7612056136131287","0.48571720719337463, 0.2891974151134491",0.49159082770347595,0.34467390179634094,0.5006151795387268,0.32749873399734497,0.5108786821365356,0.5095912218093872,0.5252164602279663,0.5047706365585327,0.4961030036211014,0.33608631789684296,0.518047571182251,0.50718092918396,-97.30884360608935,Forward
