Time,Left Shoulder Angle,Right Shoulder Angle,Left Elbow Angle,Right Elbow Angle,Left Hip Angle,Right Hip Angle,Left Knee Angle,Right Knee Angle,"x, y Left Shoulder","x, y Right Shoulder","x, y Left Elbow","x, y Right Elbow","x, y Left Hip","x, y Right Hip","x, y Left Knee","x, y Right Knee","x, y Left Wrist","x, y Right Wrist","x, y Left Ankle","x, y Right Ankle","x, y Nose","x, y Shoulder Spine","x, y Hip Spine",Spine Angle,Leaning
0.0,4.974177490018808,5.917655657884882,172.7602141150488,154.85161355447016,168.0388320094454,201.12349935701613,180.04492468268054,181.07053779982908,"0.5152065753936768, 0.3397907614707947","0.4257389008998871, 0.3593541383743286","0.50501948595047, 0.42160192131996155","0.4495316445827484, 0.43318772315979004","0.515147864818573, 0.48918524384498596","0.4633200168609619, 0.49564749002456665","0.5408937931060791, 0.6084135174751282","0.4378454089164734, 0.610754668712616","0.4883427619934082, 0.49574756622314453","0.47616273164749146, 0.505610466003418","0.5612131357192993, 0.7221786379814148","0.413135290145874, 0.7241114377975464","0.44692954421043396, 0.29561203718185425","0.470, 0.350","0.489, 0.492",-97.48243212394014,Forward
0.0333667000333667,5.241186640154306,3.909302433933494,178.23560890965555,166.0043980570782,167.89266812413712,204.2741446027179,181.2622783357867,180.0315448006548,"0.515300452709198, 0.34022706747055054","0.42561760544776917, 0.3613792359828949","0.5059328675270081, 0.42319154739379883","0.44952669739723206, 0.4347936511039734","0.5153104066848755, 0.4902121424674988","0.4628233015537262, 0.4960870146751404","0.540890097618103, 0.608222484588623","0.4377845823764801, 0.6104102730751038","0.490436315536499, 0.49604931473731995","0.4756649136543274, 0.505670428276062","0.5613898634910583, 0.7220801115036011","0.4137042462825775, 0.7227632403373718","0.4471642076969147, 0.2958506941795349","0.470, 0.351","0.489, 0.493",-97.44759453373604,Forward
0.0667334000667334,5.824923313475766,2.4534182433430805,182.2626725128612,175.21198711116435,167.79550135148313,206.853767745618,182.25717642233397,179.15957602690924,"0.5153509378433228, 0.34049421548843384","0.42558446526527405, 0.3621669113636017","0.5061924457550049, 0.4231577515602112","0.4495159983634949, 0.4352460503578186","0.5154842734336853, 0.4923233389854431","0.4626590609550476, 0.4972631335258484","0.5414289236068726, 0.6077030897140503","0.4377843737602234, 0.6103878617286682","0.4905877709388733, 0.49605903029441833","0.4744909405708313, 0.5056230425834656","0.561576783657074, 0.7220786213874817","0.41450709104537964, 0.7216008901596069","0.44779449701309204, 0.29500991106033325","0.470, 0.351","0.489, 0.495",-97.38877391778074,Forward
0.1001001001001001,6.69452979712391,1.510087461012759,184.9452423827729,182.60313768160097,167.74583701660825,208.896892707671,183.0441229700078,178.4450871149097,"0.5153302550315857, 0.3406488299369812","0.42556923627853394, 0.36277517676353455","0.5048702955245972, 0.42317524552345276","0.45028600096702576, 0.43537387251853943","0.5153428912162781, 0.49312257766723633","0.4627092480659485, 0.49762147665023804","0.5415789484977722, 0.6074375510215759","0.43799924850463867, 0.6092153787612915","0.49044832587242126, 0.49656519293785095","0.4746164381504059, 0.5056289434432983","0.5615803003311157, 0.7220199108123779","0.4149363040924072, 0.7212138175964355","0.44785356521606445, 0.2951935827732086","0.470, 0.352","0.489, 0.495",-97.36789289640912,Forward
0.1334668001334668,7.819148378239461,1.0393944618416482,186.3871559774979,188.30660673326048,167.7421804446373,210.43804341083165,183.6376220064938,177.8785337009736,"0.514996349811554, 0.3406662046909332","0.42560869455337524, 0.36297935247421265","0.5045997500419617, 0.42278212308883667","0.4501672387123108, 0.4357927739620209","0.5154174566268921, 0.4939131736755371","0.4627053141593933, 0.49793848395347595","0.5417652726173401, 0.6072824001312256","0.43783038854599, 0.6089573502540588","0.4904404282569885, 0.4966294765472412","0.47413912415504456, 0.5056597590446472","0.5618871450424194, 0.7216656804084778","0.4150075912475586, 0.7205751538276672","0.4473162591457367, 0.2950642704963684","0.470, 0.352","0.489, 0.496",-97.41686924836837,Forward
0.1668335001668335,9.16792134396314,1.0014236207288665,186.6922507551434,192.45115123101527,167.7830369606951,211.51174377705445,184.05217755947749,177.45037142141825,"0.5147372484207153, 0.34095636010169983","0.42561259865760803, 0.36334148049354553","0.5015044808387756, 0.4240897595882416","0.4503013491630554, 0.4360656142234802","0.5156002640724182, 0.4944716989994049","0.4627059996128082, 0.4983065128326416","0.5418683290481567, 0.6071873903274536","0.4375595450401306, 0.6097339391708374","0.49041447043418884, 0.49648627638816833","0.473774254322052, 0.5044704675674438","0.5621316432952881, 0.7212465405464172","0.415036141872406, 0.7206710577011108","0.4473226070404053, 0.2979516088962555","0.470, 0.352","0.489, 0.496",-97.49555952425374,Forward
0.2002002002002002,10.70999098143567,1.3562593125735305,185.9643641738165,195.16552813973772,167.8669118899065,212.1525177282941,184.3022936566444,177.1510559125609,"0.5144655704498291, 0.3409566581249237","0.4255663752555847, 0.3632872998714447","0.5017046928405762, 0.42284202575683594","0.45011043548583984, 0.43604937195777893","0.5159903764724731, 0.4943421483039856","0.46188297867774963, 0.4983033239841461","0.5426205992698669, 0.6063116788864136","0.4376927316188812, 0.6094679832458496","0.4932800233364105, 0.49585598707199097","0.47246742248535156, 0.5038933753967285","0.5622668862342834, 0.7205583453178406","0.4162973463535309, 0.7197378277778625","0.4474664628505707, 0.30083560943603516","0.470, 0.352","0.489, 0.496",-97.47512546786834,Forward
0.2335669002335669,12.414499577797772,2.063985912274761,184.30733369162448,196.57849442430023,167.99231055739628,212.39488918650525,184.40247432568,176.97104281071904,"0.5140745043754578, 0.3409612774848938","0.4260285794734955, 0.3632848262786865","0.501840353012085, 0.42517226934432983","0.4502899646759033, 0.43657249212265015","0.5173298120498657, 0.4943118095397949","0.4621008336544037, 0.49780869483947754","0.5426271557807922, 0.6070668697357178","0.43644899129867554, 0.608005702495575","0.495486319065094, 0.4958442747592926","0.47180479764938354, 0.5029038190841675","0.5623182058334351, 0.7205628156661987","0.4162655472755432, 0.723659873008728","0.44759315252304077, 0.3038361966609955","0.470, 0.352","0.490, 0.496",-97.7792266662554,Forward
0.2669336002669336,14.250589420190174,3.084687794731674,181.82499676667445,196.8188070495752,168.15773828828924,212.27338207364247,184.36722359426983,176.90078775220988,"0.5136973261833191, 0.34087637066841125","0.42653194069862366, 0.36333799362182617","0.5005229115486145, 0.42511171102523804","0.45073145627975464, 0.4365900158882141","0.5173004865646362, 0.4950721859931946","0.4621613919734955, 0.4978780150413513","0.542750895023346, 0.6099486947059631","0.43510669469833374, 0.6097010970115662","0.4954335689544678, 0.4948395788669586","0.4714714586734772, 0.5021104216575623","0.5624163150787354, 0.7206162810325623","0.412775456905365, 0.7425915002822876","0.4479554295539856, 0.3051791787147522","0.470, 0.352","0.490, 0.496",-97.7378012362789,Forward
0.3003003003003003,16.18740279575359,4.378449334843388,178.62119085707366,196.0152229804349,168.3617004077102,211.82252031166053,184.21104549009948,176.93074637335084,"0.5117508172988892, 0.3407090902328491","0.4268895089626312, 0.3633163571357727","0.4981633126735687, 0.4250872731208801","0.45083990693092346, 0.4365728497505188","0.5171268582344055, 0.4944189190864563","0.4622611999511719, 0.4974192678928375","0.5430635213851929, 0.6100041270256042","0.43358883261680603, 0.6099093556404114","0.48760247230529785, 0.4913717210292816","0.46858325600624084, 0.5021855235099792","0.5625845193862915, 0.7206017374992371","0.41230636835098267, 0.7316390872001648","0.4479193091392517, 0.3080580532550812","0.469, 0.352","0.490, 0.496",-98.05822287015613,Forward
0.333667000333667,18.194081991628742,5.905354907509026,174.79975342092925,194.29649918175187,168.602702240784,211.07682782251396,183.94844404085444,177.05137431045918,"0.5094839930534363, 0.34071844816207886","0.42690134048461914, 0.36322715878486633","0.49646180868148804, 0.4205148220062256","0.4474891126155853, 0.43658310174942017","0.517107367515564, 0.49381223320961","0.46170806884765625, 0.49569329619407654","0.5432793498039246, 0.6099709272384644","0.4335530698299408, 0.6097772121429443","0.4843962788581848, 0.4905179440975189","0.4604782462120056, 0.501702606678009","0.5626863241195679, 0.7205194234848022","0.41245317459106445, 0.7221519351005554","0.4478898048400879, 0.30699634552001953","0.468, 0.352","0.489, 0.495",-98.45149536302033,Forward
0.3670337003670337,20.239769294956364,7.625488887627695,170.46452191634845,191.7913926183984,168.87924911263545,210.07082852815736,183.59392327422023,177.25312719985232,"0.5067920088768005, 0.3429284691810608","0.4248522222042084, 0.3632686734199524","0.4939447343349457, 0.4205324649810791","0.4363633096218109, 0.4379635751247406","0.5170745253562927, 0.4938145577907562","0.4606349468231201, 0.49578458070755005","0.5432764291763306, 0.6095865964889526","0.4332779347896576, 0.610664427280426","0.4806872010231018, 0.4977911114692688","0.44699162244796753, 0.5075417757034302","0.5628343224525452, 0.7204049229621887","0.4130402207374573, 0.7207669019699097","0.44771647453308105, 0.30637040734291077","0.466, 0.353","0.489, 0.495",-99.23233195898192,Forward
0.4004004004004004,22.29360699287717,9.498935650098527,165.71933380143844,188.62866025524696,169.18984634838938,208.83904635054543,183.16198721788243,177.52646067784752,"0.5069135427474976, 0.34536659717559814","0.42388254404067993, 0.36345669627189636","0.48928889632225037, 0.4217427372932434","0.4334299564361572, 0.4379907250404358","0.5167021155357361, 0.4951024651527405","0.45988360047340393, 0.4982280135154724","0.5428940057754517, 0.608838677406311","0.43261367082595825, 0.6106480360031128","0.46039748191833496, 0.4976734519004822","0.43399229645729065, 0.5103456377983093","0.5631133317947388, 0.7203615307807922","0.41347914934158325, 0.7209309339523315","0.44764479994773865, 0.3070468008518219","0.465, 0.354","0.488, 0.497",-99.1429875981033,Forward
0.4337671004337671,24.32473737253188,11.485779569820629,160.66802653430636,184.93705905716988,169.53299927317056,207.41600521163284,182.6671398995265,177.86183038076217,"0.5072816610336304, 0.3452562987804413","0.4225316047668457, 0.3622247874736786","0.478048712015152, 0.38571277260780334","0.42759937047958374, 0.43761977553367615","0.5161550641059875, 0.49807628989219666","0.4583415985107422, 0.501903235912323","0.5428754091262817, 0.6095714569091797","0.43239110708236694, 0.6117170453071594","0.4457259774208069, 0.3442726135253906","0.4243405759334564, 0.5078269839286804","0.5631268620491028, 0.7204515933990479","0.4138127267360687, 0.7206850647926331","0.4462069869041443, 0.30666449666023254","0.465, 0.354","0.487, 0.500",-98.68561479795756,Forward
0.4671338004671338,26.302302721061213,13.54610502169313,155.41443757305944,180.84534598903957,169.90721321210384,205.8362290333741,182.123885346838,178.2496919449136,"0.504420816898346, 0.34498319029808044","0.4205692410469055, 0.3616280257701874","0.47651997208595276, 0.37178537249565125","0.41903382539749146, 0.43744850158691406","0.5143636465072632, 0.4979826807975769","0.457815021276474, 0.5029848217964172","0.5426574945449829, 0.6095378994941711","0.43267956376075745, 0.6118912696838379","0.4541443884372711, 0.3309769928455353","0.41200414299964905, 0.5075244307518005","0.5631855130195618, 0.7204843759536743","0.41412144899368286, 0.7203887104988098","0.4462675154209137, 0.30642208456993103","0.462, 0.353","0.486, 0.500",-99.10766151746716,Forward
0.5005005005005005,28.195445325605903,15.639996380615134,150.06240437580493,176.48227801572835,170.31099349031402,204.134241737724,181.5467275875025,178.68050100661912,"0.5030752420425415, 0.3449156880378723","0.4208456575870514, 0.36120614409446716","0.4782077670097351, 0.37230968475341797","0.41279786825180054, 0.4346286654472351","0.5135942697525024, 0.4974445402622223","0.45623978972435, 0.5026376843452454","0.5419431328773499, 0.6092389822006226","0.43427690863609314, 0.611947774887085","0.45098766684532166, 0.3507862687110901","0.40141353011131287, 0.502602756023407","0.5632697343826294, 0.7205434441566467","0.41426944732666016, 0.7204785943031311","0.44619378447532654, 0.302448034286499","0.462, 0.353","0.485, 0.500",-98.87720553218541,Forward
0.5338672005338673,29.97330747330667,17.727538021485774,144.71576440064987,171.97661210210873,170.74284543292595,202.3445672466371,180.9501706492054,179.14471320219613,"0.5011714100837708, 0.34476709365844727","0.4206658899784088, 0.35979148745536804","0.47975748777389526, 0.4109041690826416","0.4112063944339752, 0.4270184636116028","0.511896550655365, 0.4972230792045593","0.4538115859031677, 0.5023810863494873","0.540490984916687, 0.6084412336349487","0.4350137710571289, 0.611939549446106","0.4579492509365082, 0.4528658390045166","0.3956452012062073, 0.4920736849308014","0.563266396522522, 0.7205463647842407","0.4142840504646301, 0.7205597758293152","0.44603753089904785, 0.30121779441833496","0.461, 0.352","0.483, 0.500",-98.45744232069305,Forward
0.5672339005672339,31.605031451304477,19.768814319204274,139.47835510570275,167.45710521305423,171.20127436506584,200.5017294820696,180.34871855963377,179.6327841679633,"0.4991724491119385, 0.34447887539863586","0.4216670095920563, 0.3585623800754547","0.47488051652908325, 0.39968377351760864","0.410145103931427, 0.42115265130996704","0.5118788480758667, 0.4975581765174866","0.4540855288505554, 0.5030811429023743","0.5385555624961853, 0.6084557771682739","0.43499627709388733, 0.6122207641601562","0.4435196816921234, 0.4089357852935791","0.3836584985256195, 0.48662814497947693","0.5632441639900208, 0.7197914123535156","0.4142734408378601, 0.7206079959869385","0.44557031989097595, 0.29962998628616333","0.460, 0.352","0.483, 0.500",-98.62210403125789,Forward
0.6006006006006006,32.439268269342286,21.270531727686027,138.3387599871764,165.6357277524426,172.0533085599989,198.28444139482067,179.92104707630145,179.78677020655985,"0.4952644407749176, 0.3448174297809601","0.42169085144996643, 0.358585387468338","0.46838483214378357, 0.4101262092590332","0.4058855473995209, 0.42268189787864685","0.5119630098342896, 0.49854564666748047","0.45409971475601196, 0.5036803483963013","0.5373251438140869, 0.6085408926010132","0.43500953912734985, 0.6126128435134888","0.42071953415870667, 0.44481968879699707","0.38155248761177063, 0.4696907103061676","0.5632166862487793, 0.7196708917617798","0.41422128677368164, 0.7206467390060425","0.4448784291744232, 0.3012012839317322","0.458, 0.352","0.483, 0.501",-99.33235003017045,Forward
0.6339673006339673,32.8945867280008,22.84184562237584,131.05395649984936,164.09183737107148,172.39099838340454,196.2900221491452,180.2424757096585,180.0174520623284,"0.48696622252464294, 0.34520214796066284","0.4233849048614502, 0.3586283326148987","0.46861371397972107, 0.40003833174705505","0.4102841317653656, 0.4153673052787781","0.5112534165382385, 0.49876341223716736","0.45410671830177307, 0.5035775303840637","0.5351433753967285, 0.6080653667449951","0.4351792335510254, 0.6126203536987305","0.42566460371017456, 0.4164196848869324","0.3784675598144531, 0.4612274765968323","0.563164472579956, 0.719675600528717","0.4142243266105652, 0.7206880450248718","0.4437336325645447, 0.3034399747848511","0.455, 0.352","0.483, 0.501",-100.44123230263001,Forward
0.6673340006673341,33.82827079157652,24.1173752847106,127.67437011695328,162.79337626843252,172.89987105133497,194.59210693586576,180.09996239505784,180.33584070646705,"0.482674777507782, 0.34523341059684753","0.42476171255111694, 0.35399067401885986","0.469046026468277, 0.3910159468650818","0.41434773802757263, 0.4132029414176941","0.5069316625595093, 0.49890080094337463","0.45422133803367615, 0.5031431913375854","0.5337373614311218, 0.6066713929176331","0.4353414475917816, 0.6126424074172974","0.42753130197525024, 0.3804387152194977","0.40308672189712524, 0.4406985640525818","0.5627211928367615, 0.7196476459503174","0.4141969084739685, 0.7209911942481995","0.44377416372299194, 0.30776217579841614","0.454, 0.350","0.481, 0.501",-100.0589284370083,Forward
0.7007007007007008,33.7412135051336,25.08411271826205,130.82338003102873,167.80933811018687,173.3705273870506,192.89003662179417,179.96371544802676,180.8769155267977,"0.4833892285823822, 0.3452762961387634","0.4247688353061676, 0.35324808955192566","0.47010740637779236, 0.3931467831134796","0.4150329530239105, 0.40329647064208984","0.5037882328033447, 0.4993012547492981","0.4540901780128479, 0.5030303001403809","0.5327850580215454, 0.606674075126648","0.43538790941238403, 0.6131302118301392","0.43597474694252014, 0.38766810297966003","0.3898058235645294, 0.43541258573532104","0.562393069267273, 0.7195800542831421","0.41419124603271484, 0.7214054465293884","0.4441148340702057, 0.3147823214530945","0.454, 0.349","0.479, 0.501",-99.29449265460885,Forward
0.7340674007340674,26.382487237706464,25.059943452748424,128.19710834806514,169.7169745487118,173.6280095739203,192.22170985575727,180.04509398639823,180.84700417706463,"0.4772554337978363, 0.3491751253604889","0.4465327262878418, 0.35370856523513794","0.43756455183029175, 0.3941740393638611","0.44985514879226685, 0.4084303379058838","0.49861687421798706, 0.4995028078556061","0.45579656958580017, 0.5025660991668701","0.530321478843689, 0.6068118214607239","0.4359973073005676, 0.6133197546005249","0.35610103607177734, 0.40917104482650757","0.42973217368125916, 0.4403659403324127","0.5621472001075745, 0.7194046974182129","0.4141945242881775, 0.72244793176651","0.44069939851760864, 0.31476524472236633","0.462, 0.351","0.477, 0.501",-95.84457068053267,Forward
0.7674341007674341,25.98332457926996,23.90865632387938,127.08030634669696,169.04854130849367,174.37710137008605,191.4431079791391,179.34149435724575,181.65047285947475,"0.47840628027915955, 0.34880179166793823","0.4434191584587097, 0.35335132479667664","0.46010321378707886, 0.3842433989048004","0.4414757788181305, 0.38975220918655396","0.4997733533382416, 0.5001863241195679","0.4518260359764099, 0.5025932192802429","0.5294061899185181, 0.6074861288070679","0.43525367975234985, 0.6132327318191528","0.43797096610069275, 0.3462468981742859","0.433436781167984, 0.36624568700790405","0.5621171593666077, 0.719204306602478","0.41466259956359863, 0.7222521901130676","0.4413183629512787, 0.3136739730834961","0.461, 0.351","0.476, 0.501",-95.6561114950293,Forward
0.8008008008008008,26.02461437051657,23.25705352126273,127.04087329224242,167.95474629331056,175.12462158020244,190.89748825471028,178.53012420914462,182.32681938187017,"0.48003047704696655, 0.3492087125778198","0.4399629533290863, 0.3535850942134857","0.47778987884521484, 0.38388514518737793","0.4167953431606293, 0.3854277729988098","0.4973656237125397, 0.5010138154029846","0.44829806685447693, 0.5027462840080261","0.527145266532898, 0.6080875396728516","0.43360501527786255, 0.6133686900138855","0.4644065499305725, 0.3510482907295227","0.38961297273635864, 0.3759480118751526","0.5605506896972656, 0.7190912961959839","0.4146575331687927, 0.7215994596481323","0.44134703278541565, 0.3150304853916168","0.460, 0.351","0.473, 0.502",-94.87511882392084,Forward
0.8341675008341676,24.373582140115897,19.5612613021186,130.94151556263492,161.63074222289026,175.6392287082215,190.7724851247582,178.01820109062723,182.94302734472484,"0.48210853338241577, 0.3494909703731537","0.43718472123146057, 0.35353079438209534","0.4628404974937439, 0.38446348905563354","0.4181124269962311, 0.38485392928123474","0.4875859320163727, 0.5021312832832336","0.44897526502609253, 0.5029078722000122","0.5231544971466064, 0.6091371774673462","0.4335198998451233, 0.6134456396102905","0.42884713411331177, 0.3669617176055908","0.3948417901992798, 0.3776971399784088","0.5599377751350403, 0.7190979719161987","0.4144742488861084, 0.7215549349784851","0.43920692801475525, 0.3148553967475891","0.460, 0.352","0.468, 0.503",-93.27234212842347,Forward
0.8675342008675342,21.88838391905736,12.604616368581729,132.50496844900533,160.76732210204855,176.20000432629405,191.05058065192847,177.60375619869748,183.48555772068696,"0.48347702622413635, 0.35040009021759033","0.43657222390174866, 0.3540070652961731","0.4378664493560791, 0.3665688633918762","0.4109407067298889, 0.37254345417022705","0.490703821182251, 0.5019932985305786","0.4473155438899994, 0.5028901100158691","0.5211670994758606, 0.6091312170028687","0.43320760130882263, 0.6129285097122192","0.38986736536026, 0.350847065448761","0.401578426361084, 0.356010377407074","0.559990406036377, 0.719213604927063","0.41420358419418335, 0.7216295003890991","0.4349121153354645, 0.31521090865135193","0.460, 0.352","0.469, 0.502",-93.42252283405318,Forward
0.9009009009009008,19.771607332298515,8.253028939642615,133.26073244431615,159.8703551953146,176.9143818826741,191.586866815586,177.30481462387016,183.96672517627064,"0.48383888602256775, 0.35040873289108276","0.43562912940979004, 0.3548121452331543","0.4422123432159424, 0.3717176020145416","0.41303348541259766, 0.36810916662216187","0.4898527264595032, 0.5023921728134155","0.4477323591709137, 0.5033217668533325","0.5188310146331787, 0.6103454828262329","0.4333059787750244, 0.6133905649185181","0.40648096799850464, 0.35324257612228394","0.41717591881752014, 0.35717880725860596","0.5598911046981812, 0.7191634774208069","0.41419753432273865, 0.7221920490264893","0.434704452753067, 0.3163010776042938","0.460, 0.353","0.469, 0.503",-93.45025151094855,Forward
0.9342676009342676,18.70205975817405,14.617175265327194,129.5242428572938,157.24632280569833,177.60312856560222,192.3292913328517,177.19008963120916,184.40359523879528,"0.48275646567344666, 0.35047608613967896","0.4377899765968323, 0.35491663217544556","0.4576883316040039, 0.3829260766506195","0.44272980093955994, 0.3731982409954071","0.48858827352523804, 0.5036519765853882","0.44956454634666443, 0.5035911202430725","0.510540783405304, 0.6164020299911499","0.45745259523391724, 0.6142563819885254","0.4432961940765381, 0.35403627157211304","0.43325480818748474, 0.37625667452812195","0.5594658255577087, 0.7180049419403076","0.4141918122768402, 0.7222751379013062","0.4352755546569824, 0.3180977702140808","0.460, 0.353","0.469, 0.504",-93.33817521960374,Forward
0.9676343009676344,19.075337258954136,20.396988032607563,127.50161403674124,154.54293163514114,178.2232743337985,193.38368350141872,177.33979471367076,184.87697963511067,"0.4472056031227112, 0.35287946462631226","0.4781016409397125, 0.35394227504730225","0.44297951459884644, 0.38614335656166077","0.4909122586250305, 0.38530996441841125","0.4551263749599457, 0.5049830675125122","0.4880862236022949, 0.5039200186729431","0.4362184405326843, 0.6156973242759705","0.5159350037574768, 0.6142663955688477","0.4404699206352234, 0.4073604941368103","0.46752578020095825, 0.4074989855289459","0.41764625906944275, 0.723471999168396","0.5595682263374329, 0.7249575853347778","0.4338991641998291, 0.31751543283462524","0.463, 0.353","0.472, 0.504",-93.39214036540089,Forward
1.001001001001001,20.873722521077227,25.07082342637809,132.10175972569974,152.85655667954703,178.16695729081965,195.19140088444624,177.13830811994129,184.14283609857748,"0.44530439376831055, 0.3553376793861389","0.4846399426460266, 0.3542800545692444","0.44516223669052124, 0.42354774475097656","0.4895417094230652, 0.4029775559902191","0.4555704593658447, 0.5054567456245422","0.4975733160972595, 0.5043474435806274","0.4308870732784271, 0.6154162287712097","0.5255831480026245, 0.6162762641906738","0.43928027153015137, 0.476502001285553","0.4722880721092224, 0.43049654364585876","0.4101411700248718, 0.7253504991531372","0.5645739436149597, 0.7272756695747375","0.43240466713905334, 0.317229688167572","0.465, 0.355","0.477, 0.505",-94.41923007572501,Forward
1.0343677010343677,24.1485764554748,29.22366418504961,128.8972195175558,157.11025235316205,177.40699957719477,198.1318175309356,176.9615815492766,184.88433909025468,"0.43863821029663086, 0.3550180494785309","0.4860360622406006, 0.35338908433914185","0.43750661611557007, 0.38773995637893677","0.4767460227012634, 0.3847725987434387","0.45695796608924866, 0.5057504177093506","0.5022777318954468, 0.5044455528259277","0.43356433510780334, 0.6153138875961304","0.5325788259506226, 0.6161791086196899","0.44149360060691833, 0.37997907400131226","0.455880731344223, 0.3769225478172302","0.41046109795570374, 0.7248638868331909","0.5663678050041199, 0.7270859479904175","0.4392520487308502, 0.31423550844192505","0.462, 0.354","0.480, 0.505",-96.53315833191252,Forward
1.0677344010677343,30.15355029746743,23.39651294437153,125.24058400585665,155.98650874014646,177.09004037078088,200.71222245708896,176.83530206891393,185.62591275657417,"0.46429046988487244, 0.3552308678627014","0.4729243218898773, 0.35745707154273987","0.46778029203414917, 0.3879965841770172","0.45717447996139526, 0.3864794373512268","0.4696529805660248, 0.5055983662605286","0.4921400547027588, 0.5040959715843201","0.4427828788757324, 0.6142340898513794","0.5159801840782166, 0.6129422783851624","0.4566224217414856, 0.3690795302391052","0.4049885869026184, 0.37364909052848816","0.4252658784389496, 0.7220174074172974","0.515626072883606, 0.7313622236251831","0.4394506514072418, 0.3198053240776062","0.469, 0.356","0.481, 0.505",-94.7306327599709,Forward
1.1011011011011012,36.24364734179557,28.579518062914456,122.73736718810076,155.21370432283027,177.1399940443704,202.887260093424,176.98668556375696,186.0703869992752,"0.48958367109298706, 0.36004117131233215","0.44900432229042053, 0.36529117822647095","0.4702739715576172, 0.42612895369529724","0.45570293068885803, 0.4214088022708893","0.49876075983047485, 0.508283257484436","0.4882276654243469, 0.5066744685173035","0.5333344340324402, 0.614251971244812","0.45336785912513733, 0.6141711473464966","0.43089064955711365, 0.43349379301071167","0.4142456650733948, 0.4380844533443451","0.5580463409423828, 0.7215141654014587","0.4170505404472351, 0.7280152440071106","0.4404398500919342, 0.3221588730812073","0.469, 0.363","0.493, 0.507",-99.48725351611803,Forward
1.1344678011344678,44.381572327349765,33.38728556608289,124.66728069715047,153.29574373510113,177.35296717020853,204.91850246625063,177.1376580970074,186.58019728154687,"0.502597451210022, 0.3595050871372223","0.4464305341243744, 0.36691173911094666","0.48327741026878357, 0.4176332354545593","0.4562499523162842, 0.4211651384830475","0.5128924250602722, 0.5076006650924683","0.484843909740448, 0.5077624917030334","0.5481427311897278, 0.6134031414985657","0.45041242241859436, 0.6137913465499878","0.43339744210243225, 0.44488731026649475","0.43155211210250854, 0.44156938791275024","0.5670574903488159, 0.7209517359733582","0.4050796627998352, 0.7241760492324829","0.4479118287563324, 0.3206484913825989","0.475, 0.363","0.499, 0.508",-99.56852345205272,Forward
1.1678345011678346,52.44069889745527,29.845728029463327,130.42163628263543,153.40188841212512,177.9163398654028,206.39453979824168,177.2192102467861,187.1075631704132,"0.5093077421188354, 0.35878199338912964","0.436579167842865, 0.3799860179424286","0.5015547871589661, 0.38967567682266235","0.447415828704834, 0.44491901993751526","0.5256103873252869, 0.5074284672737122","0.48358988761901855, 0.507889986038208","0.5510967373847961, 0.6078850030899048","0.45304957032203674, 0.6141793131828308","0.46320366859436035, 0.383209228515625","0.4460834860801697, 0.4888155460357666","0.5718981623649597, 0.7173036932945251","0.40483227372169495, 0.7158141732215881","0.4468914568424225, 0.32901233434677124","0.473, 0.369","0.505, 0.508",-102.89505068400447,Forward
1.2012012012012012,61.48715689694557,32.6591974536791,134.56308656422505,153.8524666516325,178.01755380889725,209.34161807193112,177.35123423667406,187.58380943491775,"0.5023543238639832, 0.36046653985977173","0.43946170806884766, 0.38756129145622253","0.4949358403682709, 0.3885819911956787","0.46791714429855347, 0.4532540440559387","0.5269199013710022, 0.5187669992446899","0.4884400963783264, 0.5194275975227356","0.5356674194335938, 0.6244473457336426","0.45786935091018677, 0.6145410537719727","0.4703425467014313, 0.3885935842990875","0.478445440530777, 0.5010970830917358","0.569524884223938, 0.7161413431167603","0.40509557723999023, 0.7154184579849243","0.4462146759033203, 0.32700181007385254","0.471, 0.374","0.508, 0.519",-104.22235716435648,Forward
1.234567901234568,71.27339809539465,35.93475347077111,138.86810879496642,154.15318226961438,178.22277374005574,211.99511954625177,177.5196891858651,188.00169413651705,"0.498709112405777, 0.35732972621917725","0.43890413641929626, 0.38594380021095276","0.5082199573516846, 0.39402657747268677","0.4638146460056305, 0.43795594573020935","0.5226272940635681, 0.5000260472297668","0.4882497787475586, 0.5033129453659058","0.537936270236969, 0.6003801226615906","0.46024927496910095, 0.6016994118690491","0.506624162197113, 0.4322427809238434","0.4714381694793701, 0.4702068269252777","0.5688632130622864, 0.711579442024231","0.40996837615966797, 0.7074056267738342","0.44537368416786194, 0.3204537332057953","0.469, 0.372","0.505, 0.502",-105.73321849341052,Forward
1.267934601267935,81.75319052096987,39.69949964332362,143.24401049771726,154.2423920554101,178.55638730622218,214.2502632900894,177.72493689088458,188.34867156652865,"0.5027773976325989, 0.36204856634140015","0.4456506371498108, 0.38943368196487427","0.49773579835891724, 0.38424405455589294","0.4687080383300781, 0.4328308701515198","0.5260633826255798, 0.5065807104110718","0.5003010034561157, 0.509071946144104","0.5381027460098267, 0.6013296246528625","0.4602319598197937, 0.6037834286689758","0.48308998346328735, 0.3615817427635193","0.46941789984703064, 0.4177533984184265","0.5688976049423218, 0.7140414714813232","0.403075635433197, 0.709989607334137","0.44516363739967346, 0.33473700284957886","0.474, 0.376","0.513, 0.508",-106.43727250632384,Forward
1.3013013013013013,92.88030220183862,43.98053953392082,147.5980991953363,154.05845279836066,179.0427821547418,216.00226837233132,177.96733914825933,188.6121960162719,"0.5059911012649536, 0.38775578141212463","0.4658210277557373, 0.40186208486557007","0.4968227744102478, 0.3775518834590912","0.4911409318447113, 0.4341188371181488","0.5282420516014099, 0.5173968076705933","0.4985291063785553, 0.5141931176185608","0.5307821035385132, 0.6043404340744019","0.4736594259738922, 0.609688937664032","0.463018000125885, 0.3404282033443451","0.494494765996933, 0.4290138781070709","0.5643773674964905, 0.7142458558082581","0.40150633454322815, 0.7103480100631714","0.43779343366622925, 0.3625544011592865","0.486, 0.395","0.513, 0.516",-102.79647071350608,Forward
1.334668001334668,104.60850116616824,48.80497670514692,151.83768241068236,153.539721287807,179.70634593295998,217.14635386186504,178.24725775451614,188.77972177706604,"0.5089731812477112, 0.3789520263671875","0.4629059433937073, 0.39439499378204346","0.5565850734710693, 0.3807613253593445","0.5001349449157715, 0.41245323419570923","0.5284839272499084, 0.5245562195777893","0.49561768770217896, 0.525259256362915","0.5465083122253418, 0.6208146810531616","0.4534377455711365, 0.6139349341392517","0.6059415936470032, 0.36319270730018616","0.5284207463264465, 0.3882201313972473","0.560710072517395, 0.7170614004135132","0.39956197142601013, 0.7109501957893372","0.43358296155929565, 0.35834139585494995","0.486, 0.387","0.512, 0.525",-100.69664498096317,Forward
1.3680347013680347,116.8915554421261,54.19991471958613,155.8700676666143,152.62455431308996,180.57146628822187,217.57773882757795,178.56505450618178,188.83870314023028,"0.506316602230072, 0.3612002432346344","0.4569108486175537, 0.39217257499694824","0.567846417427063, 0.3667871356010437","0.4870806634426117, 0.4102841019630432","0.5283352732658386, 0.5228689312934875","0.4941025674343109, 0.5217304229736328","0.5498241186141968, 0.6201637983322144","0.4523506164550781, 0.613784909248352","0.6111336946487427, 0.3390822410583496","0.5102981328964233, 0.3937077820301056","0.5574583411216736, 0.7212178707122803","0.3948832154273987, 0.7105273008346558","0.4261886477470398, 0.3578067421913147","0.482, 0.377","0.511, 0.522",-101.49238282687044,Forward
1.4014014014014016,129.6832330578796,60.19245713982265,159.6025624859909,151.25130866355047,181.6625308678728,217.19164233835733,178.92109119978304,188.77659439708387,"0.5147584676742554, 0.3769131302833557","0.4737512171268463, 0.4043389856815338","0.5531033277511597, 0.3352396488189697","0.4792584776878357, 0.3978436291217804","0.5362339615821838, 0.5254107117652893","0.49866294860839844, 0.523167073726654","0.5492304563522339, 0.627038836479187","0.45439425110816956, 0.6126915216445923","0.5040568709373474, 0.3372099697589874","0.4609643518924713, 0.3555416464805603","0.5559694766998291, 0.7232692837715149","0.39444175362586975, 0.709403395652771","0.46529874205589294, 0.36295273900032043","0.494, 0.391","0.517, 0.524",-99.84412899203892,Forward
1.4347681014347682,142.93730204159613,66.8097075284407,162.942474391671,149.3583411285295,183.0039273192579,215.88328346309075,179.31572963184675,188.58084983894605,"0.5196273326873779, 0.38524991273880005","0.4820924699306488, 0.399770587682724","0.5192651748657227, 0.34770438075065613","0.45732617378234863, 0.39218848943710327","0.5356550812721252, 0.5255579352378845","0.5000603795051575, 0.5249029994010925","0.5478442311286926, 0.6271505355834961","0.4551980495452881, 0.6133559942245483","0.48150473833084106, 0.35046055912971497","0.44779929518699646, 0.36725348234176636","0.5550833940505981, 0.7239245176315308","0.3945675492286682, 0.7094921469688416","0.5023859739303589, 0.3600233793258667","0.501, 0.393","0.518, 0.525",-97.29829135552086,Forward
1.4681348014681348,156.60753042144296,74.07876944802445,165.79711090651347,146.88400849736794,184.62004328972264,213.5478812706656,179.74933159889963,188.2389237571361,"0.5271248817443848, 0.39940395951271057","0.48411211371421814, 0.40750861167907715","0.5087458491325378, 0.35301870107650757","0.4566125273704529, 0.39383649826049805","0.5341981053352356, 0.539828896522522","0.498659610748291, 0.5416661500930786","0.5462170839309692, 0.6299530267715454","0.45300284028053284, 0.6237448453903198","0.46192091703414917, 0.35473373532295227","0.4540190100669861, 0.37790077924728394","0.5557245016098022, 0.7236268520355225","0.39600419998168945, 0.7077234983444214","0.49309462308883667, 0.36569222807884216","0.506, 0.403","0.516, 0.541",-94.50220053887264,Forward
1.5015015015015016,170.64768622558745,82.02674646115814,168.07377955337702,143.76666755940664,186.5352664266121,210.08065482996915,180.22225889746852,187.73827044297315,"0.5335203409194946, 0.40146058797836304","0.49140968918800354, 0.4220314919948578","0.5084399580955505, 0.3594881594181061","0.49544787406921387, 0.4762692451477051","0.5353958606719971, 0.544906497001648","0.502827525138855, 0.541756808757782","0.5443691611289978, 0.6298877000808716","0.4530344009399414, 0.6276649236679077","0.46686261892318726, 0.3581182062625885","0.5081442594528198, 0.5231200456619263","0.5561381578445435, 0.7235069274902344","0.39560478925704956, 0.7065867185592651","0.48530274629592896, 0.36535200476646423","0.512, 0.412","0.519, 0.543",-92.89167777978182,Forward
1.5348682015348682,185.0115374821971,90.68074213042595,169.67978785512042,139.94467510398664,188.77398437727163,205.37682320988893,180.73487332408024,187.0663441877765,"0.5363238453865051, 0.398329496383667","0.5027800798416138, 0.41435402631759644","0.5086231827735901, 0.35101211071014404","0.505406379699707, 0.465047687292099","0.533631443977356, 0.539028525352478","0.5067510008811951, 0.5390039086341858","0.5388466119766235, 0.6284230947494507","0.4541654586791992, 0.6248913407325745","0.4761085510253906, 0.35006004571914673","0.5132074356079102, 0.5250662565231323","0.5563411116600037, 0.7221038937568665","0.39632412791252136, 0.7062846422195435","0.494074285030365, 0.32988524436950684","0.520, 0.406","0.520, 0.539",-90.2760637367015,Forward
1.5682349015682349,199.65285221943915,100.0678600184121,170.52244333460266,135.35638792044878,191.36058478904647,199.33160547931232,181.2875366752615,186.21059928286545,"0.5387825965881348, 0.3952624201774597","0.5013431906700134, 0.39485421776771545","0.5204178094863892, 0.36465615034103394","0.49533095955848694, 0.4375891089439392","0.5327569842338562, 0.5408919453620911","0.5101957321166992, 0.536173939704895","0.5112595558166504, 0.6278735399246216","0.48542341589927673, 0.6290987133979797","0.4996323585510254, 0.3666185736656189","0.49930915236473083, 0.4948788285255432","0.4852420687675476, 0.7233337163925171","0.3993237614631653, 0.7059310674667358","0.49772539734840393, 0.3295285999774933","0.520, 0.395","0.521, 0.539",-90.56444081262168,Forward
1.6016016016016017,214.52539846548103,110.21520368770082,170.50905351468242,129.940162798134,194.31945530928192,191.84022070712683,181.88061074753915,185.15849001955917,"0.5431374907493591, 0.37504643201828003","0.5099901556968689, 0.3724312484264374","0.5263646245002747, 0.3626534044742584","0.5058229565620422, 0.391640841960907","0.532577395439148, 0.5407622456550598","0.5098167657852173, 0.5290714502334595","0.47272342443466187, 0.623522937297821","0.5314894318580627, 0.627098798751831","0.5063527822494507, 0.34986412525177","0.5115357637405396, 0.3819464147090912","0.3996261656284332, 0.7131367921829224","0.5513762831687927, 0.720361590385437","0.533298671245575, 0.3109298348426819","0.527, 0.374","0.521, 0.535",-88.09292754264754,Forward
1.6349683016349683,229.58294424849024,121.14987670087626,169.54692591821856,123.6343565263832,197.6749835853232,182.79788796221968,182.51445733743995,183.89747068917688,"0.5409824848175049, 0.3705361485481262","0.5355951189994812, 0.37311410903930664","0.5215710401535034, 0.3455447554588318","0.5122557878494263, 0.3724619448184967","0.5253632664680481, 0.5378473401069641","0.5245884656906128, 0.5299635529518127","0.4679238200187683, 0.6234782934188843","0.5382107496261597, 0.6295660138130188","0.475240558385849, 0.3033612370491028","0.5016195774078369, 0.3564452528953552","0.3957875370979309, 0.7109971642494202","0.5573646426200867, 0.726662278175354","0.5246178507804871, 0.3158298134803772","0.538, 0.372","0.525, 0.534",-85.30438631124599,Forward
1.6683350016683351,244.7792575966338,132.8989826205227,167.54336806806984,116.37732589453736,201.45155726451551,172.09982631347836,183.1894382414907,182.4149955830378,"0.5599378347396851, 0.364390105009079","0.5186928510665894, 0.3594036400318146","0.5292555093765259, 0.3508163094520569","0.5034836530685425, 0.37306320667266846","0.5269069075584412, 0.5368543863296509","0.5190577507019043, 0.5253655910491943","0.4627198576927185, 0.6239096522331238","0.5418353080749512, 0.630790114402771","0.4845759868621826, 0.32771918177604675","0.4926890432834625, 0.3683086931705475","0.3957071900367737, 0.7101439237594604","0.5588429570198059, 0.7295163869857788","0.5273545980453491, 0.2910386025905609","0.539, 0.362","0.523, 0.531",-84.48670014388955,Forward
1.7017017017017018,260.06810653807946,145.4896250092243,164.4056874870951,108.10742769193732,205.67356399420424,159.64125482979028,183.9059152562182,180.6985189924613,"0.5166381597518921, 0.458549827337265","0.548144519329071, 0.47822490334510803","0.4807882308959961, 0.3946790099143982","0.5275806188583374, 0.4886043667793274","0.5042457580566406, 0.5567256212234497","0.5325678586959839, 0.5644583702087402","0.45701488852500916, 0.6287418603897095","0.545729398727417, 0.6420680284500122","0.45037445425987244, 0.33329543471336365","0.5135473608970642, 0.5139976739883423","0.39625486731529236, 0.7110598683357239","0.559846043586731, 0.7304596900939941","0.5154672861099243, 0.48438915610313416","0.532, 0.468","0.518, 0.561",-81.37576710864771,Forward
1.7350684017350684,275.4032591009943,158.94890742956522,160.04119169815323,98.76301870792403,210.36539142173456,145.31739258004285,184.66425017814925,178.73549520876648,"0.5298615097999573, 0.4065977931022644","0.5470851063728333, 0.4597848951816559","0.4900747835636139, 0.3841089904308319","0.5185083150863647, 0.45834559202194214","0.508132815361023, 0.5489394664764404","0.5329636335372925, 0.5531550645828247","0.4575520157814026, 0.6301113963127136","0.5448330044746399, 0.6433892846107483","0.450432687997818, 0.32295912504196167","0.5089054703712463, 0.48252931237220764","0.3959104120731354, 0.7114484310150146","0.560615599155426, 0.729946494102478","0.5123951435089111, 0.34812667965888977","0.538, 0.433","0.521, 0.551",-81.3519783923762,Forward
