Time,Left Shoulder Angle,Right Shoulder Angle,Left Elbow Angle,Right Elbow Angle,Left Hip Angle,Right Hip Angle,Left Knee Angle,Right Knee Angle,"x, y Left Shoulder","x, y Right Shoulder","x, y Left Elbow","x, y Right Elbow","x, y Left Hip","x, y Right Hip","x, y Left Knee","x, y Right Knee","x, y Left Wrist","x, y Right Wrist","x, y Left Ankle","x, y Right Ankle","x, y Nose",Left Wrist x,Left Wrist y,Right Wrist x,Right Wrist y,Left Ankle x,Left Ankle y,Right Ankle x,Right Ankle y,Predicted_Pose
0.0,21.258178240529368,19.853768482757403,175.86018566629178,169.42850201832331,157.18464660346868,156.5113336257585,203.6002951893471,196.8245437613187,"0.509, 0.406","0.508, 0.415","0.524, 0.504","0.515, 0.504","0.478, 0.549","0.470, 0.557","0.499, 0.662","0.489, 0.684","0.542, 0.580","0.538, 0.586","0.468, 0.797","0.469, 0.817","0.570, 0.373",0.542,0.58,0.538,0.586,0.468,0.797,0.469,0.817,Preparation
0.0333667000333667,15.194561148564208,24.60412834491909,158.07695604953983,169.2118263643868,157.86421822139638,163.26762429510015,186.85288187699595,176.33691305211852,"0.508, 0.396","0.508, 0.414","0.506, 0.502","0.516, 0.505","0.459, 0.568","0.451, 0.572","0.472, 0.697","0.444, 0.705","0.536, 0.578","0.539, 0.588","0.470, 0.830","0.445, 0.844","0.570, 0.373",0.536,0.578,0.539,0.588,0.47,0.83,0.445,0.844,Preparation
0.0667334000667334,10.964142413026623,25.677820052291843,145.93042048708912,168.58637677618307,153.0152312042794,158.49553134445998,190.498427740792,183.46618701649845,"0.497, 0.387","0.509, 0.411","0.488, 0.497","0.516, 0.507","0.446, 0.570","0.445, 0.574","0.472, 0.701","0.446, 0.711","0.532, 0.574","0.539, 0.588","0.474, 0.833","0.437, 0.858","0.570, 0.374",0.532,0.574,0.539,0.588,0.474,0.833,0.437,0.858,Preparation
0.1001001001001001,15.195965655307702,25.96308521132922,155.03480785495745,168.1381637822844,154.3256321767724,157.26783988913073,189.65089282459053,184.3699282605634,"0.498, 0.390","0.509, 0.411","0.497, 0.497","0.516, 0.509","0.448, 0.569","0.444, 0.575","0.472, 0.703","0.446, 0.712","0.533, 0.575","0.539, 0.588","0.474, 0.833","0.437, 0.856","0.570, 0.371",0.533,0.575,0.539,0.588,0.474,0.833,0.437,0.856,Preparation
0.1334668001334668,12.188791128846542,25.77141740733335,151.9726070860809,167.52076343535077,153.53594179095813,156.62634144049397,188.83790702241308,183.74314459385783,"0.499, 0.391","0.510, 0.410","0.492, 0.494","0.516, 0.509","0.447, 0.573","0.442, 0.576","0.470, 0.701","0.445, 0.713","0.528, 0.574","0.539, 0.588","0.474, 0.830","0.438, 0.860","0.570, 0.368",0.528,0.574,0.539,0.588,0.474,0.83,0.438,0.86,Preparation
0.1668335001668335,11.754605555386584,25.479227133461407,148.9197654966549,167.22617082158334,150.05790767513145,156.28820948230762,190.46289560564563,182.9170590000043,"0.500, 0.389","0.511, 0.407","0.490, 0.491","0.516, 0.507","0.442, 0.573","0.441, 0.576","0.470, 0.702","0.443, 0.713","0.528, 0.571","0.539, 0.588","0.474, 0.830","0.439, 0.861","0.570, 0.368",0.528,0.571,0.539,0.588,0.474,0.83,0.439,0.861,Preparation
0.2002002002002002,7.804924686563939,24.18677943035136,145.89522582131735,167.12041949677408,150.1819861154983,157.7314108150189,190.4786645264296,182.52036169621817,"0.500, 0.386","0.512, 0.406","0.482, 0.491","0.516, 0.504","0.441, 0.572","0.444, 0.576","0.469, 0.702","0.444, 0.712","0.516, 0.568","0.539, 0.588","0.473, 0.831","0.439, 0.860","0.570, 0.369",0.516,0.568,0.539,0.588,0.473,0.831,0.439,0.86,Preparation
0.2335669002335669,1.2411134712054843,23.19734552484381,158.2552068320244,164.96431154706556,145.0823101965472,156.2865510296712,194.0280373590489,182.80985373783744,"0.493, 0.383","0.516, 0.406","0.461, 0.486","0.516, 0.504","0.430, 0.570","0.444, 0.576","0.468, 0.699","0.445, 0.711","0.468, 0.581","0.539, 0.588","0.473, 0.831","0.440, 0.857","0.571, 0.367",0.468,0.581,0.539,0.588,0.473,0.831,0.44,0.857,Preparation
0.2669336002669336,0.0865532739444474,23.863991383778373,138.64580865548615,164.336924307339,146.37133199636162,154.5408505961482,192.02766616160693,183.77569732149323,"0.500, 0.387","0.517, 0.406","0.465, 0.490","0.516, 0.507","0.436, 0.572","0.440, 0.577","0.469, 0.702","0.444, 0.715","0.501, 0.580","0.539, 0.588","0.474, 0.830","0.438, 0.860","0.571, 0.367",0.501,0.58,0.539,0.588,0.474,0.83,0.438,0.86,Preparation
0.3003003003003003,6.465108666514685,24.63540730167228,141.31671160609645,163.76619298763927,145.66285589555957,153.2557797408777,193.13378640516257,184.4693010155447,"0.500, 0.388","0.517, 0.407","0.476, 0.490","0.516, 0.508","0.434, 0.572","0.438, 0.577","0.467, 0.702","0.443, 0.717","0.518, 0.579","0.540, 0.589","0.470, 0.830","0.437, 0.863","0.572, 0.366",0.518,0.579,0.54,0.589,0.47,0.83,0.437,0.863,Preparation
0.333667000333667,9.179558795503082,24.76089390034097,143.244130215415,163.31864135640606,146.10550867551066,153.15088734250713,193.1830182593789,184.72879590725745,"0.500, 0.388","0.517, 0.407","0.480, 0.491","0.516, 0.508","0.433, 0.572","0.438, 0.577","0.466, 0.700","0.442, 0.715","0.523, 0.579","0.540, 0.589","0.467, 0.829","0.434, 0.865","0.573, 0.365",0.523,0.579,0.54,0.589,0.467,0.829,0.434,0.865,Preparation
0.3670337003670337,11.579799026703707,24.48073827641337,145.00550127943023,162.43962386581578,146.32776707719924,153.33753265601294,192.7205112357758,183.82848652464963,"0.503, 0.390","0.518, 0.408","0.487, 0.494","0.517, 0.509","0.436, 0.571","0.438, 0.576","0.466, 0.700","0.441, 0.714","0.528, 0.578","0.541, 0.590","0.467, 0.830","0.435, 0.865","0.573, 0.365",0.528,0.578,0.541,0.59,0.467,0.83,0.435,0.865,Preparation
0.4004004004004004,11.347769401218155,24.945847260141186,147.00548193085663,161.36439804222027,147.62526702251785,153.68116723954853,191.86211729061213,182.7285058317856,"0.502, 0.390","0.518, 0.409","0.486, 0.493","0.517, 0.511","0.437, 0.570","0.439, 0.575","0.465, 0.699","0.441, 0.714","0.524, 0.577","0.543, 0.590","0.467, 0.829","0.435, 0.865","0.575, 0.365",0.524,0.577,0.543,0.59,0.467,0.829,0.435,0.865,Preparation
0.4337671004337671,20.065310025752485,28.239505152535973,154.96760497624928,166.07832676423024,145.7493385778261,151.79823758748324,192.9234652932606,183.55773796893536,"0.504, 0.390","0.520, 0.412","0.503, 0.496","0.523, 0.512","0.436, 0.570","0.438, 0.574","0.466, 0.699","0.442, 0.714","0.539, 0.577","0.545, 0.593","0.467, 0.829","0.436, 0.864","0.578, 0.365",0.539,0.577,0.545,0.593,0.467,0.829,0.436,0.864,Preparation
0.4671338004671338,20.079443754058712,29.54552256347253,152.71053165873735,166.904688040692,144.9587764897628,150.32581412985206,193.5123279807495,184.31969348390905,"0.505, 0.390","0.522, 0.413","0.502, 0.495","0.525, 0.513","0.435, 0.569","0.437, 0.574","0.466, 0.698","0.442, 0.713","0.542, 0.577","0.547, 0.594","0.466, 0.829","0.436, 0.863","0.579, 0.365",0.542,0.577,0.547,0.594,0.466,0.829,0.436,0.863,Preparation
0.5005005005005005,20.840795848340218,29.871339129006685,152.6766343238473,166.74109626425124,143.682309662179,149.27134955297464,193.35621347674453,184.7945442411626,"0.514, 0.392","0.523, 0.415","0.509, 0.497","0.526, 0.513","0.437, 0.569","0.437, 0.575","0.467, 0.697","0.443, 0.713","0.546, 0.577","0.547, 0.594","0.465, 0.829","0.437, 0.863","0.581, 0.366",0.546,0.577,0.547,0.594,0.465,0.829,0.437,0.863,Preparation
0.5338672005338673,20.15753200967613,30.883017407302784,152.74548478400988,166.26557335721745,144.47994197287449,146.7467226268836,191.6937242793769,186.21963896228,"0.526, 0.398","0.522, 0.416","0.517, 0.501","0.525, 0.513","0.445, 0.569","0.433, 0.574","0.469, 0.697","0.443, 0.713","0.548, 0.578","0.547, 0.594","0.466, 0.830","0.436, 0.866","0.582, 0.366",0.548,0.578,0.547,0.594,0.466,0.83,0.436,0.866,Preparation
0.5672339005672339,20.050916375883677,32.046283694662975,151.48739426491414,166.39493677532062,145.57832891173527,144.38022341936434,190.66536412108715,187.2718593059473,"0.522, 0.398","0.522, 0.415","0.515, 0.501","0.525, 0.512","0.445, 0.569","0.429, 0.574","0.469, 0.698","0.442, 0.713","0.549, 0.578","0.547, 0.593","0.468, 0.832","0.436, 0.866","0.584, 0.368",0.549,0.578,0.547,0.593,0.468,0.832,0.436,0.866,Preparation
0.6006006006006006,20.53846504469256,31.9929032114354,152.20672088079849,165.98820718885833,146.2301770241703,144.6888057737833,190.28757126913712,186.5875616699814,"0.520, 0.398","0.522, 0.416","0.514, 0.503","0.524, 0.513","0.445, 0.569","0.429, 0.574","0.468, 0.698","0.441, 0.713","0.549, 0.579","0.547, 0.593","0.468, 0.832","0.437, 0.867","0.584, 0.372",0.549,0.579,0.547,0.593,0.468,0.832,0.437,0.867,Preparation
0.6339673006339673,22.961528057965605,32.01447198403687,156.82606560392205,165.8296199779045,147.83417489240549,144.85946697468157,188.0670555173683,185.8691341211144,"0.511, 0.398","0.522, 0.417","0.512, 0.496","0.524, 0.513","0.441, 0.566","0.430, 0.574","0.464, 0.698","0.441, 0.713","0.548, 0.578","0.547, 0.593","0.468, 0.834","0.438, 0.867","0.584, 0.372",0.548,0.578,0.547,0.593,0.468,0.834,0.438,0.867,Preparation
0.6673340006673341,15.838780506111048,31.81883613889136,144.32352170685337,166.03983024695893,146.95291564929275,145.09714568828477,189.4589178603953,186.02262838547372,"0.507, 0.397","0.521, 0.418","0.497, 0.491","0.524, 0.513","0.438, 0.566","0.430, 0.576","0.464, 0.698","0.441, 0.715","0.545, 0.577","0.547, 0.595","0.467, 0.835","0.438, 0.868","0.583, 0.372",0.545,0.577,0.547,0.595,0.467,0.835,0.438,0.868,Preparation
0.7007007007007008,16.95176515976721,30.785864680074067,145.85200971625855,164.8944392177996,143.7011641701983,145.14647534172343,193.5521347440844,186.95379062851623,"0.500, 0.391","0.523, 0.421","0.492, 0.491","0.524, 0.513","0.430, 0.569","0.431, 0.580","0.464, 0.698","0.443, 0.717","0.541, 0.577","0.548, 0.598","0.467, 0.834","0.437, 0.868","0.577, 0.372",0.541,0.577,0.548,0.598,0.467,0.834,0.437,0.868,Preparation
0.7340674007340674,15.944858847125802,31.281493463869936,146.49905025821118,165.20981577328143,147.65646510604844,145.46493448963534,190.80513063482,186.86063404504264,"0.501, 0.395","0.522, 0.423","0.494, 0.488","0.524, 0.514","0.437, 0.569","0.431, 0.580","0.464, 0.698","0.442, 0.717","0.543, 0.577","0.548, 0.598","0.467, 0.835","0.436, 0.868","0.577, 0.374",0.543,0.577,0.548,0.598,0.467,0.835,0.436,0.868,Preparation
0.7674341007674341,20.17117518291733,31.398606081389048,152.3835409189642,165.1680505008322,146.44976231173308,145.16784802341215,190.81961966043897,187.0336823040686,"0.505, 0.395","0.522, 0.422","0.503, 0.496","0.524, 0.515","0.437, 0.570","0.430, 0.581","0.464, 0.699","0.441, 0.716","0.544, 0.578","0.548, 0.598","0.467, 0.837","0.435, 0.870","0.577, 0.374",0.544,0.578,0.548,0.598,0.467,0.837,0.435,0.87,Preparation
0.8008008008008008,21.666576083311664,31.620549756284262,154.29987349643082,165.1656140793975,145.48188509082794,144.70064949917253,190.67404893740087,187.07782387000583,"0.509, 0.397","0.522, 0.422","0.507, 0.500","0.524, 0.515","0.437, 0.570","0.429, 0.580","0.464, 0.700","0.441, 0.716","0.544, 0.579","0.548, 0.599","0.467, 0.838","0.435, 0.870","0.576, 0.374",0.544,0.579,0.548,0.599,0.467,0.838,0.435,0.87,Preparation
0.8341675008341676,21.820976656533503,32.41084546242965,154.9929962338842,167.31854689035555,146.00871074977383,144.23181643402688,189.5688418362633,187.5984443272344,"0.511, 0.403","0.520, 0.422","0.509, 0.500","0.523, 0.515","0.439, 0.570","0.427, 0.580","0.464, 0.701","0.441, 0.716","0.544, 0.581","0.546, 0.599","0.467, 0.838","0.435, 0.871","0.573, 0.374",0.544,0.581,0.546,0.599,0.467,0.838,0.435,0.871,Preparation
0.8675342008675342,16.9529780325846,33.444540300030354,152.78562446586812,170.12418823645532,149.3273754524022,146.39585012399627,186.00165809397663,186.99859360776688,"0.527, 0.407","0.514, 0.420","0.515, 0.500","0.523, 0.515","0.453, 0.571","0.427, 0.580","0.467, 0.704","0.440, 0.716","0.544, 0.582","0.545, 0.599","0.467, 0.838","0.435, 0.872","0.571, 0.373",0.544,0.582,0.545,0.599,0.467,0.838,0.435,0.872,Preparation
0.9009009009009008,16.216825833506043,33.74335104176124,153.5382377697739,170.84335609576848,150.8325498501809,147.16945638346726,186.0711675532785,186.52309279192235,"0.528, 0.408","0.512, 0.419","0.516, 0.500","0.522, 0.516","0.456, 0.572","0.427, 0.580","0.469, 0.705","0.439, 0.716","0.544, 0.582","0.545, 0.600","0.467, 0.838","0.435, 0.872","0.570, 0.372",0.544,0.582,0.545,0.6,0.467,0.838,0.435,0.872,Preparation
0.9342676009342676,16.536831880236498,33.68312850512012,154.27064745703518,170.86290976080716,150.4149646591972,147.42468993970652,186.77665718237697,186.28098614999575,"0.528, 0.409","0.512, 0.419","0.517, 0.500","0.522, 0.516","0.456, 0.572","0.427, 0.580","0.470, 0.705","0.439, 0.716","0.544, 0.582","0.544, 0.600","0.467, 0.838","0.435, 0.873","0.570, 0.372",0.544,0.582,0.544,0.6,0.467,0.838,0.435,0.873,Preparation
0.9676343009676344,19.712780186865437,32.88506947842251,158.24855716613865,169.79363033633845,150.14144147809142,147.75830439803198,187.63829746606729,185.92678718047225,"0.522, 0.408","0.512, 0.419","0.516, 0.501","0.521, 0.516","0.452, 0.572","0.427, 0.580","0.468, 0.705","0.438, 0.717","0.544, 0.583","0.544, 0.600","0.467, 0.840","0.434, 0.874","0.569, 0.372",0.544,0.583,0.544,0.6,0.467,0.84,0.434,0.874,Preparation
1.001001001001001,20.486066050853484,30.997277535006862,154.2449650091716,165.91750797675937,146.62559739617473,147.8478847850352,191.2193918242114,185.55195374450048,"0.506, 0.408","0.514, 0.421","0.503, 0.509","0.519, 0.521","0.440, 0.572","0.428, 0.581","0.466, 0.705","0.438, 0.718","0.537, 0.583","0.544, 0.601","0.467, 0.842","0.434, 0.874","0.569, 0.372",0.537,0.583,0.544,0.601,0.467,0.842,0.434,0.874,Preparation
1.0343677010343677,18.434576820383548,30.60924010748028,153.13496973681293,164.2562990027384,146.4730330698319,147.56009200249915,189.6800926390863,185.49037985513615,"0.518, 0.407","0.514, 0.424","0.508, 0.511","0.518, 0.524","0.444, 0.575","0.428, 0.582","0.466, 0.708","0.438, 0.721","0.539, 0.588","0.543, 0.601","0.466, 0.847","0.434, 0.879","0.571, 0.377",0.539,0.588,0.543,0.601,0.466,0.847,0.434,0.879,Preparation
1.0677344010677343,17.537332396018943,28.391637663328737,147.71877970840814,160.9304850731716,142.9543408573284,147.82410843807784,192.3596391268105,184.6543479998074,"0.516, 0.407","0.517, 0.427","0.502, 0.515","0.517, 0.530","0.437, 0.578","0.430, 0.588","0.466, 0.710","0.438, 0.723","0.538, 0.591","0.543, 0.605","0.466, 0.849","0.435, 0.879","0.570, 0.383",0.538,0.591,0.543,0.605,0.466,0.849,0.435,0.879,Preparation
1.1011011011011012,17.452565667216376,27.22185789966317,146.9363612907696,159.31557852087283,142.83347659615578,148.12353085264684,192.31866545187452,184.22141450153737,"0.514, 0.407","0.518, 0.428","0.501, 0.515","0.516, 0.532","0.435, 0.581","0.430, 0.591","0.464, 0.711","0.438, 0.724","0.538, 0.592","0.543, 0.607","0.465, 0.850","0.437, 0.878","0.570, 0.385",0.538,0.592,0.543,0.607,0.465,0.85,0.437,0.878,Preparation
1.1344678011344678,19.289973044829186,26.58597557302036,150.41029264787363,159.39985959422842,144.89500813793515,148.71989977542103,191.76692282730383,184.36662981626185,"0.507, 0.411","0.518, 0.429","0.500, 0.515","0.515, 0.531","0.435, 0.580","0.432, 0.591","0.464, 0.712","0.440, 0.726","0.538, 0.592","0.542, 0.608","0.465, 0.850","0.437, 0.880","0.571, 0.385",0.538,0.592,0.542,0.608,0.465,0.85,0.437,0.88,Preparation
1.1678345011678346,19.703017580473105,26.646279052728477,151.7712603080566,159.74376482854876,143.95132720238684,148.51099326913024,191.86763920742624,184.79275603970112,"0.512, 0.410","0.518, 0.430","0.504, 0.516","0.515, 0.532","0.436, 0.583","0.432, 0.591","0.464, 0.713","0.440, 0.728","0.540, 0.596","0.542, 0.610","0.465, 0.852","0.436, 0.883","0.571, 0.386",0.54,0.596,0.542,0.61,0.465,0.852,0.436,0.883,Preparation
1.2012012012012012,18.54086857078177,26.56135462839443,150.17646276881257,159.46109170084517,145.25863999975505,148.50375928797217,191.41168374878745,184.77469442511077,"0.510, 0.408","0.518, 0.432","0.502, 0.515","0.515, 0.533","0.436, 0.582","0.433, 0.592","0.463, 0.714","0.441, 0.730","0.540, 0.595","0.542, 0.610","0.464, 0.853","0.437, 0.884","0.572, 0.386",0.54,0.595,0.542,0.61,0.464,0.853,0.437,0.884,Preparation
1.234567901234568,18.225224660817403,25.824992903001394,150.35780800112985,159.35789654450693,145.84133549091908,149.14577437793417,192.29036021631703,184.40601451226263,"0.505, 0.402","0.519, 0.434","0.498, 0.514","0.515, 0.533","0.434, 0.582","0.434, 0.594","0.463, 0.715","0.442, 0.733","0.539, 0.597","0.541, 0.611","0.464, 0.858","0.438, 0.888","0.572, 0.387",0.539,0.597,0.541,0.611,0.464,0.858,0.438,0.888,Preparation
1.267934601267935,20.00539636025558,25.96917788607993,155.97719016358724,159.5629324683042,147.7008939291353,149.14923597440324,189.1927240430317,184.332679231639,"0.514, 0.411","0.519, 0.438","0.509, 0.519","0.515, 0.535","0.441, 0.586","0.434, 0.597","0.463, 0.720","0.442, 0.739","0.540, 0.599","0.541, 0.613","0.464, 0.859","0.438, 0.892","0.573, 0.390",0.54,0.599,0.541,0.613,0.464,0.859,0.438,0.892,Preparation
1.3013013013013013,18.91571087244816,25.88433765357353,155.35657444980316,159.80147072003402,149.91421537521776,149.36709263451598,187.93717735157236,184.50413653928112,"0.515, 0.418","0.518, 0.440","0.510, 0.522","0.515, 0.538","0.444, 0.595","0.434, 0.602","0.463, 0.726","0.441, 0.744","0.542, 0.603","0.541, 0.615","0.464, 0.860","0.438, 0.894","0.574, 0.398",0.542,0.603,0.541,0.615,0.464,0.86,0.438,0.894,Preparation
1.334668001334668,19.23842982552673,26.69657995736032,154.5631919237873,160.39200592811858,149.20709015976234,147.7575139199636,188.383901975681,185.32023577957057,"0.515, 0.420","0.518, 0.443","0.510, 0.524","0.515, 0.540","0.443, 0.596","0.432, 0.604","0.463, 0.727","0.441, 0.742","0.542, 0.602","0.541, 0.619","0.464, 0.861","0.438, 0.892","0.576, 0.401",0.542,0.602,0.541,0.619,0.464,0.861,0.438,0.892,Preparation
1.3680347013680347,16.744633427828013,26.0099260703214,147.1180414877146,160.38071300914885,145.00973855497256,147.93891031601777,193.49729715763957,186.66362066063655,"0.500, 0.418","0.518, 0.443","0.492, 0.525","0.516, 0.542","0.432, 0.596","0.433, 0.607","0.463, 0.725","0.444, 0.745","0.533, 0.600","0.541, 0.621","0.464, 0.860","0.438, 0.898","0.576, 0.405",0.533,0.6,0.541,0.621,0.464,0.86,0.438,0.898,Preparation
1.4014014014014016,16.80633417110493,25.87301220970737,146.1438751613438,160.06752006849766,144.23108434576736,147.70139882338506,194.3602974972345,187.20757916876605,"0.500, 0.417","0.519, 0.444","0.491, 0.528","0.516, 0.543","0.430, 0.596","0.433, 0.608","0.464, 0.726","0.444, 0.745","0.532, 0.600","0.541, 0.622","0.464, 0.861","0.438, 0.899","0.576, 0.405",0.532,0.6,0.541,0.622,0.464,0.861,0.438,0.899,Preparation
1.4347681014347682,18.12287127897791,25.438986740496528,147.81702354028934,159.43819795400776,144.18232736829114,148.64213293813802,192.82143483905617,186.63910845656383,"0.500, 0.416","0.519, 0.446","0.493, 0.527","0.516, 0.546","0.428, 0.595","0.435, 0.608","0.461, 0.728","0.445, 0.747","0.532, 0.600","0.542, 0.623","0.464, 0.861","0.438, 0.900","0.576, 0.405",0.532,0.6,0.542,0.623,0.464,0.861,0.438,0.9,Preparation
1.4681348014681348,21.77445051534261,26.11469101346552,152.9583144655243,159.67204649051394,144.04002472132913,147.30583400952025,192.93095962692215,187.56671082019156,"0.501, 0.422","0.519, 0.446","0.500, 0.531","0.516, 0.545","0.429, 0.597","0.433, 0.607","0.461, 0.729","0.445, 0.747","0.535, 0.602","0.541, 0.622","0.463, 0.863","0.437, 0.900","0.574, 0.408",0.535,0.602,0.541,0.622,0.463,0.863,0.437,0.9,Preparation
1.5015015015015016,23.442751180282126,26.768357541320363,156.49758453418988,160.20367788133328,145.03208355296172,146.63938433427242,192.0245372894589,187.6399241287512,"0.504, 0.430","0.519, 0.446","0.505, 0.534","0.516, 0.545","0.433, 0.600","0.432, 0.607","0.462, 0.730","0.444, 0.746","0.537, 0.605","0.541, 0.622","0.463, 0.865","0.436, 0.900","0.573, 0.412",0.537,0.605,0.541,0.622,0.463,0.865,0.436,0.9,Preparation
1.5348682015348682,21.791041038290224,27.123382014690357,154.86227731608682,160.62430866024312,147.38735765680485,146.57071448357382,189.5571107610624,187.21711313979168,"0.508, 0.433","0.519, 0.448","0.507, 0.535","0.516, 0.546","0.438, 0.603","0.431, 0.608","0.461, 0.733","0.443, 0.748","0.540, 0.607","0.541, 0.622","0.463, 0.866","0.436, 0.900","0.573, 0.410",0.54,0.607,0.541,0.622,0.463,0.866,0.436,0.9,Preparation
1.5682349015682349,21.92033589219264,27.89202563967299,155.2553962237666,160.99321523771022,147.33744292271044,144.80472461357255,189.70130533339704,188.1771351251733,"0.508, 0.433","0.519, 0.449","0.508, 0.536","0.516, 0.546","0.438, 0.605","0.428, 0.609","0.461, 0.734","0.443, 0.750","0.541, 0.611","0.540, 0.622","0.463, 0.867","0.436, 0.901","0.573, 0.411",0.541,0.611,0.54,0.622,0.463,0.867,0.436,0.901,Preparation
1.6016016016016017,20.828543434466724,27.625391122843435,154.43495539946528,161.36961590392022,147.41391528548635,145.14740711496293,190.4438978065012,188.5295693840879,"0.510, 0.433","0.519, 0.450","0.507, 0.537","0.516, 0.546","0.439, 0.609","0.428, 0.613","0.462, 0.736","0.442, 0.751","0.542, 0.613","0.540, 0.624","0.463, 0.867","0.435, 0.902","0.574, 0.410",0.542,0.613,0.54,0.624,0.463,0.867,0.435,0.902,Preparation
1.6349683016349683,21.180280209486213,27.73416864528833,154.20779124261233,161.12848980930053,146.67531256787703,145.13468678274003,191.6971940233676,188.64607972660176,"0.510, 0.436","0.518, 0.452","0.508, 0.540","0.516, 0.548","0.439, 0.610","0.428, 0.614","0.464, 0.736","0.442, 0.752","0.543, 0.616","0.541, 0.626","0.463, 0.867","0.435, 0.904","0.575, 0.413",0.543,0.616,0.541,0.626,0.463,0.867,0.435,0.904,Preparation
1.6683350016683351,21.31442878645409,27.90832734821679,154.15729212445967,161.560990283471,146.38469979090664,145.10364536563995,192.01209905704457,188.81078610040703,"0.510, 0.440","0.518, 0.453","0.508, 0.542","0.516, 0.549","0.439, 0.612","0.428, 0.615","0.464, 0.738","0.442, 0.755","0.543, 0.618","0.541, 0.628","0.463, 0.869","0.435, 0.906","0.575, 0.415",0.543,0.618,0.541,0.628,0.463,0.869,0.435,0.906,Preparation
1.7017017017017018,21.469940238273384,28.02088749703534,154.40850405068542,162.25305059213815,146.03931930990328,145.33833054723144,192.70804076542413,188.99681826071023,"0.509, 0.440","0.517, 0.453","0.508, 0.542","0.516, 0.549","0.439, 0.613","0.428, 0.616","0.465, 0.739","0.442, 0.756","0.543, 0.619","0.541, 0.631","0.463, 0.870","0.434, 0.907","0.575, 0.416",0.543,0.619,0.541,0.631,0.463,0.87,0.434,0.907,Preparation
1.7350684017350684,22.01743979189526,28.5891929537668,154.75520717169027,162.6129151466369,145.3814123295648,145.06766617576298,193.33405529533965,188.8569826323333,"0.509, 0.443","0.516, 0.456","0.508, 0.544","0.516, 0.552","0.438, 0.613","0.427, 0.617","0.465, 0.739","0.442, 0.756","0.542, 0.618","0.541, 0.634","0.463, 0.872","0.434, 0.908","0.575, 0.417",0.542,0.618,0.541,0.634,0.463,0.872,0.434,0.908,Preparation
1.7684351017684352,22.026501919744035,28.92230465536975,154.6626755299835,162.96259925798532,145.11032731931144,145.01140554067803,194.28567220391167,188.73848092010783,"0.508, 0.444","0.516, 0.457","0.508, 0.545","0.516, 0.552","0.439, 0.614","0.427, 0.617","0.466, 0.739","0.441, 0.756","0.542, 0.618","0.541, 0.635","0.462, 0.873","0.434, 0.909","0.575, 0.418",0.542,0.618,0.541,0.635,0.462,0.873,0.434,0.909,Preparation
1.8018018018018016,23.91506712150577,29.454417064792896,158.86908622810753,163.31584073747476,145.20113480661075,144.73533686810413,194.92631639043327,188.53187082698147,"0.511, 0.444","0.516, 0.460","0.512, 0.546","0.516, 0.553","0.439, 0.614","0.427, 0.618","0.466, 0.741","0.441, 0.757","0.543, 0.620","0.541, 0.636","0.459, 0.875","0.435, 0.908","0.575, 0.417",0.543,0.62,0.541,0.636,0.459,0.875,0.435,0.908,Preparation
1.8351685018351689,24.375743783572503,29.763159506618777,158.48511222559154,163.33124578626928,145.7971702171029,144.9976749453977,194.11783770854976,187.67373689599057,"0.511, 0.447","0.516, 0.461","0.513, 0.547","0.516, 0.554","0.440, 0.615","0.427, 0.618","0.466, 0.741","0.440, 0.756","0.545, 0.622","0.541, 0.636","0.459, 0.874","0.434, 0.908","0.576, 0.417",0.545,0.622,0.541,0.636,0.459,0.874,0.434,0.908,Preparation
1.8685352018685355,26.03833153610077,29.835125793231505,160.60659724115098,163.51674999712418,145.25351705480662,144.97846345652928,194.3889172778726,187.70200620043545,"0.506, 0.446","0.516, 0.461","0.513, 0.547","0.517, 0.554","0.437, 0.614","0.427, 0.618","0.465, 0.741","0.440, 0.758","0.545, 0.622","0.541, 0.636","0.461, 0.874","0.434, 0.908","0.574, 0.418",0.545,0.622,0.541,0.636,0.461,0.874,0.434,0.908,Preparation
1.901901901901902,26.520581760213457,30.19095806936326,157.9030748177466,163.61623148616707,142.4273104876117,145.0024599392068,195.2830121488427,189.05583088023596,"0.500, 0.444","0.517, 0.461","0.507, 0.545","0.518, 0.554","0.428, 0.614","0.427, 0.620","0.463, 0.743","0.440, 0.760","0.543, 0.621","0.543, 0.636","0.462, 0.874","0.430, 0.909","0.573, 0.419",0.543,0.621,0.543,0.636,0.462,0.874,0.43,0.909,Preparation
1.9352686019352687,24.95332599506408,31.17297564525773,154.9573597176066,164.0714089163946,142.06379335362,144.596300420706,195.92828923796895,189.46857178756449,"0.496, 0.439","0.518, 0.462","0.502, 0.548","0.520, 0.557","0.425, 0.614","0.427, 0.619","0.462, 0.743","0.440, 0.761","0.540, 0.621","0.544, 0.636","0.462, 0.874","0.429, 0.911","0.573, 0.419",0.54,0.621,0.544,0.636,0.462,0.874,0.429,0.911,Preparation
1.9686353019686356,24.923167946732185,31.222779701383818,155.14182985823078,163.8596907040029,142.2425592053097,144.4420765994047,195.59125652738527,190.03740475670824,"0.497, 0.442","0.518, 0.462","0.502, 0.548","0.520, 0.557","0.427, 0.615","0.426, 0.620","0.462, 0.743","0.440, 0.761","0.541, 0.622","0.545, 0.636","0.462, 0.874","0.428, 0.915","0.573, 0.419",0.541,0.622,0.545,0.636,0.462,0.874,0.428,0.915,Preparation
2.002002002002002,24.87997293177891,31.20215993922312,155.24312106292564,163.74054990070843,142.62108293402187,144.3554418044911,195.18265690981403,190.422640625893,"0.497, 0.442","0.518, 0.461","0.502, 0.548","0.520, 0.557","0.427, 0.615","0.426, 0.620","0.462, 0.743","0.440, 0.762","0.541, 0.622","0.545, 0.636","0.462, 0.874","0.427, 0.916","0.573, 0.420",0.541,0.622,0.545,0.636,0.462,0.874,0.427,0.916,Preparation
2.035368702035369,24.807246748837837,31.417857467599188,155.02988572282223,163.65741169440352,142.8713797930587,143.86865453039238,195.2152154766941,191.5578774748465,"0.497, 0.442","0.518, 0.461","0.502, 0.550","0.520, 0.557","0.427, 0.615","0.426, 0.620","0.462, 0.743","0.441, 0.762","0.540, 0.621","0.545, 0.634","0.462, 0.874","0.426, 0.916","0.573, 0.420",0.54,0.621,0.545,0.634,0.462,0.874,0.426,0.916,Preparation
2.0687354020687354,24.34378810195592,31.375707039884222,154.83363378630776,164.53992390908024,143.67117403650383,143.8153913935349,193.7886160420708,191.56315446362365,"0.501, 0.444","0.518, 0.461","0.504, 0.549","0.520, 0.557","0.429, 0.615","0.426, 0.620","0.461, 0.745","0.441, 0.763","0.542, 0.625","0.543, 0.633","0.461, 0.877","0.427, 0.917","0.573, 0.420",0.542,0.625,0.543,0.633,0.461,0.877,0.427,0.917,Preparation
2.1021021021021022,23.76946103278077,30.858358738378424,155.5033078776922,164.32970153051846,144.5900244236414,143.73661427998778,192.2975335052193,191.3267979330902,"0.506, 0.447","0.518, 0.461","0.507, 0.550","0.519, 0.557","0.433, 0.619","0.425, 0.622","0.461, 0.748","0.440, 0.764","0.544, 0.628","0.542, 0.634","0.461, 0.877","0.427, 0.917","0.573, 0.419",0.544,0.628,0.542,0.634,0.461,0.877,0.427,0.917,Preparation
2.135468802135469,23.42691672842412,29.47793407033355,155.5833167377922,164.77013557022806,144.65186714066843,146.14379543599458,192.45868536347308,189.44558303218056,"0.506, 0.447","0.518, 0.461","0.507, 0.549","0.519, 0.557","0.433, 0.621","0.428, 0.625","0.461, 0.749","0.441, 0.765","0.544, 0.629","0.542, 0.637","0.461, 0.878","0.429, 0.917","0.573, 0.417",0.544,0.629,0.542,0.637,0.461,0.878,0.429,0.917,Preparation
2.1688355021688355,23.066844917950043,29.617857409911988,155.72063408788844,164.6796036782124,145.67881621852837,146.15605469915317,191.45104299418608,188.6300852560692,"0.508, 0.449","0.518, 0.462","0.508, 0.550","0.519, 0.557","0.435, 0.621","0.428, 0.625","0.462, 0.749","0.440, 0.765","0.544, 0.628","0.542, 0.638","0.462, 0.878","0.430, 0.916","0.573, 0.416",0.544,0.628,0.542,0.638,0.462,0.878,0.43,0.916,Preparation
2.2022022022022023,22.723312021267212,29.726600803183235,156.23730656870245,164.59323644100448,147.24036917961214,146.35891127528916,190.24191071137437,187.76727540698752,"0.509, 0.450","0.518, 0.462","0.510, 0.550","0.519, 0.557","0.439, 0.621","0.428, 0.624","0.462, 0.749","0.439, 0.765","0.544, 0.628","0.542, 0.637","0.462, 0.877","0.431, 0.916","0.573, 0.414",0.544,0.628,0.542,0.637,0.462,0.877,0.431,0.916,Preparation
2.235568902235569,25.536794231695072,30.071080799824745,164.1532507381961,164.3974496812819,151.17433596502045,145.9044236167257,188.01790949095889,187.87401764902103,"0.511, 0.451","0.517, 0.462","0.519, 0.551","0.518, 0.558","0.445, 0.621","0.426, 0.624","0.463, 0.749","0.438, 0.765","0.547, 0.628","0.542, 0.637","0.462, 0.877","0.430, 0.916","0.573, 0.413",0.547,0.628,0.542,0.637,0.462,0.877,0.43,0.916,Preparation
2.2689356022689355,25.110558727190377,29.767696060914844,162.6676899721997,163.9757779129633,150.4159761280967,146.30246370980478,188.45637537146135,187.28446122806807,"0.511, 0.451","0.517, 0.461","0.517, 0.552","0.518, 0.557","0.444, 0.621","0.426, 0.624","0.463, 0.750","0.438, 0.765","0.547, 0.630","0.542, 0.636","0.462, 0.879","0.430, 0.916","0.574, 0.421",0.547,0.63,0.542,0.636,0.462,0.879,0.43,0.916,Preparation
2.3023023023023024,24.75126181007197,29.66933338820364,161.50289805282915,163.69059350035758,150.00159333043493,146.3054077690696,188.6728350817195,187.0104343771672,"0.510, 0.450","0.517, 0.460","0.516, 0.552","0.518, 0.557","0.443, 0.621","0.426, 0.624","0.463, 0.751","0.437, 0.765","0.548, 0.631","0.541, 0.634","0.462, 0.880","0.431, 0.916","0.575, 0.423",0.548,0.631,0.541,0.634,0.462,0.88,0.431,0.916,Preparation
2.335669002335669,24.625173838260213,29.56606661772155,161.04220114045165,163.58195547355226,149.89305521978986,146.5463169747098,189.1746862966828,186.84066960486604,"0.508, 0.450","0.517, 0.460","0.515, 0.553","0.518, 0.558","0.443, 0.621","0.426, 0.624","0.464, 0.751","0.437, 0.765","0.547, 0.632","0.542, 0.636","0.464, 0.880","0.431, 0.916","0.575, 0.425",0.547,0.632,0.542,0.636,0.464,0.88,0.431,0.916,Preparation
2.369035702369036,23.46612161660599,28.84259546996088,159.3784504219023,163.60171079444555,150.66244955764049,148.14719744730823,189.92810426791323,186.2611369563615,"0.504, 0.447","0.517, 0.460","0.511, 0.553","0.518, 0.560","0.442, 0.621","0.429, 0.624","0.464, 0.750","0.437, 0.765","0.547, 0.633","0.542, 0.638","0.464, 0.880","0.430, 0.916","0.574, 0.426",0.547,0.633,0.542,0.638,0.464,0.88,0.43,0.916,Preparation
2.4024024024024024,23.41788515808897,29.007322632314725,159.54212034030255,163.81177984235833,150.2794208083384,148.02868218757806,190.35444176209583,186.271769187348,"0.504, 0.446","0.517, 0.460","0.511, 0.553","0.518, 0.559","0.441, 0.621","0.429, 0.623","0.464, 0.750","0.438, 0.764","0.547, 0.634","0.542, 0.638","0.463, 0.880","0.430, 0.917","0.573, 0.426",0.547,0.634,0.542,0.638,0.463,0.88,0.43,0.917,Preparation
2.4357691024357693,22.04042992471704,29.44725253763944,154.81656617881433,162.64746802414874,148.03522496078986,146.98198224474552,191.25083255099727,186.6221758095284,"0.505, 0.447","0.518, 0.461","0.507, 0.554","0.518, 0.559","0.439, 0.620","0.428, 0.623","0.464, 0.749","0.438, 0.764","0.547, 0.634","0.544, 0.638","0.463, 0.880","0.430, 0.917","0.573, 0.423",0.547,0.634,0.544,0.638,0.463,0.88,0.43,0.917,Preparation
2.469135802469136,22.301496936765805,32.844074743895106,154.75618329415872,162.49074708542113,145.58430451914538,142.1338852395451,192.36686532816177,188.4380183965102,"0.515, 0.453","0.517, 0.464","0.513, 0.557","0.519, 0.562","0.442, 0.620","0.421, 0.620","0.467, 0.749","0.436, 0.760","0.547, 0.634","0.545, 0.640","0.463, 0.882","0.430, 0.917","0.574, 0.422",0.547,0.634,0.545,0.64,0.463,0.882,0.43,0.917,Preparation
2.5025025025025025,22.41953570476749,33.60719256168211,154.70772113007268,162.65369440452662,145.33178004106404,141.42591485484968,193.15441321695928,188.37129606933087,"0.517, 0.456","0.516, 0.465","0.514, 0.559","0.519, 0.563","0.444, 0.620","0.419, 0.620","0.469, 0.749","0.435, 0.758","0.548, 0.635","0.546, 0.641","0.463, 0.886","0.430, 0.918","0.576, 0.423",0.548,0.635,0.546,0.641,0.463,0.886,0.43,0.918,Preparation
2.5358692025358693,20.08824851995801,33.686630136987084,150.05968011980582,162.46126885275422,144.55610180856758,141.9767652424688,194.4828734498224,187.74629782276932,"0.516, 0.456","0.516, 0.466","0.509, 0.558","0.519, 0.564","0.443, 0.620","0.420, 0.620","0.469, 0.749","0.434, 0.759","0.546, 0.635","0.546, 0.643","0.461, 0.886","0.430, 0.920","0.576, 0.426",0.546,0.635,0.546,0.643,0.461,0.886,0.43,0.92,Preparation
2.569235902569236,20.33586926256612,33.49955742059176,148.49896562126736,161.44084547367228,142.62138021103172,141.79155296236004,196.0357319349901,187.92691857404893,"0.504, 0.450","0.516, 0.468","0.499, 0.552","0.518, 0.566","0.432, 0.618","0.420, 0.620","0.464, 0.747","0.434, 0.759","0.540, 0.628","0.546, 0.645","0.460, 0.886","0.429, 0.919","0.576, 0.429",0.54,0.628,0.546,0.645,0.46,0.886,0.429,0.919,Preparation
2.6026026026026026,20.40657155318658,33.47492604049311,148.33239782151355,161.27677581396242,141.9658454212163,141.7912363454334,196.46258854439367,187.88985201785357,"0.502, 0.448","0.516, 0.469","0.496, 0.550","0.518, 0.567","0.428, 0.616","0.420, 0.620","0.462, 0.747","0.434, 0.760","0.537, 0.626","0.546, 0.645","0.457, 0.885","0.429, 0.920","0.576, 0.429",0.537,0.626,0.546,0.645,0.457,0.885,0.429,0.92,Preparation
2.6359693026359694,21.575188805735223,33.4140595703624,150.24134168341325,161.23363367776545,141.84917427888502,141.81694289804906,196.2267703353108,187.8779638887862,"0.502, 0.447","0.516, 0.469","0.498, 0.551","0.518, 0.567","0.428, 0.614","0.420, 0.620","0.461, 0.746","0.435, 0.760","0.537, 0.626","0.546, 0.646","0.456, 0.885","0.429, 0.920","0.576, 0.429",0.537,0.626,0.546,0.646,0.456,0.885,0.429,0.92,Preparation
2.669336002669336,21.215036010080773,33.26674615708375,149.9647086031757,161.23300874596703,140.4909961524425,141.7448655876596,197.0503505665068,188.27237031843015,"0.502, 0.447","0.516, 0.470","0.496, 0.549","0.518, 0.567","0.426, 0.614","0.421, 0.620","0.461, 0.744","0.435, 0.760","0.534, 0.625","0.546, 0.646","0.456, 0.884","0.429, 0.920","0.576, 0.429",0.534,0.625,0.546,0.646,0.456,0.884,0.429,0.92,Preparation
2.702702702702702,22.825151101438337,32.981296681025555,151.09590836005967,161.26215106457272,139.17680816026476,141.61020549062098,197.94302736554397,188.72917527619276,"0.500, 0.447","0.516, 0.470","0.497, 0.549","0.517, 0.567","0.423, 0.614","0.421, 0.620","0.460, 0.744","0.436, 0.760","0.535, 0.625","0.545, 0.646","0.455, 0.883","0.428, 0.920","0.574, 0.430",0.535,0.625,0.545,0.646,0.455,0.883,0.428,0.92,Preparation
2.736069402736069,22.747050326443937,32.463547122999216,150.8548635998554,160.52762251242282,139.9509972062667,141.6959903537654,197.50034811618625,189.20153271138145,"0.501, 0.447","0.516, 0.469","0.497, 0.551","0.517, 0.567","0.424, 0.615","0.421, 0.620","0.460, 0.744","0.436, 0.761","0.536, 0.626","0.545, 0.645","0.455, 0.883","0.427, 0.919","0.574, 0.431",0.536,0.626,0.545,0.645,0.455,0.883,0.427,0.919,Preparation
2.7694361027694363,23.179101550830268,32.12409242746665,150.81075798699976,160.0032331887024,140.11399705474508,141.73100134963124,197.2982110658791,189.44917813880204,"0.501, 0.448","0.516, 0.469","0.498, 0.553","0.516, 0.567","0.425, 0.615","0.421, 0.621","0.460, 0.745","0.436, 0.762","0.538, 0.627","0.545, 0.645","0.456, 0.882","0.427, 0.918","0.573, 0.432",0.538,0.627,0.545,0.645,0.456,0.882,0.427,0.918,Preparation
2.802802802802803,23.52380160049077,31.83229733202944,151.26564905749632,159.51942433295605,140.79199963275582,141.72888421286518,196.71436858821357,189.54974813979192,"0.501, 0.448","0.516, 0.470","0.499, 0.554","0.516, 0.567","0.425, 0.615","0.421, 0.621","0.460, 0.745","0.436, 0.762","0.539, 0.628","0.544, 0.645","0.456, 0.881","0.427, 0.916","0.573, 0.433",0.539,0.628,0.544,0.645,0.456,0.881,0.427,0.916,Preparation
2.836169502836169,24.404147969842285,31.747834109382147,152.40792106886934,159.3467598048441,141.06145398382742,141.65083899205715,196.18041986794705,189.57719550524135,"0.501, 0.448","0.516, 0.469","0.501, 0.555","0.515, 0.567","0.426, 0.615","0.421, 0.620","0.459, 0.745","0.436, 0.762","0.540, 0.629","0.544, 0.645","0.456, 0.879","0.427, 0.911","0.573, 0.433",0.54,0.629,0.544,0.645,0.456,0.879,0.427,0.911,Preparation
2.8695362028695364,25.25101253195364,31.61143914085597,153.27215166325334,159.44135414521074,140.67473340275717,141.67296212719506,195.6308476531499,189.2319677971508,"0.501, 0.447","0.516, 0.469","0.502, 0.555","0.515, 0.567","0.424, 0.614","0.422, 0.620","0.458, 0.744","0.437, 0.762","0.540, 0.629","0.544, 0.645","0.456, 0.878","0.429, 0.909","0.572, 0.433",0.54,0.629,0.544,0.645,0.456,0.878,0.429,0.909,Preparation
2.902902902902903,27.01528898979334,31.80449416630169,157.29433853091638,159.0356991542204,140.30434924733768,140.4046494099843,195.232975024558,190.17947251939387,"0.505, 0.449","0.516, 0.470","0.508, 0.556","0.515, 0.567","0.426, 0.614","0.420, 0.620","0.458, 0.743","0.438, 0.761","0.541, 0.630","0.544, 0.645","0.456, 0.876","0.429, 0.908","0.573, 0.433",0.541,0.63,0.544,0.645,0.456,0.876,0.429,0.908,Preparation
2.9362696029362696,27.262271539654183,31.890730890172154,157.77724691573755,158.92736653785104,140.264861836971,139.49443296225417,194.85282192076312,190.88105935385715,"0.507, 0.449","0.516, 0.470","0.510, 0.558","0.515, 0.567","0.427, 0.614","0.420, 0.620","0.458, 0.743","0.438, 0.761","0.541, 0.631","0.543, 0.645","0.456, 0.876","0.430, 0.908","0.574, 0.433",0.541,0.631,0.543,0.645,0.456,0.876,0.43,0.908,Preparation
2.9696363029696364,26.116556934874087,32.1023121173574,156.84067985410678,158.9006195332475,141.065577021775,138.93935148692557,194.5598759787763,191.3313779885125,"0.508, 0.450","0.516, 0.470","0.509, 0.558","0.514, 0.567","0.430, 0.614","0.419, 0.619","0.460, 0.743","0.439, 0.761","0.541, 0.631","0.543, 0.645","0.457, 0.876","0.430, 0.909","0.574, 0.433",0.541,0.631,0.543,0.645,0.457,0.876,0.43,0.909,Preparation
3.0030030030030037,25.62457480585549,31.60080801494901,159.71960570516353,159.46053670217427,144.412125842826,139.81604059639463,192.7317565543603,191.0748711482437,"0.508, 0.450","0.516, 0.470","0.512, 0.558","0.515, 0.566","0.435, 0.617","0.420, 0.621","0.461, 0.745","0.439, 0.763","0.541, 0.631","0.543, 0.645","0.459, 0.877","0.430, 0.911","0.574, 0.433",0.541,0.631,0.543,0.645,0.459,0.877,0.43,0.911,Preparation
3.0363697030363697,25.49689471592829,31.34506467721792,161.06687216471656,159.79916088465325,145.79951679041423,140.18593298351723,192.19328864448192,191.02065124744672,"0.509, 0.451","0.516, 0.469","0.513, 0.558","0.515, 0.565","0.437, 0.618","0.420, 0.622","0.462, 0.746","0.439, 0.764","0.542, 0.631","0.543, 0.645","0.459, 0.878","0.430, 0.913","0.574, 0.433",0.542,0.631,0.543,0.645,0.459,0.878,0.43,0.913,Preparation
3.0697364030697365,25.5875090128595,30.225792759353364,162.2852687054564,160.0381026941727,147.054273695736,143.03201992545277,191.4833095482092,189.3188361596549,"0.509, 0.451","0.516, 0.469","0.514, 0.558","0.515, 0.564","0.439, 0.620","0.424, 0.622","0.462, 0.748","0.439, 0.765","0.542, 0.631","0.543, 0.645","0.459, 0.878","0.430, 0.914","0.574, 0.433",0.542,0.631,0.543,0.645,0.459,0.878,0.43,0.914,Preparation
3.1031031031031038,25.50689329209444,29.69536267322944,162.58966243980586,160.2058446756993,147.68490864223878,144.46978539959397,191.45811930370004,188.5152795889276,"0.509, 0.452","0.516, 0.469","0.515, 0.558","0.515, 0.564","0.440, 0.620","0.426, 0.622","0.463, 0.748","0.439, 0.765","0.542, 0.631","0.543, 0.645","0.459, 0.878","0.429, 0.915","0.574, 0.433",0.542,0.631,0.543,0.645,0.459,0.878,0.429,0.915,Preparation
3.1364698031364697,25.44544069334801,29.532434038127803,162.62593935192209,160.3086683214415,147.5298064824743,145.03135359811114,192.1304113259013,188.1487401478433,"0.510, 0.452","0.516, 0.469","0.515, 0.558","0.515, 0.563","0.441, 0.620","0.427, 0.621","0.464, 0.748","0.438, 0.765","0.543, 0.631","0.543, 0.645","0.460, 0.878","0.429, 0.915","0.574, 0.433",0.543,0.631,0.543,0.645,0.46,0.878,0.429,0.915,Preparation
3.169836503169837,25.607925236234102,29.504902462274707,162.47792228450086,160.42740789647465,146.68267642176835,145.26003863875067,193.08411022850163,187.9589572438563,"0.510, 0.452","0.516, 0.468","0.515, 0.558","0.515, 0.563","0.440, 0.620","0.427, 0.620","0.465, 0.747","0.438, 0.764","0.543, 0.630","0.543, 0.645","0.460, 0.878","0.429, 0.914","0.574, 0.433",0.543,0.63,0.543,0.645,0.46,0.878,0.429,0.914,Preparation
3.2032032032032034,25.688267094722907,29.6172633903127,162.5169379807502,160.5395783182219,146.22954819705143,145.16480369556382,193.6898268946697,187.9675374000792,"0.510, 0.452","0.516, 0.468","0.516, 0.558","0.515, 0.563","0.440, 0.620","0.427, 0.620","0.465, 0.747","0.438, 0.764","0.543, 0.630","0.543, 0.645","0.460, 0.878","0.429, 0.914","0.574, 0.433",0.543,0.63,0.543,0.645,0.46,0.878,0.429,0.914,Preparation
3.2365699032365702,25.865970885355207,29.705994029221344,162.7005192046512,160.63340421471122,145.8624064084599,145.07108265749434,194.2828166355331,188.0136576876427,"0.510, 0.452","0.516, 0.468","0.516, 0.558","0.515, 0.563","0.440, 0.619","0.427, 0.620","0.466, 0.746","0.438, 0.764","0.543, 0.630","0.543, 0.645","0.460, 0.878","0.429, 0.914","0.573, 0.433",0.543,0.63,0.543,0.645,0.46,0.878,0.429,0.914,Preparation
3.2699366032699366,25.889101910413903,29.73834374515401,162.57847128766258,160.63045049635355,145.38032144973448,145.02922316241978,194.96068843191367,188.13893092496627,"0.510, 0.453","0.516, 0.468","0.516, 0.558","0.515, 0.563","0.440, 0.619","0.427, 0.619","0.467, 0.745","0.438, 0.764","0.543, 0.631","0.543, 0.645","0.460, 0.877","0.429, 0.914","0.573, 0.434",0.543,0.631,0.543,0.645,0.46,0.877,0.429,0.914,Preparation
3.3033033033033035,25.898581776978343,29.775147336253863,162.49708408089285,160.71837840602353,145.1229685550898,145.0356802565589,195.4994134499645,188.2736236088924,"0.510, 0.453","0.516, 0.468","0.516, 0.558","0.515, 0.563","0.440, 0.619","0.427, 0.619","0.467, 0.745","0.438, 0.764","0.543, 0.631","0.543, 0.645","0.459, 0.877","0.428, 0.915","0.573, 0.434",0.543,0.631,0.543,0.645,0.459,0.877,0.428,0.915,Preparation
3.3366700033366703,25.86687874151873,29.94321095828128,161.63438075958814,160.68449706632254,144.44345483773037,144.85953326992092,195.7459056455353,188.27362749263423,"0.511, 0.455","0.516, 0.469","0.516, 0.559","0.515, 0.563","0.440, 0.619","0.427, 0.619","0.468, 0.745","0.438, 0.764","0.543, 0.631","0.543, 0.645","0.459, 0.876","0.428, 0.915","0.573, 0.434",0.543,0.631,0.543,0.645,0.459,0.876,0.428,0.915,Preparation
3.3700367033700367,25.798474247227844,30.11731085389372,161.03160527453554,160.65864084891513,143.99858562343047,144.65160582512,195.90060946523528,188.31287751070064,"0.512, 0.456","0.516, 0.469","0.516, 0.559","0.515, 0.563","0.440, 0.619","0.427, 0.619","0.468, 0.745","0.438, 0.764","0.543, 0.631","0.543, 0.645","0.459, 0.876","0.428, 0.915","0.573, 0.434",0.543,0.631,0.543,0.645,0.459,0.876,0.428,0.915,Preparation
3.4034034034034035,25.78719643843429,30.265597245364354,160.65255191988552,160.6722659228169,143.65053728311872,144.4871980490385,196.14444952073163,188.33354787120567,"0.512, 0.457","0.516, 0.470","0.516, 0.560","0.515, 0.563","0.440, 0.619","0.427, 0.619","0.468, 0.744","0.438, 0.763","0.543, 0.631","0.543, 0.645","0.459, 0.876","0.428, 0.915","0.573, 0.434",0.543,0.631,0.543,0.645,0.459,0.876,0.428,0.915,Preparation
3.4367701034367704,26.14229303462203,32.24901480771506,159.92715587486168,160.80066850891996,142.29701792442555,140.22673171925814,196.6791257996788,190.6384611771776,"0.513, 0.459","0.516, 0.470","0.515, 0.562","0.515, 0.565","0.439, 0.619","0.420, 0.620","0.467, 0.746","0.438, 0.763","0.543, 0.633","0.543, 0.646","0.458, 0.878","0.428, 0.916","0.573, 0.434",0.543,0.633,0.543,0.646,0.458,0.878,0.428,0.916,Preparation
3.4701368034701368,25.9724681660439,33.13856990952922,158.97794643770823,160.73226684153542,141.82459803839782,138.39192144525512,196.75450590012665,191.51034331571145,"0.514, 0.461","0.516, 0.471","0.515, 0.564","0.515, 0.566","0.439, 0.620","0.417, 0.621","0.467, 0.747","0.437, 0.763","0.544, 0.635","0.543, 0.646","0.458, 0.878","0.429, 0.916","0.573, 0.433",0.544,0.635,0.543,0.646,0.458,0.878,0.429,0.916,Preparation
3.503503503503504,26.17817094966301,33.62682138899191,158.6581115504096,160.48485843707877,141.42894554522533,137.59148718976817,196.86818162407064,191.4809403512128,"0.515, 0.461","0.516, 0.472","0.515, 0.565","0.515, 0.567","0.438, 0.620","0.416, 0.621","0.467, 0.748","0.437, 0.763","0.544, 0.636","0.543, 0.646","0.458, 0.878","0.430, 0.916","0.573, 0.432",0.544,0.636,0.543,0.646,0.458,0.878,0.43,0.916,Preparation
3.5368702035368704,26.80634550448863,33.63668181194975,158.69754178953085,160.24559918391492,139.9951982098679,137.7400156529982,197.7986716383492,190.89743675299775,"0.514, 0.461","0.515, 0.473","0.515, 0.565","0.515, 0.568","0.436, 0.620","0.416, 0.622","0.467, 0.748","0.437, 0.764","0.544, 0.636","0.544, 0.647","0.458, 0.878","0.431, 0.917","0.574, 0.432",0.544,0.636,0.544,0.647,0.458,0.878,0.431,0.917,Preparation
3.5702369035702373,27.563736538153048,33.64699280945656,159.01369856847953,160.05157585414742,138.51134389627876,137.86309029198304,198.7316149496144,190.4020772186533,"0.514, 0.461","0.515, 0.473","0.515, 0.566","0.515, 0.568","0.433, 0.620","0.416, 0.622","0.467, 0.748","0.437, 0.764","0.544, 0.637","0.544, 0.647","0.458, 0.878","0.432, 0.917","0.574, 0.433",0.544,0.637,0.544,0.647,0.458,0.878,0.432,0.917,Preparation
3.603603603603604,28.35041474455452,33.744776383435806,158.84078133340233,159.7350031432869,136.62405335856084,137.50195315902602,199.9221335610213,190.59627946829548,"0.513, 0.461","0.515, 0.474","0.515, 0.566","0.515, 0.568","0.430, 0.620","0.416, 0.623","0.467, 0.748","0.438, 0.764","0.544, 0.637","0.545, 0.647","0.458, 0.878","0.433, 0.917","0.574, 0.433",0.544,0.637,0.545,0.647,0.458,0.878,0.433,0.917,Preparation
3.6369703036369705,28.287258520827017,33.89460817914389,158.33903880754232,159.77132257195453,136.16269904159793,137.33906006885869,200.4635520966915,190.78450914616047,"0.512, 0.460","0.515, 0.474","0.514, 0.566","0.515, 0.568","0.430, 0.620","0.416, 0.623","0.467, 0.748","0.438, 0.765","0.544, 0.637","0.545, 0.647","0.459, 0.878","0.434, 0.917","0.574, 0.433",0.544,0.637,0.545,0.647,0.459,0.878,0.434,0.917,Preparation
3.670337003670337,28.05319807183191,33.88550724087789,158.11062326042014,159.68299959921794,136.3980504002293,137.4413646826091,200.53875977057987,190.7696980615628,"0.512, 0.459","0.515, 0.474","0.514, 0.566","0.515, 0.568","0.430, 0.620","0.416, 0.623","0.468, 0.748","0.438, 0.765","0.544, 0.637","0.545, 0.647","0.459, 0.878","0.434, 0.918","0.574, 0.433",0.544,0.637,0.545,0.647,0.459,0.878,0.434,0.918,Preparation
3.703703703703704,27.833151972588105,33.86964114194179,157.90298813256302,159.5752481085663,136.60990184681316,137.49223011414946,200.92682720231747,190.7424633621764,"0.510, 0.458","0.515, 0.474","0.513, 0.566","0.515, 0.568","0.429, 0.620","0.416, 0.623","0.468, 0.748","0.438, 0.765","0.543, 0.637","0.545, 0.648","0.458, 0.877","0.434, 0.918","0.574, 0.433",0.543,0.637,0.545,0.648,0.458,0.877,0.434,0.918,Preparation
3.737070403737071,28.05842255574489,34.01289471131667,158.5282693513582,159.53870534692015,136.67815217464866,137.3522942312702,200.79958405300445,190.7893672883472,"0.511, 0.458","0.515, 0.474","0.513, 0.566","0.515, 0.569","0.429, 0.620","0.416, 0.622","0.468, 0.748","0.438, 0.764","0.543, 0.637","0.545, 0.648","0.458, 0.877","0.434, 0.917","0.574, 0.433",0.543,0.637,0.545,0.648,0.458,0.877,0.434,0.917,Preparation
3.770437103770437,28.3103525941674,34.119739180354,159.11872723790086,159.48150394770553,136.67060045207646,137.22956895655634,200.66174729348,190.8223788724034,"0.511, 0.458","0.515, 0.473","0.514, 0.566","0.516, 0.569","0.430, 0.620","0.416, 0.622","0.468, 0.748","0.438, 0.764","0.543, 0.637","0.546, 0.648","0.459, 0.877","0.434, 0.917","0.574, 0.433",0.543,0.637,0.546,0.648,0.459,0.877,0.434,0.917,Preparation
3.803803803803804,28.395312408457634,34.11334366496774,159.44632965730784,159.48984314946807,136.43575588569266,137.2447607398423,200.8282429288553,190.81947533253185,"0.511, 0.458","0.515, 0.473","0.514, 0.565","0.516, 0.569","0.430, 0.620","0.416, 0.622","0.468, 0.748","0.438, 0.764","0.543, 0.637","0.546, 0.648","0.459, 0.876","0.434, 0.918","0.574, 0.433",0.543,0.637,0.546,0.648,0.459,0.876,0.434,0.918,Preparation
3.8371705038371706,27.963632774084672,34.11128965446055,159.60824049843615,159.60904991158822,137.18555257652645,137.46486019727325,200.54101513556355,190.69209648625383,"0.512, 0.458","0.515, 0.473","0.514, 0.565","0.516, 0.569","0.431, 0.620","0.416, 0.622","0.469, 0.748","0.438, 0.764","0.543, 0.637","0.546, 0.648","0.460, 0.876","0.433, 0.918","0.574, 0.433",0.543,0.637,0.546,0.648,0.46,0.876,0.433,0.918,Preparation
3.8705372038705375,28.456966390606382,34.25637897327199,160.18374136406945,159.52574301921905,137.93615811027706,137.1867510106241,198.7588363033074,191.2414856492415,"0.512, 0.457","0.515, 0.473","0.515, 0.564","0.516, 0.569","0.431, 0.618","0.416, 0.621","0.466, 0.746","0.439, 0.764","0.544, 0.636","0.546, 0.647","0.459, 0.877","0.433, 0.915","0.574, 0.433",0.544,0.636,0.546,0.647,0.459,0.877,0.433,0.915,Preparation
3.903903903903904,28.72579282103927,34.26875155148895,160.39012814759712,159.46885537392578,138.27621727069587,137.12336850752212,197.6588012082721,191.59413419766992,"0.511, 0.456","0.515, 0.473","0.515, 0.564","0.516, 0.570","0.430, 0.617","0.416, 0.621","0.464, 0.745","0.439, 0.764","0.544, 0.636","0.546, 0.647","0.458, 0.877","0.433, 0.913","0.574, 0.433",0.544,0.636,0.546,0.647,0.458,0.877,0.433,0.913,Preparation
3.937270603937271,28.932527547331453,34.33147387047409,160.48392532071566,159.41911316807384,138.22087355174142,136.96649642541163,197.35240247885923,192.03135376702843,"0.511, 0.455","0.515, 0.473","0.515, 0.564","0.516, 0.570","0.429, 0.617","0.416, 0.621","0.463, 0.745","0.440, 0.764","0.544, 0.636","0.546, 0.647","0.458, 0.877","0.433, 0.913","0.574, 0.433",0.544,0.636,0.546,0.647,0.458,0.877,0.433,0.913,Preparation
3.9706373039706375,28.92780393568584,34.34912970386889,160.5029685423002,159.42022203975307,138.437776621161,136.8968488379607,196.99713766397724,192.2917718914696,"0.511, 0.455","0.515, 0.473","0.515, 0.564","0.516, 0.570","0.429, 0.617","0.416, 0.620","0.463, 0.745","0.440, 0.764","0.544, 0.636","0.546, 0.647","0.458, 0.878","0.433, 0.912","0.574, 0.433",0.544,0.636,0.546,0.647,0.458,0.878,0.433,0.912,Preparation
4.004004004004004,28.979156751868715,34.39849898769862,160.53581679467302,159.42722277540847,138.48401193175695,136.79861183050963,196.9616614418324,192.46506100439103,"0.511, 0.455","0.514, 0.473","0.515, 0.564","0.516, 0.570","0.429, 0.616","0.416, 0.620","0.463, 0.745","0.440, 0.764","0.544, 0.636","0.546, 0.647","0.457, 0.878","0.433, 0.912","0.574, 0.432",0.544,0.636,0.546,0.647,0.457,0.878,0.433,0.912,Preparation
4.037370704037371,29.028880822562368,34.433397786211344,160.5843246164819,159.43583528805053,138.52696037854835,136.755357590543,196.89819940832305,192.56003508429643,"0.511, 0.455","0.514, 0.473","0.515, 0.564","0.516, 0.570","0.429, 0.616","0.416, 0.620","0.463, 0.745","0.440, 0.764","0.544, 0.636","0.546, 0.647","0.457, 0.878","0.433, 0.912","0.574, 0.432",0.544,0.636,0.546,0.647,0.457,0.878,0.433,0.912,Preparation
4.070737404070738,29.16044663522055,34.4916135998692,160.77804602123797,159.41531406046371,138.46658745134633,136.71185426329174,196.93125612034112,192.68174444159152,"0.511, 0.455","0.514, 0.473","0.516, 0.564","0.516, 0.570","0.429, 0.616","0.416, 0.620","0.463, 0.744","0.440, 0.764","0.544, 0.636","0.546, 0.647","0.457, 0.878","0.432, 0.912","0.574, 0.432",0.544,0.636,0.546,0.647,0.457,0.878,0.432,0.912,Preparation
4.104104104104104,29.312213761966408,34.54044207368262,160.9455209904069,159.45974030496672,138.39329118361545,136.69195075170336,196.94500237793457,192.66653316353936,"0.511, 0.455","0.514, 0.472","0.516, 0.564","0.516, 0.570","0.429, 0.616","0.416, 0.619","0.463, 0.744","0.440, 0.764","0.544, 0.636","0.546, 0.647","0.457, 0.878","0.432, 0.912","0.574, 0.432",0.544,0.636,0.546,0.647,0.457,0.878,0.432,0.912,Preparation
4.137470804137471,29.426062349765967,34.61574009193894,161.03259729599847,159.50107896612323,138.34720488123114,136.65318172491095,196.8814852145473,192.67519993996711,"0.511, 0.455","0.514, 0.472","0.516, 0.564","0.516, 0.570","0.429, 0.616","0.416, 0.619","0.463, 0.744","0.441, 0.764","0.544, 0.636","0.546, 0.647","0.457, 0.878","0.432, 0.912","0.574, 0.432",0.544,0.636,0.546,0.647,0.457,0.878,0.432,0.912,Preparation
4.170837504170838,29.537204003320188,34.61574716196345,161.27072555395682,159.58028956669614,138.22439355397933,136.67500848247573,197.00674266648292,192.7084780764571,"0.511, 0.455","0.514, 0.472","0.516, 0.563","0.516, 0.570","0.429, 0.615","0.416, 0.618","0.463, 0.744","0.441, 0.764","0.544, 0.636","0.546, 0.647","0.457, 0.878","0.432, 0.912","0.574, 0.431",0.544,0.636,0.546,0.647,0.457,0.878,0.432,0.912,Preparation
4.2042042042042045,29.570061725157185,34.505726405042026,161.30237609497826,159.68041580825158,138.21489652772323,136.7851136171653,196.56317282493063,192.6976486491008,"0.511, 0.455","0.514, 0.472","0.516, 0.563","0.516, 0.570","0.429, 0.615","0.416, 0.618","0.463, 0.744","0.441, 0.764","0.544, 0.636","0.545, 0.647","0.459, 0.878","0.432, 0.913","0.574, 0.431",0.544,0.636,0.545,0.647,0.459,0.878,0.432,0.913,Preparation
4.237570904237571,29.66862005816264,34.4139781065129,161.47469011436334,159.73695638946066,138.18849398843068,136.8754449492086,196.3531689803466,192.73941570078813,"0.511, 0.455","0.514, 0.471","0.516, 0.563","0.516, 0.569","0.429, 0.615","0.416, 0.618","0.463, 0.744","0.441, 0.764","0.544, 0.635","0.545, 0.646","0.459, 0.877","0.432, 0.913","0.574, 0.431",0.544,0.635,0.545,0.646,0.459,0.877,0.432,0.913,Preparation
4.270937604270938,29.07045169722444,34.32161452023716,161.53056812823164,159.94475373153213,139.28480859805788,137.25349069854892,196.2841264645878,192.7449288843424,"0.512, 0.456","0.514, 0.471","0.516, 0.563","0.516, 0.569","0.432, 0.616","0.417, 0.619","0.464, 0.746","0.441, 0.764","0.544, 0.635","0.545, 0.647","0.459, 0.879","0.432, 0.915","0.574, 0.431",0.544,0.635,0.545,0.647,0.459,0.879,0.432,0.915,Preparation
4.3043043043043046,28.29574469488438,34.24724569017569,161.58455409958788,160.17630408183228,140.2904771320429,137.59302378414668,196.7168221449336,192.66237024065916,"0.512, 0.457","0.514, 0.471","0.517, 0.563","0.516, 0.569","0.434, 0.618","0.417, 0.619","0.466, 0.746","0.441, 0.764","0.545, 0.636","0.546, 0.647","0.460, 0.879","0.432, 0.915","0.574, 0.431",0.545,0.636,0.546,0.647,0.46,0.879,0.432,0.915,Preparation
4.337671004337671,28.43610697715952,34.23035087913505,163.23053091434434,160.36504629682585,141.07618281639375,137.8123774998402,196.95253653643212,192.66840336504637,"0.513, 0.458","0.514, 0.472","0.519, 0.563","0.516, 0.569","0.437, 0.619","0.418, 0.620","0.468, 0.747","0.441, 0.765","0.545, 0.637","0.546, 0.647","0.460, 0.880","0.432, 0.916","0.574, 0.430",0.545,0.637,0.546,0.647,0.46,0.88,0.432,0.916,Preparation
4.371037704371039,28.0549083850572,34.11932536317063,162.914127255594,160.44267152813015,141.15290680926418,138.0109476269215,197.5344090780444,192.98706052175567,"0.513, 0.458","0.514, 0.472","0.519, 0.563","0.516, 0.569","0.438, 0.620","0.418, 0.621","0.469, 0.748","0.441, 0.765","0.546, 0.637","0.546, 0.647","0.461, 0.880","0.431, 0.916","0.574, 0.430",0.546,0.637,0.546,0.647,0.461,0.88,0.431,0.916,Preparation
4.404404404404405,27.80598963505144,34.168203375018265,162.14501233473405,160.54349164119807,140.97400091214294,137.95186914437912,197.60351141484253,193.5246222640872,"0.513, 0.458","0.514, 0.472","0.518, 0.563","0.516, 0.570","0.437, 0.620","0.418, 0.621","0.469, 0.748","0.442, 0.765","0.546, 0.637","0.546, 0.648","0.461, 0.880","0.430, 0.916","0.574, 0.430",0.546,0.637,0.546,0.648,0.461,0.88,0.43,0.916,Preparation
4.437771104437771,27.47235419613858,34.180926085723286,161.38509628319224,160.57924474596595,141.0283049581966,137.84325872135162,197.52589437221687,194.01241605482107,"0.513, 0.458","0.514, 0.472","0.517, 0.563","0.516, 0.570","0.437, 0.620","0.418, 0.621","0.469, 0.748","0.442, 0.765","0.546, 0.637","0.546, 0.648","0.460, 0.880","0.430, 0.917","0.574, 0.430",0.546,0.637,0.546,0.648,0.46,0.88,0.43,0.917,Preparation
4.471137804471138,27.368782893687747,34.205920881028746,161.08191769619708,160.58200423919732,141.09674629847424,137.78126241215105,197.31845883212372,194.25642527652653,"0.513, 0.458","0.514, 0.472","0.517, 0.563","0.516, 0.570","0.437, 0.620","0.418, 0.621","0.468, 0.749","0.443, 0.765","0.546, 0.637","0.547, 0.649","0.460, 0.881","0.430, 0.917","0.574, 0.430",0.546,0.637,0.547,0.649,0.46,0.881,0.43,0.917,Preparation
4.504504504504505,27.18732999914756,34.13172112433963,160.85934886575888,160.62803285584076,141.30680399981898,138.1838807386265,197.15661826171828,194.06797924747647,"0.513, 0.458","0.513, 0.472","0.517, 0.563","0.516, 0.570","0.437, 0.621","0.419, 0.621","0.468, 0.751","0.443, 0.766","0.546, 0.638","0.547, 0.649","0.460, 0.882","0.430, 0.918","0.574, 0.430",0.546,0.638,0.547,0.649,0.46,0.882,0.43,0.918,Preparation
4.537871204537871,27.35208450942812,34.235087565617064,160.81826164603848,160.8157530901135,140.9431622984739,138.3755697557303,197.31948544736483,193.83336227447285,"0.513, 0.458","0.513, 0.473","0.517, 0.563","0.517, 0.570","0.436, 0.621","0.419, 0.621","0.468, 0.751","0.443, 0.767","0.546, 0.638","0.547, 0.649","0.460, 0.883","0.431, 0.919","0.574, 0.430",0.546,0.638,0.547,0.649,0.46,0.883,0.431,0.919,Preparation
4.571237904571238,27.853570886786613,34.34829055947823,160.82489856551368,161.02591280602513,139.8309573720983,138.45224461421773,197.8981412906366,193.7646449624465,"0.513, 0.458","0.513, 0.473","0.517, 0.563","0.517, 0.570","0.435, 0.621","0.419, 0.621","0.468, 0.751","0.443, 0.767","0.546, 0.637","0.547, 0.649","0.460, 0.883","0.431, 0.919","0.574, 0.430",0.546,0.637,0.547,0.649,0.46,0.883,0.431,0.919,Preparation
4.604604604604605,28.3233071170833,34.4563044597761,162.0146583150075,161.08026629091745,139.95826272543465,138.5834738716253,198.0516910342303,193.44963996104357,"0.513, 0.459","0.513, 0.473","0.518, 0.563","0.517, 0.571","0.435, 0.621","0.419, 0.621","0.469, 0.751","0.443, 0.767","0.546, 0.637","0.547, 0.650","0.460, 0.883","0.431, 0.919","0.574, 0.430",0.546,0.637,0.547,0.65,0.46,0.883,0.431,0.919,Preparation
4.637971304637971,28.615853581630848,34.56926283145815,161.88079038057384,161.08182792252737,139.38640286617016,139.00010643549612,198.3076382249046,192.6129505182271,"0.513, 0.459","0.513, 0.473","0.518, 0.563","0.517, 0.571","0.435, 0.620","0.419, 0.621","0.469, 0.751","0.442, 0.767","0.546, 0.637","0.547, 0.650","0.461, 0.883","0.431, 0.919","0.574, 0.430",0.546,0.637,0.547,0.65,0.461,0.883,0.431,0.919,Preparation
4.671338004671338,28.58179500870225,34.733341520014946,161.74214735433924,161.23956158494164,139.2548668608313,139.36258728370427,198.5695613746274,191.98968086261328,"0.513, 0.458","0.513, 0.473","0.518, 0.563","0.517, 0.572","0.435, 0.619","0.419, 0.621","0.469, 0.751","0.441, 0.767","0.546, 0.637","0.547, 0.650","0.461, 0.883","0.431, 0.919","0.574, 0.430",0.546,0.637,0.547,0.65,0.461,0.883,0.431,0.919,Preparation
4.704704704704705,29.284447790385265,35.29421782468628,161.95380828195022,161.41113604176354,136.7402655108721,138.44652629814817,201.731241809169,192.7913027505384,"0.512, 0.458","0.512, 0.473","0.518, 0.562","0.517, 0.572","0.433, 0.617","0.418, 0.620","0.472, 0.745","0.441, 0.766","0.546, 0.636","0.547, 0.650","0.461, 0.879","0.431, 0.919","0.574, 0.431",0.546,0.636,0.547,0.65,0.461,0.879,0.431,0.919,Preparation
4.738071404738071,29.47763417403001,35.98334809491039,161.96349597634725,161.51236036104245,135.9066124813125,137.17221974285567,202.68722258448815,194.0031865345467,"0.512, 0.458","0.511, 0.472","0.518, 0.562","0.517, 0.571","0.433, 0.617","0.416, 0.619","0.473, 0.744","0.441, 0.764","0.546, 0.636","0.547, 0.649","0.461, 0.878","0.430, 0.918","0.573, 0.431",0.546,0.636,0.547,0.649,0.461,0.878,0.43,0.918,Preparation
4.771438104771439,29.701211122024347,36.38271892113678,162.010915284948,161.51906564944963,135.44045477218168,136.44019262987868,203.06528881910165,194.8276463096346,"0.512, 0.459","0.511, 0.472","0.518, 0.562","0.516, 0.571","0.433, 0.617","0.415, 0.619","0.474, 0.743","0.441, 0.764","0.546, 0.636","0.547, 0.649","0.462, 0.877","0.429, 0.918","0.573, 0.430",0.546,0.636,0.547,0.649,0.462,0.877,0.429,0.918,Preparation
4.804804804804805,29.81813150901342,36.415140122653085,162.01443795835215,161.53022352036615,135.3218679316832,136.4312020866735,202.9464000444352,195.05347388820493,"0.512, 0.459","0.511, 0.472","0.518, 0.562","0.516, 0.571","0.433, 0.617","0.415, 0.619","0.474, 0.743","0.441, 0.763","0.546, 0.636","0.547, 0.649","0.462, 0.876","0.428, 0.918","0.572, 0.430",0.546,0.636,0.547,0.649,0.462,0.876,0.428,0.918,Preparation
4.838171504838172,30.05751323659504,36.41695150743343,162.11859070773042,161.62292659571244,135.0651462778987,136.49701353846652,202.82765359894597,195.1344548319562,"0.512, 0.459","0.511, 0.472","0.518, 0.562","0.516, 0.571","0.432, 0.616","0.415, 0.618","0.473, 0.743","0.441, 0.763","0.546, 0.636","0.547, 0.649","0.462, 0.876","0.428, 0.917","0.572, 0.430",0.546,0.636,0.547,0.649,0.462,0.876,0.428,0.917,Preparation
4.8715382048715385,30.33784252134449,36.39458675307383,162.35370707225337,161.7429322673006,134.85310028868054,136.65682360117032,203.0820368951852,195.33883492984924,"0.512, 0.460","0.511, 0.472","0.518, 0.562","0.516, 0.570","0.432, 0.616","0.415, 0.618","0.473, 0.742","0.441, 0.762","0.546, 0.636","0.547, 0.649","0.462, 0.876","0.427, 0.917","0.572, 0.430",0.546,0.636,0.547,0.649,0.462,0.876,0.427,0.917,Preparation
4.904904904904905,30.66120001377867,36.28161634244741,162.6536060563869,161.85678245076187,135.0802109492271,136.96422960803304,203.11355968513985,195.3253562149494,"0.511, 0.460","0.511, 0.472","0.517, 0.562","0.516, 0.570","0.431, 0.615","0.416, 0.618","0.472, 0.743","0.441, 0.762","0.545, 0.636","0.547, 0.649","0.460, 0.876","0.427, 0.915","0.571, 0.430",0.545,0.636,0.547,0.649,0.46,0.876,0.427,0.915,Preparation
4.938271604938272,31.7038940020394,36.36058741944104,162.79455682052017,161.9128107901495,137.11253697493703,137.2300623350798,197.818535100052,194.50366101245612,"0.510, 0.460","0.511, 0.472","0.517, 0.563","0.516, 0.570","0.428, 0.614","0.416, 0.617","0.462, 0.743","0.441, 0.761","0.545, 0.637","0.547, 0.649","0.455, 0.876","0.428, 0.914","0.571, 0.431",0.545,0.637,0.547,0.649,0.455,0.876,0.428,0.914,Preparation
4.971638304971639,31.640314106389948,36.28192868401309,162.64542165748944,161.74755903046946,139.44939453218691,137.3778126706368,194.1035472024317,194.13584725074764,"0.511, 0.460","0.511, 0.472","0.517, 0.563","0.516, 0.570","0.428, 0.614","0.416, 0.617","0.458, 0.747","0.441, 0.761","0.545, 0.637","0.547, 0.649","0.454, 0.876","0.429, 0.913","0.571, 0.431",0.545,0.637,0.547,0.649,0.454,0.876,0.429,0.913,Preparation
5.005005005005005,31.667985938669784,36.26655591591801,162.5896017405202,161.42639352636016,138.7902583321737,137.7736110827878,195.1385412900936,193.18335160549935,"0.511, 0.461","0.511, 0.472","0.517, 0.564","0.516, 0.570","0.428, 0.614","0.416, 0.618","0.459, 0.747","0.439, 0.761","0.546, 0.638","0.548, 0.649","0.454, 0.877","0.429, 0.911","0.571, 0.430",0.546,0.638,0.548,0.649,0.454,0.877,0.429,0.911,Preparation
5.038371705038372,31.59896094604046,36.13661365745182,162.45566092395416,161.2733886490695,138.35074099884724,138.03134993982775,195.8142213134304,192.7510234983689,"0.511, 0.461","0.511, 0.472","0.517, 0.564","0.516, 0.570","0.428, 0.615","0.416, 0.619","0.460, 0.747","0.439, 0.761","0.546, 0.639","0.548, 0.649","0.454, 0.878","0.430, 0.910","0.570, 0.430",0.546,0.639,0.548,0.649,0.454,0.878,0.43,0.91,Preparation
5.071738405071739,31.945528952042974,36.53751904963875,162.82279550093804,160.97326654278731,138.16707278563402,137.86365876690917,195.38171934874327,192.3813436925255,"0.513, 0.463","0.510, 0.473","0.519, 0.566","0.516, 0.570","0.430, 0.615","0.415, 0.619","0.460, 0.747","0.438, 0.760","0.546, 0.640","0.549, 0.649","0.454, 0.878","0.430, 0.909","0.569, 0.431",0.546,0.64,0.549,0.649,0.454,0.878,0.43,0.909,Preparation
5.105105105105105,32.36163221243295,37.01885915786606,163.3788141618603,160.88722570516845,138.75113405901956,137.25151147367853,195.20906430736957,192.549081418606,"0.515, 0.464","0.510, 0.473","0.520, 0.566","0.516, 0.570","0.430, 0.616","0.414, 0.619","0.457, 0.747","0.438, 0.759","0.547, 0.641","0.550, 0.649","0.449, 0.881","0.430, 0.908","0.569, 0.431",0.547,0.641,0.55,0.649,0.449,0.881,0.43,0.908,Preparation
5.138471805138472,33.01554178374303,36.92131735192145,162.57081513694797,160.07916657840929,137.41662261871906,136.99565632297785,196.10805643165983,192.5203400338929,"0.515, 0.464","0.510, 0.474","0.520, 0.567","0.516, 0.570","0.427, 0.616","0.414, 0.619","0.456, 0.747","0.438, 0.759","0.548, 0.641","0.550, 0.649","0.448, 0.882","0.431, 0.909","0.569, 0.432",0.548,0.641,0.55,0.649,0.448,0.882,0.431,0.909,Preparation
5.171838505171839,33.00753800148516,36.057571651746976,157.95847270443866,156.97696553959642,137.1895174321936,137.2453164412803,194.90716675655275,191.6139095550305,"0.506, 0.462","0.509, 0.474","0.513, 0.566","0.514, 0.569","0.420, 0.615","0.414, 0.619","0.452, 0.747","0.438, 0.759","0.548, 0.638","0.552, 0.647","0.449, 0.883","0.433, 0.909","0.568, 0.433",0.548,0.638,0.552,0.647,0.449,0.883,0.433,0.909,Preparation
5.205205205205205,32.968657139231496,36.12006861841856,155.72769211054785,156.08255447104312,136.77260017703924,137.31012074324244,194.79112710534463,191.0487066313013,"0.503, 0.460","0.508, 0.474","0.510, 0.565","0.513, 0.568","0.417, 0.614","0.414, 0.618","0.450, 0.747","0.438, 0.759","0.548, 0.636","0.552, 0.645","0.448, 0.883","0.434, 0.909","0.568, 0.434",0.548,0.636,0.552,0.645,0.448,0.883,0.434,0.909,Preparation
5.238571905238572,33.62579548104501,35.63233626800872,156.5042554308013,155.92982656083342,135.56112463986287,137.52337158056898,196.23088023547083,191.06803322500932,"0.502, 0.459","0.507, 0.473","0.510, 0.563","0.512, 0.564","0.415, 0.612","0.414, 0.617","0.450, 0.745","0.438, 0.759","0.548, 0.637","0.552, 0.644","0.447, 0.883","0.434, 0.909","0.568, 0.435",0.548,0.637,0.552,0.644,0.447,0.883,0.434,0.909,Preparation
5.271938605271939,34.42040383177225,36.97294105309109,157.37246953350223,157.9631722861592,135.14190038745707,137.44946370001534,196.69909563258776,192.3634310185882,"0.501, 0.458","0.502, 0.470","0.509, 0.562","0.510, 0.562","0.415, 0.608","0.414, 0.611","0.451, 0.743","0.441, 0.757","0.548, 0.637","0.552, 0.644","0.446, 0.883","0.436, 0.907","0.567, 0.437",0.548,0.637,0.552,0.644,0.446,0.883,0.436,0.907,Preparation
5.305305305305305,36.97606078839468,38.4064035409039,168.1207599808784,161.2152869220758,141.3349227328153,138.8784874439216,191.3867824196544,194.40336334082397,"0.504, 0.458","0.496, 0.469","0.521, 0.558","0.508, 0.558","0.426, 0.609","0.412, 0.611","0.452, 0.742","0.440, 0.757","0.550, 0.632","0.550, 0.641","0.452, 0.882","0.430, 0.908","0.567, 0.437",0.55,0.632,0.55,0.641,0.452,0.882,0.43,0.908,Preparation
5.3386720053386725,42.08799318803307,39.02337418524991,181.92634971778915,162.1817614426572,142.8991972778574,140.03376403084158,189.24973383265333,194.43387653267905,"0.515, 0.463","0.489, 0.464","0.537, 0.556","0.506, 0.557","0.435, 0.608","0.409, 0.609","0.455, 0.743","0.438, 0.756","0.552, 0.628","0.548, 0.636","0.453, 0.882","0.429, 0.908","0.565, 0.437",0.552,0.628,0.548,0.636,0.453,0.882,0.429,0.908,Address
5.372038705372039,41.38441438602662,35.49441506422926,178.8848904177155,155.38840896818945,140.91699684992844,142.54618284620778,194.3373256178012,195.483494395084,"0.518, 0.467","0.479, 0.457","0.539, 0.556","0.495, 0.548","0.439, 0.614","0.406, 0.613","0.464, 0.747","0.437, 0.756","0.555, 0.620","0.547, 0.621","0.455, 0.883","0.428, 0.909","0.565, 0.437",0.555,0.62,0.547,0.621,0.455,0.883,0.428,0.909,Address
5.405405405405405,41.05097778062983,28.77438291897647,178.51292752462012,148.2909662807671,136.99191733230106,145.5005187507304,197.4906885138481,193.6459328449755,"0.524, 0.475","0.474, 0.446","0.540, 0.557","0.483, 0.534","0.439, 0.622","0.403, 0.615","0.467, 0.748","0.433, 0.756","0.553, 0.619","0.535, 0.601","0.456, 0.884","0.428, 0.910","0.564, 0.437",0.553,0.619,0.535,0.601,0.456,0.884,0.428,0.91,Toe-Up
5.438772105438773,41.6998301849529,24.058250776844268,196.0704693070697,143.19664427485293,137.20045097224565,148.38934771903303,196.2037204183678,190.16713879127371,"0.524, 0.473","0.468, 0.442","0.540, 0.548","0.472, 0.526","0.438, 0.624","0.401, 0.616","0.466, 0.748","0.426, 0.756","0.539, 0.568","0.521, 0.584","0.459, 0.884","0.427, 0.911","0.559, 0.442",0.539,0.568,0.521,0.584,0.459,0.884,0.427,0.911,Toe-Up
5.472138805472139,34.33902320046384,15.7327347240385,239.0979167903749,133.75752633278398,133.04967014486874,149.4004232333014,196.26859068335077,189.8851793756206,"0.540, 0.473","0.467, 0.431","0.541, 0.549","0.461, 0.507","0.439, 0.623","0.399, 0.614","0.469, 0.748","0.425, 0.756","0.520, 0.561","0.508, 0.560","0.462, 0.883","0.426, 0.914","0.557, 0.441",0.52,0.561,0.508,0.56,0.462,0.883,0.426,0.914,Toe-Up
5.505505505505505,35.75879319581847,12.088996460167117,234.9452037518862,130.6736755402466,131.92076560628507,149.35102487209434,197.69373384500528,189.1891774128016,"0.542, 0.472","0.470, 0.432","0.544, 0.545","0.458, 0.505","0.440, 0.623","0.400, 0.614","0.471, 0.748","0.425, 0.757","0.523, 0.561","0.504, 0.557","0.462, 0.884","0.427, 0.916","0.555, 0.441",0.523,0.561,0.504,0.557,0.462,0.884,0.427,0.916,Toe-Up
5.538872205538873,23.836835503581156,9.945887926738893,87.12484187177868,105.45923102399054,132.77822591659677,152.15536803390893,198.2924344286201,184.60958757847425,"0.542, 0.473","0.470, 0.430","0.530, 0.544","0.455, 0.506","0.443, 0.623","0.401, 0.613","0.474, 0.748","0.419, 0.757","0.491, 0.535","0.513, 0.534","0.463, 0.883","0.427, 0.916","0.556, 0.438",0.491,0.535,0.513,0.534,0.463,0.883,0.427,0.916,Toe-Up
5.572238905572239,31.511492742761508,10.753449018331144,42.86809679710571,100.35177426721732,134.7619243936746,152.47810423603224,201.91388863448609,184.991777527313,"0.527, 0.473","0.471, 0.434","0.529, 0.525","0.463, 0.479","0.442, 0.623","0.403, 0.615","0.477, 0.747","0.421, 0.758","0.507, 0.503","0.523, 0.501","0.463, 0.882","0.427, 0.916","0.560, 0.439",0.507,0.503,0.523,0.501,0.463,0.882,0.427,0.916,Toe-Up
5.605605605605606,47.05453002864692,4.793926126476077,20.854982917878967,74.9189221992553,134.26951988238974,152.30774505306846,203.55505752240256,185.05694408874675,"0.527, 0.472","0.472, 0.436","0.544, 0.525","0.448, 0.486","0.442, 0.623","0.404, 0.615","0.479, 0.748","0.421, 0.758","0.530, 0.508","0.518, 0.499","0.462, 0.881","0.426, 0.914","0.560, 0.440",0.53,0.508,0.518,0.499,0.462,0.881,0.426,0.914,Mid-Backswing
5.638972305638973,58.344487608483206,48.15812513170696,23.4616117284988,49.55329224840505,133.19915589320163,152.91167366936048,206.429836868218,184.03228782711545,"0.526, 0.480","0.471, 0.437","0.547, 0.517","0.448, 0.446","0.444, 0.624","0.404, 0.619","0.482, 0.748","0.420, 0.759","0.545, 0.499","0.520, 0.484","0.461, 0.881","0.427, 0.914","0.560, 0.443",0.545,0.499,0.52,0.484,0.461,0.881,0.427,0.914,Mid-Backswing
5.672339005672339,62.465008234216114,287.992933763209,40.68544938861631,22.748121494495354,133.6646641670065,153.8321143343926,206.48856991184,182.528412619308,"0.526, 0.483","0.471, 0.437","0.548, 0.516","0.444, 0.436","0.446, 0.625","0.404, 0.620","0.483, 0.749","0.418, 0.760","0.550, 0.496","0.520, 0.471","0.461, 0.880","0.427, 0.912","0.560, 0.444",0.55,0.496,0.52,0.471,0.461,0.88,0.427,0.912,Top
5.705705705705706,23.21410848257578,43.87854857600831,55.07584690328272,40.67179501403884,132.3403848122065,154.56442219178942,208.05143590740695,182.2672843558938,"0.531, 0.481","0.473, 0.438","0.511, 0.496","0.431, 0.458","0.446, 0.625","0.406, 0.620","0.485, 0.753","0.419, 0.761","0.510, 0.476","0.506, 0.478","0.460, 0.882","0.427, 0.914","0.561, 0.444",0.51,0.476,0.506,0.478,0.46,0.882,0.427,0.914,Mid-Backswing
5.739072405739073,58.19833775676531,39.563617925511466,128.08492484499877,23.00193017446536,131.76716168838274,152.85836176697478,209.5940376157353,183.32825134651108,"0.528, 0.480","0.480, 0.443","0.489, 0.482","0.441, 0.464","0.444, 0.627","0.408, 0.621","0.486, 0.753","0.420, 0.761","0.456, 0.443","0.490, 0.460","0.460, 0.883","0.424, 0.915","0.565, 0.444",0.456,0.443,0.49,0.46,0.46,0.883,0.424,0.915,Mid-Backswing
5.772439105772439,279.0207125102337,11.186356606397492,144.33315380424892,105.18113326158506,133.297928885616,133.40817955480648,204.04125270952977,200.28150130474816,"0.477, 0.462","0.544, 0.474","0.428, 0.447","0.523, 0.493","0.404, 0.614","0.435, 0.625","0.458, 0.753","0.461, 0.762","0.412, 0.428","0.507, 0.483","0.451, 0.891","0.437, 0.906","0.555, 0.446",0.412,0.428,0.507,0.483,0.451,0.891,0.437,0.906,Mid-Backswing
5.805805805805806,283.5062876319894,19.60679236714373,130.57855723333992,105.1722366344399,135.0915396404695,132.19200554372603,200.10911306141492,201.52299788251528,"0.471, 0.459","0.551, 0.481","0.414, 0.447","0.521, 0.501","0.398, 0.610","0.443, 0.626","0.448, 0.754","0.470, 0.764","0.405, 0.429","0.502, 0.485","0.446, 0.896","0.444, 0.906","0.553, 0.447",0.405,0.429,0.502,0.485,0.446,0.896,0.444,0.906,Mid-Follow-Through
5.839172505839173,277.6276273482953,31.21488489732173,98.52635069778856,48.42115928591051,137.9529187986204,128.29819745165904,199.84511420474965,209.165596896808,"0.469, 0.454","0.555, 0.483","0.426, 0.441","0.553, 0.506","0.397, 0.610","0.448, 0.628","0.443, 0.755","0.485, 0.766","0.428, 0.432","0.531, 0.483","0.437, 0.904","0.450, 0.904","0.553, 0.449",0.428,0.432,0.531,0.483,0.437,0.904,0.45,0.904,Mid-Follow-Through
5.872539205872539,279.7024001039673,33.99203944164889,145.2082741776717,101.0899754350702,119.04205194930444,133.76575346520153,230.9241306293657,202.67645579138647,"0.469, 0.470","0.540, 0.488","0.438, 0.462","0.498, 0.505","0.398, 0.625","0.442, 0.635","0.496, 0.758","0.470, 0.764","0.412, 0.432","0.472, 0.465","0.460, 0.897","0.444, 0.911","0.554, 0.451",0.412,0.432,0.472,0.465,0.46,0.897,0.444,0.911,Mid-Backswing
5.9059059059059065,56.02753737935853,50.17612459397957,117.84285447117,99.61738629382614,115.9457982532124,134.1453095399374,230.1859333845615,204.96256796364625,"0.522, 0.494","0.515, 0.491","0.453, 0.496","0.439, 0.504","0.432, 0.640","0.428, 0.641","0.508, 0.761","0.463, 0.764","0.424, 0.446","0.423, 0.459","0.465, 0.894","0.439, 0.909","0.549, 0.458",0.424,0.446,0.423,0.459,0.465,0.894,0.439,0.909,Mid-Backswing
5.939272605939273,45.20799033347559,27.881308056197668,151.63121355561063,22.857234804640782,116.7468775663724,128.63284282986476,235.21824331546935,209.237670219576,"0.498, 0.488","0.525, 0.501","0.458, 0.500","0.521, 0.531","0.419, 0.636","0.429, 0.638","0.509, 0.763","0.467, 0.769","0.436, 0.522","0.536, 0.505","0.465, 0.884","0.433, 0.915","0.559, 0.490",0.436,0.522,0.536,0.505,0.465,0.884,0.433,0.915,Mid-Backswing
5.97263930597264,78.78106926493886,9.631287536823647,30.70360382080828,51.11400504731294,119.69878166583878,136.3826778300796,225.21828746072663,211.95261798237524,"0.527, 0.508","0.480, 0.489","0.560, 0.539","0.458, 0.522","0.441, 0.647","0.413, 0.640","0.503, 0.762","0.461, 0.775","0.551, 0.507","0.520, 0.516","0.466, 0.884","0.430, 0.917","0.562, 0.488",0.551,0.507,0.52,0.516,0.466,0.884,0.43,0.917,Mid-Downswing
6.006006006006007,25.213309532953527,1.8783829396015623,86.77569903175721,117.5877609941504,121.05151766768668,147.412354030725,217.69149368851717,194.5943267935459,"0.555, 0.508","0.471, 0.486","0.538, 0.588","0.439, 0.561","0.453, 0.643","0.413, 0.638","0.500, 0.761","0.438, 0.761","0.547, 0.589","0.455, 0.579","0.465, 0.885","0.430, 0.917","0.566, 0.484",0.547,0.589,0.455,0.579,0.465,0.885,0.43,0.917,Toe-Up
6.039372706039373,26.83398078102552,33.00360959976978,170.41872648797283,192.53714635876656,139.08721853602236,142.56510234849694,208.16262404911436,205.9471281028252,"0.488, 0.456","0.517, 0.478","0.496, 0.550","0.528, 0.557","0.428, 0.606","0.448, 0.625","0.477, 0.745","0.478, 0.762","0.511, 0.606","0.522, 0.625","0.459, 0.857","0.442, 0.909","0.561, 0.446",0.511,0.606,0.522,0.625,0.459,0.857,0.442,0.909,Address
6.072739406072739,28.929907667257265,19.246368078149757,169.0500945913101,131.8551087044189,147.8860758650985,146.04326473231694,196.01415529494724,199.08359822777464,"0.504, 0.464","0.528, 0.489","0.515, 0.549","0.515, 0.582","0.446, 0.611","0.456, 0.630","0.472, 0.745","0.472, 0.765","0.534, 0.606","0.559, 0.634","0.461, 0.860","0.440, 0.910","0.580, 0.454",0.534,0.606,0.559,0.634,0.461,0.86,0.44,0.91,Preparation
6.106106106106107,14.348518817885198,17.436221433601396,171.1018555320508,120.33738747629324,150.58394010645094,144.73769794971437,188.9224130830945,198.7356480799833,"0.532, 0.467","0.527, 0.501","0.519, 0.542","0.510, 0.583","0.463, 0.619","0.455, 0.632","0.473, 0.746","0.469, 0.766","0.517, 0.598","0.562, 0.630","0.465, 0.864","0.437, 0.910","0.582, 0.459",0.517,0.598,0.562,0.63,0.465,0.864,0.437,0.91,Impact
6.139472806139473,12.812345656418616,25.998388847907787,169.46344395999276,241.9988070228062,159.42031759770828,150.4878338876446,175.74833576496647,184.0688891787093,"0.504, 0.467","0.537, 0.505","0.496, 0.508","0.532, 0.589","0.437, 0.619","0.466, 0.632","0.430, 0.748","0.467, 0.762","0.496, 0.543","0.512, 0.598","0.434, 0.892","0.458, 0.893","0.570, 0.458",0.496,0.543,0.512,0.598,0.434,0.892,0.458,0.893,Mid-Follow-Through
6.172839506172839,273.4682136080018,2.2748761785198823,44.81921400013333,41.71455204407617,177.63040755478704,140.49472750821417,179.18143818421703,186.7836794481336,"0.479, 0.457","0.553, 0.504","0.448, 0.447","0.547, 0.513","0.416, 0.617","0.456, 0.634","0.371, 0.745","0.462, 0.761","0.471, 0.435","0.542, 0.474","0.327, 0.877","0.453, 0.896","0.529, 0.458",0.471,0.435,0.542,0.474,0.327,0.877,0.453,0.896,Mid-Follow-Through
6.206206206206207,274.06758446486924,87.07020711726248,3.0023795046709547,42.71123329003446,160.0793751739362,145.29101923374506,183.9312990755975,182.7900435090133,"0.479, 0.434","0.563, 0.495","0.443, 0.423","0.595, 0.521","0.416, 0.604","0.468, 0.627","0.416, 0.739","0.466, 0.754","0.469, 0.432","0.590, 0.485","0.406, 0.877","0.456, 0.891","0.559, 0.452",0.469,0.432,0.59,0.485,0.406,0.877,0.456,0.891,Mid-Follow-Through
6.239572906239573,45.03286312237581,27.62512976885116,49.94842326511604,4.106967785558805,153.24316164352075,144.07970618790932,191.33428467043015,183.15748731072384,"0.484, 0.420","0.568, 0.486","0.442, 0.440","0.562, 0.525","0.420, 0.597","0.475, 0.613","0.428, 0.664","0.473, 0.743","0.473, 0.454","0.565, 0.497","0.421, 0.752","0.464, 0.881","0.572, 0.439",0.473,0.454,0.565,0.497,0.421,0.752,0.464,0.881,Mid-Follow-Through
6.27293960627294,50.32989028894343,23.679120963281832,50.11907557481916,21.079345194736245,154.83034074291336,146.17198299314902,180.32080872771644,180.6614877167176,"0.486, 0.421","0.571, 0.484","0.440, 0.437","0.560, 0.531","0.422, 0.594","0.477, 0.613","0.430, 0.695","0.472, 0.742","0.475, 0.458","0.556, 0.502","0.437, 0.787","0.466, 0.880","0.576, 0.434",0.475,0.458,0.556,0.502,0.437,0.787,0.466,0.88,Mid-Follow-Through
6.306306306306307,58.79488748920749,32.80968012760803,53.96351138685267,1.8615381379732243,155.88945072688858,149.48517262497754,172.68384060659267,177.9248521559898,"0.483, 0.423","0.570, 0.475","0.427, 0.435","0.569, 0.524","0.423, 0.599","0.477, 0.614","0.432, 0.704","0.470, 0.741","0.437, 0.412","0.569, 0.490","0.455, 0.807","0.468, 0.871","0.576, 0.422",0.437,0.412,0.569,0.49,0.455,0.807,0.468,0.871,Mid-Follow-Through
6.339673006339673,67.94425990823134,35.04243461026654,15.064852481819935,3.1031400145312893,158.9981046591048,153.58573978907927,173.2412473461679,172.51899749957306,"0.476, 0.421","0.570, 0.463","0.421, 0.426","0.574, 0.523","0.423, 0.601","0.482, 0.612","0.432, 0.711","0.473, 0.742","0.447, 0.416","0.568, 0.476","0.452, 0.808","0.481, 0.874","0.568, 0.406",0.447,0.416,0.568,0.476,0.452,0.808,0.481,0.874,Mid-Follow-Through
6.37303970637304,70.6464480257181,67.65840987394019,102.54800831123448,96.6048652970276,158.89234473942375,151.9581154197376,171.96723884452837,171.08327840069043,"0.477, 0.425","0.578, 0.465","0.421, 0.428","0.621, 0.525","0.424, 0.606","0.485, 0.612","0.434, 0.731","0.475, 0.740","0.412, 0.395","0.671, 0.497","0.463, 0.859","0.486, 0.874","0.569, 0.400",0.412,0.395,0.671,0.497,0.463,0.859,0.486,0.874,Finish
6.406406406406407,282.5452845924039,73.21851875509958,89.62117923083079,123.23942134033524,162.074937775533,149.4342708621431,163.56288297846402,171.41312975886967,"0.479, 0.423","0.578, 0.466","0.403, 0.418","0.626, 0.524","0.426, 0.602","0.481, 0.614","0.429, 0.700","0.475, 0.741","0.409, 0.340","0.708, 0.514","0.458, 0.792","0.489, 0.876","0.567, 0.402",0.409,0.34,0.708,0.514,0.458,0.792,0.489,0.876,Mid-Follow-Through
6.439773106439773,74.42885405307628,77.07997112958564,105.94883862426028,137.6583070819072,164.5503471704195,152.29228611992366,170.07024217202476,170.62192907752268,"0.479, 0.426","0.576, 0.461","0.413, 0.426","0.638, 0.520","0.430, 0.603","0.485, 0.615","0.430, 0.721","0.479, 0.742","0.398, 0.372","0.718, 0.522","0.456, 0.865","0.494, 0.876","0.556, 0.396",0.398,0.372,0.718,0.522,0.456,0.865,0.494,0.876,Finish
6.4731398064731405,71.15023582864536,81.703340959923,79.48732729286253,74.03917464152886,163.79210758585282,150.68393315425553,173.30593280281562,171.54455927434864,"0.480, 0.428","0.573, 0.460","0.412, 0.432","0.598, 0.480","0.432, 0.603","0.485, 0.615","0.434, 0.731","0.485, 0.742","0.416, 0.395","0.610, 0.451","0.454, 0.879","0.504, 0.877","0.547, 0.387",0.416,0.395,0.61,0.451,0.454,0.879,0.504,0.877,Finish
6.506506506506506,70.42851016804714,79.35131045011104,66.53184509945704,140.59331817278365,166.2729613079399,154.43608384577206,174.4158497028634,171.61625768932944,"0.473, 0.427","0.571, 0.449","0.406, 0.435","0.632, 0.494","0.433, 0.605","0.489, 0.616","0.436, 0.735","0.488, 0.743","0.423, 0.377","0.706, 0.491","0.454, 0.879","0.506, 0.877","0.546, 0.385",0.423,0.377,0.706,0.491,0.454,0.879,0.506,0.877,Finish
6.539873206539873,56.74373022913488,62.67172835859049,46.69951613893815,126.21312363363118,167.23146493857936,158.65710817899324,171.28293810886197,171.53625357587725,"0.464, 0.422","0.567, 0.430","0.402, 0.449","0.627, 0.501","0.434, 0.604","0.490, 0.616","0.442, 0.734","0.487, 0.741","0.426, 0.382","0.708, 0.495","0.472, 0.876","0.504, 0.876","0.542, 0.381",0.426,0.382,0.708,0.495,0.472,0.876,0.504,0.876,Finish
6.5732399065732405,55.24331310133562,44.98491967441431,39.62821786986085,98.3539697759083,168.51057244117655,161.01813121187746,173.88935939171003,170.2135548072467,"0.465, 0.418","0.562, 0.428","0.399, 0.451","0.595, 0.502","0.436, 0.607","0.490, 0.616","0.443, 0.737","0.486, 0.741","0.428, 0.386","0.675, 0.479","0.467, 0.890","0.505, 0.876","0.541, 0.383",0.428,0.386,0.675,0.479,0.467,0.89,0.505,0.876,Finish
6.606606606606607,14.895377196232378,36.34292470916289,28.396431393994696,32.416780042735745,161.6895470507599,171.79959059199194,170.0850744255104,171.4980018545343,"0.526, 0.418","0.481, 0.408","0.523, 0.467","0.427, 0.470","0.462, 0.607","0.464, 0.615","0.460, 0.741","0.471, 0.741","0.530, 0.456","0.498, 0.449","0.484, 0.884","0.504, 0.896","0.541, 0.388",0.53,0.456,0.498,0.449,0.484,0.884,0.504,0.896,Finish
