Time,Left Shoulder Angle,Right Shoulder Angle,Left Elbow Angle,Right Elbow Angle,Left Hip Angle,Right Hip Angle,Left Knee Angle,Right Knee Angle,"x, y Left Shoulder","x, y Right Shoulder","x, y Left Elbow","x, y Right Elbow","x, y Left Hip","x, y Right Hip","x, y Left Knee","x, y Right Knee","x, y Left Wrist","x, y Right Wrist","x, y Left Ankle","x, y Right Ankle","x, y Nose",Left Wrist x,Left Wrist y,Right Wrist x,Right Wrist y,Left Ankle x,Left Ankle y,Right Ankle x,Right Ankle y,Left Shoulder x,Left Shoulder y,Right Shoulder x,Right Shoulder y,Left Elbow x,Left Elbow y,Right Elbow x,Right Elbow y,Left Hip x,Left Hip y,Right Hip x,Right Hip y,Left Knee x,Left Knee y,Right Knee x,Right Knee y,Predicted_Pose
0.0667334000667334,11.576251155157331,1.3461966393605107,190.63548289152723,166.58324817801173,169.80545725248564,191.5434465240972,176.47960794354796,186.4466891084984,"0.582, 0.403","0.491, 0.420","0.589, 0.485","0.503, 0.497","0.566, 0.538","0.513, 0.538","0.573, 0.648","0.511, 0.654","0.583, 0.548","0.528, 0.554","0.590, 0.780","0.495, 0.786","0.529, 0.377",0.583,0.548,0.528,0.554,0.59,0.78,0.495,0.786,0.582,0.403,0.491,0.42,0.589,0.485,0.503,0.497,0.566,0.538,0.513,0.538,0.573,0.648,0.511,0.654,Preparation
0.1001001001001001,11.286604796741992,2.645467606834276,191.38626101594767,165.60390311004207,171.12909361543367,193.41057068411328,176.39649915420352,185.7407127886601,"0.581, 0.404","0.491, 0.420","0.589, 0.485","0.503, 0.497","0.567, 0.542","0.516, 0.542","0.574, 0.656","0.511, 0.659","0.583, 0.549","0.528, 0.555","0.590, 0.779","0.495, 0.781","0.529, 0.378",0.583,0.549,0.528,0.555,0.59,0.779,0.495,0.781,0.581,0.404,0.491,0.42,0.589,0.485,0.503,0.497,0.567,0.542,0.516,0.542,0.574,0.656,0.511,0.659,Preparation
0.1334668001334668,11.279562968211184,2.9374509644826112,190.5415643724154,165.24629435565183,170.7938535736162,193.05620807777171,175.4585295445364,186.13789037791415,"0.581, 0.404","0.493, 0.416","0.588, 0.484","0.504, 0.495","0.567, 0.541","0.516, 0.541","0.574, 0.654","0.512, 0.660","0.583, 0.548","0.528, 0.553","0.591, 0.772","0.495, 0.776","0.528, 0.373",0.583,0.548,0.528,0.553,0.591,0.772,0.495,0.776,0.581,0.404,0.493,0.416,0.588,0.484,0.504,0.495,0.567,0.541,0.516,0.541,0.574,0.654,0.512,0.66,Preparation
0.1668335001668335,12.045841226914977,3.57554220726512,190.93920989928503,162.43349274339107,171.1262559607977,194.2379580575576,175.2572466475178,186.4682232690716,"0.580, 0.406","0.493, 0.415","0.589, 0.484","0.504, 0.493","0.567, 0.542","0.518, 0.542","0.574, 0.656","0.512, 0.661","0.584, 0.548","0.532, 0.553","0.591, 0.772","0.492, 0.777","0.528, 0.376",0.584,0.548,0.532,0.553,0.591,0.772,0.492,0.777,0.58,0.406,0.493,0.415,0.589,0.484,0.504,0.493,0.567,0.542,0.518,0.542,0.574,0.656,0.512,0.661,Preparation
0.2002002002002002,11.22199164100623,6.1261520600764685,189.64472434053928,156.39416376903878,171.71943648326393,195.28410028299183,175.36805165318788,187.0932880642044,"0.578, 0.411","0.496, 0.416","0.587, 0.485","0.502, 0.488","0.568, 0.548","0.521, 0.550","0.575, 0.656","0.512, 0.664","0.584, 0.548","0.531, 0.543","0.592, 0.773","0.488, 0.777","0.531, 0.379",0.584,0.548,0.531,0.543,0.592,0.773,0.488,0.777,0.578,0.411,0.496,0.416,0.587,0.485,0.502,0.488,0.568,0.548,0.521,0.55,0.575,0.656,0.512,0.664,Preparation
0.2335669002335669,11.254094384739428,6.980110162183341,193.13585050827373,153.87381167971452,171.5238480219523,195.6150181923298,176.7221040000416,190.17428843799323,"0.578, 0.411","0.497, 0.416","0.587, 0.485","0.501, 0.493","0.568, 0.547","0.521, 0.549","0.575, 0.653","0.511, 0.662","0.580, 0.551","0.534, 0.550","0.590, 0.773","0.480, 0.774","0.532, 0.379",0.58,0.551,0.534,0.55,0.59,0.773,0.48,0.774,0.578,0.411,0.497,0.416,0.587,0.485,0.501,0.493,0.568,0.547,0.521,0.549,0.575,0.653,0.511,0.662,Preparation
0.2669336002669336,11.181805040618398,13.853055818416715,197.52188355466384,49.79476941641281,171.22374037996028,196.0047325092134,178.79259469761115,192.44084785651216,"0.578, 0.412","0.497, 0.416","0.587, 0.489","0.494, 0.463","0.567, 0.546","0.521, 0.548","0.575, 0.656","0.509, 0.661","0.574, 0.555","0.516, 0.447","0.586, 0.779","0.472, 0.775","0.534, 0.380",0.574,0.555,0.516,0.447,0.586,0.779,0.472,0.775,0.578,0.412,0.497,0.416,0.587,0.489,0.494,0.463,0.567,0.546,0.521,0.548,0.575,0.656,0.509,0.661,Preparation
0.3003003003003003,8.60121537278637,12.554949950498331,194.94699043177687,122.51131155871434,172.49936480073205,198.0939932567126,178.36448122557255,190.35535482468777,"0.576, 0.413","0.499, 0.416","0.582, 0.490","0.496, 0.473","0.566, 0.554","0.521, 0.549","0.573, 0.665","0.503, 0.663","0.570, 0.554","0.519, 0.489","0.583, 0.783","0.464, 0.776","0.533, 0.380",0.57,0.554,0.519,0.489,0.583,0.783,0.464,0.776,0.576,0.413,0.499,0.416,0.582,0.49,0.496,0.473,0.566,0.554,0.521,0.549,0.573,0.665,0.503,0.663,Preparation
0.333667000333667,6.014990627042761,2.451796663557841,192.4949942914837,166.85881973385722,173.15215596816472,198.8965113359835,175.50562561670029,190.6416719059135,"0.579, 0.414","0.500, 0.416","0.581, 0.490","0.506, 0.475","0.567, 0.556","0.521, 0.551","0.570, 0.667","0.501, 0.665","0.567, 0.554","0.528, 0.536","0.583, 0.784","0.458, 0.779","0.533, 0.374",0.567,0.554,0.528,0.536,0.583,0.784,0.458,0.779,0.579,0.414,0.5,0.416,0.581,0.49,0.506,0.475,0.567,0.556,0.521,0.551,0.57,0.667,0.501,0.665,Preparation
0.3670337003670337,8.422235091371249,0.9284963838192504,195.27403610747805,172.11284215060175,170.48785254310027,196.1353629938598,177.06122580090576,189.8536881881052,"0.578, 0.413","0.500, 0.411","0.581, 0.491","0.506, 0.478","0.563, 0.551","0.515, 0.550","0.570, 0.666","0.495, 0.665","0.566, 0.555","0.523, 0.553","0.584, 0.784","0.453, 0.781","0.531, 0.364",0.566,0.555,0.523,0.553,0.584,0.784,0.453,0.781,0.578,0.413,0.5,0.411,0.581,0.491,0.506,0.478,0.563,0.551,0.515,0.55,0.57,0.666,0.495,0.665,Preparation
0.4004004004004004,8.066131791778224,6.281471848451783,196.359741680036,161.00327901580107,166.2831737441564,195.91575893363623,178.8421578530792,187.59059594501176,"0.573, 0.412","0.498, 0.412","0.575, 0.495","0.496, 0.489","0.556, 0.553","0.511, 0.552","0.569, 0.668","0.489, 0.670","0.557, 0.558","0.517, 0.553","0.585, 0.784","0.452, 0.782","0.523, 0.368",0.557,0.558,0.517,0.553,0.585,0.784,0.452,0.782,0.573,0.412,0.498,0.412,0.575,0.495,0.496,0.489,0.556,0.553,0.511,0.552,0.569,0.668,0.489,0.67,Preparation
0.4337671004337671,5.503098850602327,4.091139607530586,191.07843805740964,163.9341725898757,162.10886878203456,192.83543956471277,179.048646643163,190.55218667636743,"0.571, 0.412","0.496, 0.415","0.565, 0.495","0.497, 0.496","0.548, 0.553","0.507, 0.553","0.566, 0.670","0.490, 0.669","0.548, 0.560","0.517, 0.565","0.585, 0.784","0.451, 0.782","0.520, 0.369",0.548,0.56,0.517,0.565,0.585,0.784,0.451,0.782,0.571,0.412,0.496,0.415,0.565,0.495,0.497,0.496,0.548,0.553,0.507,0.553,0.566,0.67,0.49,0.669,Preparation
0.4671338004671338,7.332382992389248,2.293703593576472,191.5642437769169,160.81562172631914,163.4418527612237,189.25892781890715,177.54421913241438,190.6575213088132,"0.569, 0.412","0.492, 0.413","0.567, 0.494","0.493, 0.497","0.547, 0.549","0.499, 0.549","0.563, 0.670","0.487, 0.664","0.551, 0.561","0.518, 0.565","0.582, 0.780","0.452, 0.777","0.520, 0.370",0.551,0.561,0.518,0.565,0.582,0.78,0.452,0.777,0.569,0.412,0.492,0.413,0.567,0.494,0.493,0.497,0.547,0.549,0.499,0.549,0.563,0.67,0.487,0.664,Preparation
0.5005005005005005,4.814647103418544,4.407658827192969,190.60978712692705,159.71535368038815,164.69120986460453,193.36471468744423,177.90044715938214,187.95311907658004,"0.569, 0.412","0.486, 0.413","0.563, 0.494","0.488, 0.496","0.549, 0.546","0.500, 0.548","0.564, 0.668","0.484, 0.664","0.547, 0.560","0.514, 0.561","0.581, 0.781","0.453, 0.777","0.518, 0.367",0.547,0.56,0.514,0.561,0.581,0.781,0.453,0.777,0.569,0.412,0.486,0.413,0.563,0.494,0.488,0.496,0.549,0.546,0.5,0.548,0.564,0.668,0.484,0.664,Preparation
0.5338672005338673,0.5491924975437765,2.8849016434019523,186.2885038262885,161.06510074214262,165.89414993720715,194.00507140853247,178.1289111125805,187.1828644913652,"0.565, 0.412","0.484, 0.417","0.556, 0.494","0.488, 0.497","0.548, 0.554","0.498, 0.557","0.564, 0.672","0.482, 0.669","0.541, 0.562","0.514, 0.562","0.581, 0.781","0.452, 0.777","0.516, 0.370",0.541,0.562,0.514,0.562,0.581,0.781,0.452,0.777,0.565,0.412,0.484,0.417,0.556,0.494,0.488,0.497,0.548,0.554,0.498,0.557,0.564,0.672,0.482,0.669,Preparation
0.5672339005672339,4.1780927614440335,6.825719411838831,190.3891389595013,156.8685544237053,164.81771562168768,194.3573439284177,176.02782408068845,185.3368278957593,"0.562, 0.412","0.482, 0.418","0.558, 0.494","0.480, 0.497","0.544, 0.554","0.495, 0.556","0.560, 0.671","0.478, 0.669","0.541, 0.562","0.506, 0.562","0.583, 0.782","0.450, 0.777","0.513, 0.370",0.541,0.562,0.506,0.562,0.583,0.782,0.45,0.777,0.562,0.412,0.482,0.418,0.558,0.494,0.48,0.497,0.544,0.554,0.495,0.556,0.56,0.671,0.478,0.669,Preparation
0.6006006006006006,2.996489833675265,5.943334558636304,188.10473829177977,158.1947639053256,164.0938425307063,196.13106725681416,177.55716858148352,184.35493204302855,"0.560, 0.413","0.479, 0.421","0.554, 0.495","0.480, 0.500","0.543, 0.555","0.495, 0.556","0.561, 0.672","0.476, 0.670","0.540, 0.563","0.507, 0.564","0.583, 0.785","0.449, 0.778","0.513, 0.379",0.54,0.563,0.507,0.564,0.583,0.785,0.449,0.778,0.56,0.413,0.479,0.421,0.554,0.495,0.48,0.5,0.543,0.555,0.495,0.556,0.561,0.672,0.476,0.67,Preparation
0.6339673006339673,0.4714724055175183,9.04589490134904,181.44642635203195,152.96107305295553,166.01545881614342,198.11608628230783,176.73426061030167,185.98541320106537,"0.558, 0.422","0.476, 0.431","0.549, 0.502","0.475, 0.512","0.544, 0.558","0.495, 0.560","0.561, 0.675","0.477, 0.672","0.541, 0.565","0.505, 0.573","0.584, 0.788","0.447, 0.780","0.508, 0.385",0.541,0.565,0.505,0.573,0.584,0.788,0.447,0.78,0.558,0.422,0.476,0.431,0.549,0.502,0.475,0.512,0.544,0.558,0.495,0.56,0.561,0.675,0.477,0.672,Preparation
0.6673340006673341,0.6815610169050658,7.100001069479887,184.0849074915235,161.76954698885007,167.05182411856865,199.3364529951755,177.09948716048487,183.49844835346684,"0.555, 0.421","0.475, 0.430","0.547, 0.502","0.477, 0.509","0.544, 0.557","0.495, 0.560","0.562, 0.676","0.473, 0.674","0.537, 0.566","0.501, 0.574","0.584, 0.789","0.446, 0.781","0.506, 0.385",0.537,0.566,0.501,0.574,0.584,0.789,0.446,0.781,0.555,0.421,0.475,0.43,0.547,0.502,0.477,0.509,0.544,0.557,0.495,0.56,0.562,0.676,0.473,0.674,Preparation
0.7007007007007008,0.5519248083347444,6.971738667546955,187.00928830892727,162.91665701156222,167.9031426215188,199.7705937858773,177.3370295019746,183.26936951872693,"0.554, 0.421","0.476, 0.429","0.549, 0.502","0.478, 0.507","0.545, 0.556","0.496, 0.559","0.562, 0.678","0.473, 0.674","0.537, 0.568","0.500, 0.572","0.584, 0.793","0.446, 0.783","0.506, 0.385",0.537,0.568,0.5,0.572,0.584,0.793,0.446,0.783,0.554,0.421,0.476,0.429,0.549,0.502,0.478,0.507,0.545,0.556,0.496,0.559,0.562,0.678,0.473,0.674,Preparation
0.7340674007340674,0.5738056844557846,6.720506445664912,183.67255588617613,162.65639899269118,167.12273880533854,199.94028388798904,178.5750211791537,183.31063808280788,"0.555, 0.421","0.475, 0.428","0.548, 0.503","0.478, 0.506","0.544, 0.554","0.495, 0.557","0.562, 0.676","0.473, 0.672","0.537, 0.570","0.502, 0.573","0.582, 0.795","0.445, 0.783","0.506, 0.388",0.537,0.57,0.502,0.573,0.582,0.795,0.445,0.783,0.555,0.421,0.475,0.428,0.548,0.503,0.478,0.506,0.544,0.554,0.495,0.557,0.562,0.676,0.473,0.672,Preparation
0.7674341007674341,0.7212369403334294,11.125790419180875,184.67672841986695,155.08263689297698,166.96016971934603,200.85775674193405,179.88531288778142,181.5349141919272,"0.556, 0.421","0.474, 0.427","0.549, 0.506","0.472, 0.505","0.544, 0.550","0.495, 0.551","0.562, 0.676","0.472, 0.666","0.538, 0.575","0.502, 0.575","0.579, 0.795","0.445, 0.783","0.502, 0.386",0.538,0.575,0.502,0.575,0.579,0.795,0.445,0.783,0.556,0.421,0.474,0.427,0.549,0.506,0.472,0.505,0.544,0.55,0.495,0.551,0.562,0.676,0.472,0.666,Preparation
0.8008008008008008,0.8411297399180807,10.59737584343172,184.56561344584875,155.94027869112836,167.11895875031436,200.8281650711274,180.57233715157813,181.7788709252713,"0.556, 0.421","0.475, 0.428","0.550, 0.506","0.473, 0.505","0.545, 0.550","0.495, 0.549","0.562, 0.675","0.472, 0.664","0.539, 0.575","0.503, 0.574","0.578, 0.795","0.445, 0.780","0.501, 0.388",0.539,0.575,0.503,0.574,0.578,0.795,0.445,0.78,0.556,0.421,0.475,0.428,0.55,0.506,0.473,0.505,0.545,0.55,0.495,0.549,0.562,0.675,0.472,0.664,Preparation
0.8341675008341676,1.060701076609724,7.565358904014583,182.92384532787065,159.83267449328883,164.62744128196013,199.2042708422688,181.48032407709485,181.7275124358014,"0.556, 0.423","0.478, 0.422","0.548, 0.503","0.478, 0.498","0.542, 0.545","0.495, 0.546","0.562, 0.673","0.472, 0.660","0.538, 0.572","0.504, 0.566","0.578, 0.795","0.445, 0.778","0.500, 0.386",0.538,0.572,0.504,0.566,0.578,0.795,0.445,0.778,0.556,0.423,0.478,0.422,0.548,0.503,0.478,0.498,0.542,0.545,0.495,0.546,0.562,0.673,0.472,0.66,Preparation
0.8675342008675342,0.1436237135683244,3.3458630436652737,180.40877943320515,167.43888913653603,165.0014543555398,197.54945307518065,180.6184699738404,181.83367056389463,"0.554, 0.420","0.481, 0.419","0.545, 0.503","0.485, 0.496","0.540, 0.546","0.495, 0.546","0.560, 0.671","0.473, 0.658","0.537, 0.571","0.504, 0.565","0.578, 0.793","0.445, 0.776","0.498, 0.386",0.537,0.571,0.504,0.565,0.578,0.793,0.445,0.776,0.554,0.42,0.481,0.419,0.545,0.503,0.485,0.496,0.54,0.546,0.495,0.546,0.56,0.671,0.473,0.658,Preparation
0.9009009009009008,1.9146233188179675,1.7485638423047802,178.28969579244162,171.4529063394255,164.79276406241013,196.64770267809016,180.43764538220984,182.79210179624292,"0.552, 0.416","0.482, 0.418","0.541, 0.499","0.487, 0.493","0.539, 0.547","0.495, 0.548","0.560, 0.671","0.473, 0.659","0.533, 0.571","0.503, 0.564","0.578, 0.791","0.445, 0.774","0.498, 0.378",0.533,0.571,0.503,0.564,0.578,0.791,0.445,0.774,0.552,0.416,0.482,0.418,0.541,0.499,0.487,0.493,0.539,0.547,0.495,0.548,0.56,0.671,0.473,0.659,Preparation
0.9342676009342676,0.3227897807210028,1.061957759665881,184.06985196541424,172.86438447538217,165.04043230453436,195.95383623813865,179.65404835153757,183.8679029249682,"0.550, 0.415","0.482, 0.417","0.543, 0.501","0.488, 0.491","0.538, 0.547","0.495, 0.548","0.559, 0.671","0.474, 0.659","0.532, 0.571","0.503, 0.563","0.580, 0.790","0.446, 0.772","0.499, 0.376",0.532,0.571,0.503,0.563,0.58,0.79,0.446,0.772,0.55,0.415,0.482,0.417,0.543,0.501,0.488,0.491,0.538,0.547,0.495,0.548,0.559,0.671,0.474,0.659,Preparation
0.9676343009676344,0.2205094033663429,0.8323798134529572,185.48504414443852,170.62146882340213,166.7777413470824,195.91173076910772,176.87973111610808,185.8044199708911,"0.551, 0.409","0.482, 0.414","0.544, 0.490","0.492, 0.492","0.539, 0.547","0.497, 0.548","0.556, 0.666","0.477, 0.659","0.530, 0.566","0.513, 0.564","0.580, 0.786","0.446, 0.773","0.499, 0.369",0.53,0.566,0.513,0.564,0.58,0.786,0.446,0.773,0.551,0.409,0.482,0.414,0.544,0.49,0.492,0.492,0.539,0.547,0.497,0.548,0.556,0.666,0.477,0.659,Preparation
1.001001001001001,2.029051392196973,11.529494520971529,190.6459862863817,149.88324208837065,166.34080045713642,193.37904664710052,178.21559725111987,188.65168601479448,"0.547, 0.409","0.479, 0.419","0.544, 0.491","0.472, 0.492","0.537, 0.547","0.492, 0.549","0.556, 0.666","0.478, 0.661","0.529, 0.556","0.502, 0.558","0.580, 0.787","0.446, 0.773","0.499, 0.371",0.529,0.556,0.502,0.558,0.58,0.787,0.446,0.773,0.547,0.409,0.479,0.419,0.544,0.491,0.472,0.492,0.537,0.547,0.492,0.549,0.556,0.666,0.478,0.661,Preparation
1.0343677010343677,1.7690349668288683,7.120584956097545,188.82855501223096,155.53372863935996,167.6408916860452,192.26715114828173,174.47182686966332,190.6871531496032,"0.548, 0.412","0.475, 0.419","0.544, 0.491","0.474, 0.496","0.537, 0.548","0.490, 0.549","0.552, 0.666","0.479, 0.661","0.530, 0.558","0.506, 0.568","0.581, 0.787","0.446, 0.775","0.499, 0.382",0.53,0.558,0.506,0.568,0.581,0.787,0.446,0.775,0.548,0.412,0.475,0.419,0.544,0.491,0.474,0.496,0.537,0.548,0.49,0.549,0.552,0.666,0.479,0.661,Preparation
1.0677344010677343,1.0679972551643662,1.1125231449312831,184.4152791430488,163.5449638123077,171.15322624999158,190.515354860069,164.56033865186447,191.9393032083999,"0.545, 0.415","0.477, 0.418","0.537, 0.493","0.483, 0.492","0.533, 0.550","0.490, 0.549","0.541, 0.675","0.480, 0.663","0.525, 0.556","0.510, 0.562","0.581, 0.787","0.446, 0.778","0.499, 0.382",0.525,0.556,0.51,0.562,0.581,0.787,0.446,0.778,0.545,0.415,0.477,0.418,0.537,0.493,0.483,0.492,0.533,0.55,0.49,0.549,0.541,0.675,0.48,0.663,Preparation
1.1011011011011012,0.0151066019002523,2.0815013184911577,187.1276338648604,161.7338270661884,169.31774213761534,191.4191610857896,165.70626573930213,192.4949444153686,"0.547, 0.421","0.473, 0.421","0.539, 0.495","0.480, 0.495","0.534, 0.549","0.489, 0.549","0.545, 0.674","0.479, 0.667","0.525, 0.556","0.510, 0.566","0.584, 0.787","0.445, 0.778","0.498, 0.393",0.525,0.556,0.51,0.566,0.584,0.787,0.445,0.778,0.547,0.421,0.473,0.421,0.539,0.495,0.48,0.495,0.534,0.549,0.489,0.549,0.545,0.674,0.479,0.667,Preparation
1.1344678011344678,0.3078958229463396,1.1011012809256069,185.46530806952305,163.5773595950744,165.79445467268692,191.1801178057385,174.61749815350709,193.3050309759392,"0.547, 0.411","0.474, 0.418","0.540, 0.495","0.481, 0.493","0.535, 0.548","0.489, 0.550","0.555, 0.667","0.480, 0.673","0.530, 0.554","0.510, 0.564","0.585, 0.784","0.445, 0.779","0.498, 0.376",0.53,0.554,0.51,0.564,0.585,0.784,0.445,0.779,0.547,0.411,0.474,0.418,0.54,0.495,0.481,0.493,0.535,0.548,0.489,0.55,0.555,0.667,0.48,0.673,Preparation
1.1678345011678346,0.0637359857180733,0.6047152114639038,182.53108154849923,164.57694267195362,167.10547302821493,191.35738411514427,173.49032254840935,192.78639150497463,"0.547, 0.404","0.474, 0.415","0.541, 0.491","0.482, 0.493","0.536, 0.548","0.490, 0.550","0.555, 0.669","0.480, 0.672","0.533, 0.555","0.510, 0.562","0.586, 0.784","0.447, 0.779","0.497, 0.371",0.533,0.555,0.51,0.562,0.586,0.784,0.447,0.779,0.547,0.404,0.474,0.415,0.541,0.491,0.482,0.493,0.536,0.548,0.49,0.55,0.555,0.669,0.48,0.672,Preparation
1.2012012012012012,0.3005628429386058,0.3267645918583988,182.43802803965832,168.27106351165858,166.4705503499192,191.649322160623,172.45766272933264,190.70194140835363,"0.547, 0.404","0.474, 0.414","0.541, 0.489","0.483, 0.492","0.536, 0.545","0.490, 0.547","0.555, 0.664","0.480, 0.667","0.533, 0.556","0.506, 0.562","0.591, 0.784","0.450, 0.778","0.496, 0.372",0.533,0.556,0.506,0.562,0.591,0.784,0.45,0.778,0.547,0.404,0.474,0.414,0.541,0.489,0.483,0.492,0.536,0.545,0.49,0.547,0.555,0.664,0.48,0.667,Preparation
1.234567901234568,6.971156557151455,0.0189799891376792,195.3743767397215,164.80746274755128,169.4659804684024,189.1037660324029,167.4904266823205,189.25422347062025,"0.547, 0.405","0.480, 0.415","0.551, 0.491","0.486, 0.491","0.537, 0.548","0.491, 0.547","0.549, 0.665","0.481, 0.666","0.537, 0.555","0.511, 0.560","0.588, 0.778","0.454, 0.776","0.496, 0.374",0.537,0.555,0.511,0.56,0.588,0.778,0.454,0.776,0.547,0.405,0.48,0.415,0.551,0.491,0.486,0.491,0.537,0.548,0.491,0.547,0.549,0.665,0.481,0.666,Preparation
1.334668001334668,4.6329198548356025,3.845415670640096,198.1020539143593,171.76657895492977,165.49852663401566,198.3123475898253,178.22849829580844,180.6574296764821,"0.555, 0.400","0.492, 0.411","0.558, 0.483","0.495, 0.487","0.549, 0.546","0.507, 0.547","0.574, 0.667","0.483, 0.663","0.538, 0.552","0.506, 0.545","0.604, 0.789","0.458, 0.780","0.504, 0.366",0.538,0.552,0.506,0.545,0.604,0.789,0.458,0.78,0.555,0.4,0.492,0.411,0.558,0.483,0.495,0.487,0.549,0.546,0.507,0.547,0.574,0.667,0.483,0.663,Preparation
1.3680347013680347,4.487597610515871,4.125541449964088,199.95674776731943,168.63989011797912,165.5848791290699,199.5568256548234,176.33537332318792,181.92525200197235,"0.562, 0.401","0.490, 0.417","0.563, 0.486","0.495, 0.497","0.552, 0.547","0.509, 0.549","0.574, 0.670","0.485, 0.663","0.540, 0.551","0.514, 0.565","0.604, 0.790","0.457, 0.779","0.509, 0.371",0.54,0.551,0.514,0.565,0.604,0.79,0.457,0.779,0.562,0.401,0.49,0.417,0.563,0.486,0.495,0.497,0.552,0.547,0.509,0.549,0.574,0.67,0.485,0.663,Preparation
1.4014014014014016,8.083979735000273,0.836031245589015,203.8157512443019,172.04467595872757,166.43073310955617,200.43954092647184,174.45009064974494,182.72149709251843,"0.562, 0.403","0.490, 0.419","0.568, 0.486","0.501, 0.496","0.552, 0.547","0.511, 0.550","0.572, 0.672","0.487, 0.663","0.544, 0.551","0.520, 0.563","0.604, 0.790","0.457, 0.779","0.513, 0.375",0.544,0.551,0.52,0.563,0.604,0.79,0.457,0.779,0.562,0.403,0.49,0.419,0.568,0.486,0.501,0.496,0.552,0.547,0.511,0.55,0.572,0.672,0.487,0.663,Preparation
1.4347681014347682,5.993594618658084,0.669676970563182,223.34385960109284,169.13807561035142,164.6686857927935,198.80493182126517,173.92530895932225,185.086250515966,"0.567, 0.403","0.491, 0.419","0.567, 0.476","0.501, 0.496","0.552, 0.546","0.510, 0.547","0.571, 0.669","0.489, 0.663","0.530, 0.514","0.524, 0.563","0.604, 0.788","0.457, 0.779","0.518, 0.374",0.53,0.514,0.524,0.563,0.604,0.788,0.457,0.779,0.567,0.403,0.491,0.419,0.567,0.476,0.501,0.496,0.552,0.546,0.51,0.547,0.571,0.669,0.489,0.663,Preparation
1.4681348014681348,3.812045190876752,2.4343842009688643,196.5902176231929,165.38243475003682,170.94321470559368,200.29387213662548,166.7441748258379,184.4381090430788,"0.568, 0.405","0.495, 0.418","0.567, 0.487","0.503, 0.494","0.557, 0.551","0.514, 0.548","0.568, 0.674","0.489, 0.666","0.549, 0.548","0.528, 0.562","0.605, 0.788","0.455, 0.779","0.521, 0.376",0.549,0.548,0.528,0.562,0.605,0.788,0.455,0.779,0.568,0.405,0.495,0.418,0.567,0.487,0.503,0.494,0.557,0.551,0.514,0.548,0.568,0.674,0.489,0.666,Preparation
1.5015015015015016,0.7277029155371076,2.6254200368193694,184.2006801851642,167.58309852376223,164.57946582951237,199.87592423836583,171.73250149577268,186.18029945735697,"0.577, 0.405","0.495, 0.418","0.567, 0.487","0.503, 0.491","0.557, 0.548","0.515, 0.545","0.572, 0.669","0.492, 0.661","0.553, 0.552","0.526, 0.561","0.605, 0.787","0.455, 0.777","0.524, 0.375",0.553,0.552,0.526,0.561,0.605,0.787,0.455,0.777,0.577,0.405,0.495,0.418,0.567,0.487,0.503,0.491,0.557,0.548,0.515,0.545,0.572,0.669,0.492,0.661,Preparation
1.5348682015348682,0.0411464521501849,5.184887953446842,181.97330482541776,163.9196099919814,163.29790352794814,199.8174767655447,173.20105200560153,186.81577280593885,"0.579, 0.406","0.495, 0.419","0.566, 0.488","0.500, 0.490","0.557, 0.547","0.515, 0.544","0.573, 0.665","0.492, 0.661","0.554, 0.553","0.525, 0.559","0.605, 0.787","0.455, 0.777","0.526, 0.376",0.554,0.553,0.525,0.559,0.605,0.787,0.455,0.777,0.579,0.406,0.495,0.419,0.566,0.488,0.5,0.49,0.557,0.547,0.515,0.544,0.573,0.665,0.492,0.661,Preparation
1.5682349015682349,0.2233319786171117,5.721551748399237,181.05949637522195,163.89974982551124,162.24166793939443,200.0880388607614,174.06291169003828,187.7496557582754,"0.581, 0.406","0.495, 0.419","0.566, 0.489","0.499, 0.491","0.557, 0.544","0.515, 0.543","0.574, 0.660","0.493, 0.660","0.554, 0.553","0.524, 0.559","0.605, 0.787","0.454, 0.776","0.526, 0.376",0.554,0.553,0.524,0.559,0.605,0.787,0.454,0.776,0.581,0.406,0.495,0.419,0.566,0.489,0.499,0.491,0.557,0.544,0.515,0.543,0.574,0.66,0.493,0.66,Preparation
1.6016016016016017,1.2794376284569031,4.0152858934210025,182.92316044767355,166.83498013119703,163.04681986589267,200.8546335799861,174.05526290710367,188.13600580173016,"0.578, 0.408","0.495, 0.420","0.567, 0.489","0.502, 0.491","0.557, 0.545","0.516, 0.545","0.574, 0.661","0.494, 0.660","0.556, 0.553","0.525, 0.558","0.605, 0.787","0.453, 0.776","0.526, 0.379",0.556,0.553,0.525,0.558,0.605,0.787,0.453,0.776,0.578,0.408,0.495,0.42,0.567,0.489,0.502,0.491,0.557,0.545,0.516,0.545,0.574,0.661,0.494,0.66,Preparation
1.6349683016349683,0.2580856992048024,3.1011632724595874,181.54171124767117,170.20951907202462,164.20773316599843,201.09269667194016,172.0795830624785,188.71317826599216,"0.578, 0.410","0.494, 0.420","0.566, 0.492","0.502, 0.492","0.557, 0.551","0.516, 0.551","0.573, 0.669","0.493, 0.665","0.555, 0.558","0.522, 0.559","0.606, 0.788","0.451, 0.776","0.525, 0.379",0.555,0.558,0.522,0.559,0.606,0.788,0.451,0.776,0.578,0.41,0.494,0.42,0.566,0.492,0.502,0.492,0.557,0.551,0.516,0.551,0.573,0.669,0.493,0.665,Preparation
1.6683350016683351,1.5956691493945734,0.3681952566530433,183.30557132585588,175.2968912071608,162.0745069802307,196.5866539811698,174.07170919450465,188.87601844548743,"0.572, 0.410","0.494, 0.420","0.563, 0.488","0.502, 0.494","0.552, 0.550","0.509, 0.551","0.573, 0.671","0.489, 0.665","0.551, 0.557","0.515, 0.559","0.606, 0.788","0.450, 0.777","0.524, 0.378",0.551,0.557,0.515,0.559,0.606,0.788,0.45,0.777,0.572,0.41,0.494,0.42,0.563,0.488,0.502,0.494,0.552,0.55,0.509,0.551,0.573,0.671,0.489,0.665,Preparation
1.7017017017017018,5.51106143156758,0.2804174428079831,187.0586689799005,177.5358930024238,158.35577068724905,195.8027669488568,174.9858953654022,187.53099463553025,"0.567, 0.409","0.494, 0.420","0.562, 0.488","0.502, 0.494","0.544, 0.550","0.507, 0.551","0.572, 0.672","0.486, 0.665","0.549, 0.557","0.511, 0.559","0.608, 0.786","0.450, 0.778","0.517, 0.378",0.549,0.557,0.511,0.559,0.608,0.786,0.45,0.778,0.567,0.409,0.494,0.42,0.562,0.488,0.502,0.494,0.544,0.55,0.507,0.551,0.572,0.672,0.486,0.665,Preparation
1.7350684017350684,2.645472044389192,0.3876149973993094,194.49974210254072,177.8655869033947,160.65865113046172,198.064144605991,173.86973996253778,186.137369502185,"0.563, 0.409","0.490, 0.420","0.558, 0.477","0.499, 0.497","0.545, 0.551","0.506, 0.553","0.572, 0.673","0.484, 0.667","0.544, 0.515","0.509, 0.562","0.608, 0.783","0.449, 0.778","0.515, 0.377",0.544,0.515,0.509,0.562,0.608,0.783,0.449,0.778,0.563,0.409,0.49,0.42,0.558,0.477,0.499,0.497,0.545,0.551,0.506,0.553,0.572,0.673,0.484,0.667,Preparation
1.7684351017684352,3.632709188426393,0.7001157385548382,64.79292638547402,173.7506931208551,164.49945034565647,199.69183670691925,170.0394656526504,183.4188160839272,"0.559, 0.409","0.490, 0.420","0.558, 0.461","0.497, 0.489","0.546, 0.558","0.506, 0.555","0.568, 0.675","0.481, 0.667","0.531, 0.448","0.509, 0.542","0.609, 0.783","0.449, 0.779","0.514, 0.374",0.531,0.448,0.509,0.542,0.609,0.783,0.449,0.779,0.559,0.409,0.49,0.42,0.558,0.461,0.497,0.489,0.546,0.558,0.506,0.555,0.568,0.675,0.481,0.667,Preparation
1.8018018018018016,6.502848336824168,1.0232311180363407,178.13527043343157,169.94229866535846,174.2076616610017,200.40559127568685,151.01711796267725,183.8841223114122,"0.558, 0.409","0.490, 0.418","0.545, 0.476","0.497, 0.487","0.546, 0.561","0.508, 0.558","0.549, 0.678","0.482, 0.670","0.534, 0.548","0.514, 0.544","0.611, 0.783","0.449, 0.779","0.509, 0.374",0.534,0.548,0.514,0.544,0.611,0.783,0.449,0.779,0.558,0.409,0.49,0.418,0.545,0.476,0.497,0.487,0.546,0.561,0.508,0.558,0.549,0.678,0.482,0.67,Preparation
1.8351685018351689,6.095708323154549,2.318203989797308,178.8244101745326,176.343992634153,171.87411196885282,202.29208844639604,155.55787594495925,180.2612727290841,"0.557, 0.409","0.490, 0.418","0.543, 0.488","0.502, 0.487","0.547, 0.564","0.508, 0.560","0.555, 0.681","0.479, 0.671","0.532, 0.557","0.515, 0.545","0.612, 0.785","0.448, 0.783","0.505, 0.374",0.532,0.557,0.515,0.545,0.612,0.785,0.448,0.783,0.557,0.409,0.49,0.418,0.543,0.488,0.502,0.487,0.547,0.564,0.508,0.56,0.555,0.681,0.479,0.671,Preparation
1.8685352018685355,5.0668062409749615,1.7329469224612633,184.9743537724478,170.82298451774295,171.06998943873154,202.29460160583696,166.67468293696407,181.06384601420092,"0.558, 0.412","0.489, 0.420","0.548, 0.496","0.501, 0.494","0.553, 0.563","0.508, 0.561","0.566, 0.678","0.478, 0.675","0.534, 0.557","0.520, 0.550","0.605, 0.783","0.449, 0.783","0.507, 0.374",0.534,0.557,0.52,0.55,0.605,0.783,0.449,0.783,0.558,0.412,0.489,0.42,0.548,0.496,0.501,0.494,0.553,0.563,0.508,0.561,0.566,0.678,0.478,0.675,Preparation
1.901901901901902,4.243253201891743,1.617796700060671,186.57534618815671,171.25427332894307,169.40720784181684,202.6356778052235,173.10683037538146,181.5905617134098,"0.559, 0.412","0.487, 0.421","0.549, 0.495","0.501, 0.500","0.553, 0.563","0.508, 0.560","0.569, 0.672","0.479, 0.675","0.535, 0.558","0.522, 0.560","0.598, 0.781","0.449, 0.783","0.508, 0.375",0.535,0.558,0.522,0.56,0.598,0.781,0.449,0.783,0.559,0.412,0.487,0.421,0.549,0.495,0.501,0.5,0.553,0.563,0.508,0.56,0.569,0.672,0.479,0.675,Preparation
1.9352686019352687,5.745870908586413,3.008026406820141,179.17941550693396,172.17793275485448,165.1569661326829,201.66344365268893,172.0253134150038,182.6702957378835,"0.569, 0.411","0.485, 0.421","0.551, 0.494","0.502, 0.501","0.553, 0.555","0.506, 0.559","0.570, 0.673","0.479, 0.674","0.539, 0.556","0.523, 0.563","0.603, 0.785","0.449, 0.781","0.509, 0.378",0.539,0.556,0.523,0.563,0.603,0.785,0.449,0.781,0.569,0.411,0.485,0.421,0.551,0.494,0.502,0.501,0.553,0.555,0.506,0.559,0.57,0.673,0.479,0.674,Preparation
1.9686353019686356,2.630199219710453,3.351419602198585,182.57099237191852,173.32557576255286,163.37123538986742,201.6202317831099,173.21107513481326,182.2811950185075,"0.573, 0.411","0.486, 0.421","0.559, 0.494","0.502, 0.498","0.555, 0.554","0.506, 0.556","0.574, 0.673","0.480, 0.670","0.545, 0.556","0.524, 0.563","0.606, 0.784","0.450, 0.780","0.510, 0.378",0.545,0.556,0.524,0.563,0.606,0.784,0.45,0.78,0.573,0.411,0.486,0.421,0.559,0.494,0.502,0.498,0.555,0.554,0.506,0.556,0.574,0.673,0.48,0.67,Preparation
2.002002002002002,2.819956483649236,0.1189503758028412,181.53829165584364,154.91503119850503,162.6178965288749,201.478708266716,174.48289136711767,182.0856651009232,"0.575, 0.411","0.486, 0.420","0.559, 0.493","0.497, 0.493","0.555, 0.554","0.506, 0.553","0.575, 0.675","0.481, 0.666","0.546, 0.555","0.526, 0.536","0.605, 0.788","0.451, 0.778","0.511, 0.378",0.546,0.555,0.526,0.536,0.605,0.788,0.451,0.778,0.575,0.411,0.486,0.42,0.559,0.493,0.497,0.493,0.555,0.554,0.506,0.553,0.575,0.675,0.481,0.666,Preparation
2.035368702035369,1.9512772011136523,2.950978181176195,179.48208466874254,162.59130749882257,160.7443641159028,201.78039471875104,174.96742328223638,182.0418993832324,"0.577, 0.411","0.485, 0.420","0.561, 0.495","0.501, 0.491","0.555, 0.549","0.506, 0.550","0.576, 0.671","0.481, 0.662","0.548, 0.561","0.527, 0.538","0.607, 0.789","0.451, 0.777","0.512, 0.378",0.548,0.561,0.527,0.538,0.607,0.789,0.451,0.777,0.577,0.411,0.485,0.42,0.561,0.495,0.501,0.491,0.555,0.549,0.506,0.55,0.576,0.671,0.481,0.662,Preparation
2.0687354020687354,1.8465902840985835,4.592325828568923,178.04923090990664,168.67149877022916,159.60835639386235,201.42890677369752,176.28992581411123,182.2344126280389,"0.578, 0.411","0.486, 0.418","0.561, 0.494","0.502, 0.487","0.555, 0.546","0.506, 0.548","0.578, 0.669","0.481, 0.662","0.549, 0.562","0.527, 0.541","0.608, 0.789","0.451, 0.777","0.516, 0.377",0.549,0.562,0.527,0.541,0.608,0.789,0.451,0.777,0.578,0.411,0.486,0.418,0.561,0.494,0.502,0.487,0.555,0.546,0.506,0.548,0.578,0.669,0.481,0.662,Preparation
2.1021021021021022,1.2753339958065095,4.002385428916611,177.83445415316757,167.92213487966703,160.01147055061602,201.15901049293876,175.35870713056272,182.0707215940661,"0.577, 0.411","0.486, 0.418","0.561, 0.494","0.502, 0.487","0.554, 0.547","0.506, 0.549","0.577, 0.673","0.480, 0.667","0.551, 0.562","0.527, 0.542","0.609, 0.790","0.451, 0.778","0.517, 0.376",0.551,0.562,0.527,0.542,0.609,0.79,0.451,0.778,0.577,0.411,0.486,0.418,0.561,0.494,0.502,0.487,0.554,0.547,0.506,0.549,0.577,0.673,0.48,0.667,Preparation
2.135468802135469,1.428389065427258,3.5888036574594357,177.1463255406766,168.70489075391538,160.2503311435621,201.1134414599788,174.844932163177,181.95390656695176,"0.578, 0.411","0.487, 0.416","0.562, 0.494","0.501, 0.484","0.555, 0.547","0.507, 0.548","0.577, 0.673","0.480, 0.667","0.551, 0.565","0.527, 0.543","0.610, 0.791","0.451, 0.778","0.518, 0.372",0.551,0.565,0.527,0.543,0.61,0.791,0.451,0.778,0.578,0.411,0.487,0.416,0.562,0.494,0.501,0.484,0.555,0.547,0.507,0.548,0.577,0.673,0.48,0.667,Preparation
2.1688355021688355,1.5846363472922478,7.207212720871373,177.3166561850398,143.77031876955814,161.58390749384003,200.83235134604212,171.53383987946754,181.88838521020537,"0.577, 0.411","0.488, 0.414","0.562, 0.492","0.489, 0.483","0.554, 0.549","0.507, 0.550","0.574, 0.675","0.480, 0.667","0.551, 0.564","0.524, 0.529","0.610, 0.791","0.451, 0.778","0.518, 0.370",0.551,0.564,0.524,0.529,0.61,0.791,0.451,0.778,0.577,0.411,0.488,0.414,0.562,0.492,0.489,0.483,0.554,0.549,0.507,0.55,0.574,0.675,0.48,0.667,Preparation
2.2022022022022023,0.2697920511699855,3.905421221671504,183.7618425844117,152.91885888029157,162.75561154230124,200.2313873280261,169.9164922699783,182.53817054282544,"0.576, 0.411","0.488, 0.414","0.563, 0.491","0.493, 0.490","0.554, 0.554","0.507, 0.554","0.572, 0.676","0.480, 0.671","0.547, 0.562","0.525, 0.544","0.611, 0.792","0.451, 0.778","0.518, 0.370",0.547,0.562,0.525,0.544,0.611,0.792,0.451,0.778,0.576,0.411,0.488,0.414,0.563,0.491,0.493,0.49,0.554,0.554,0.507,0.554,0.572,0.676,0.48,0.671,Preparation
2.235568902235569,2.954366083451349,2.257794966752284,195.5617013947262,154.4630269879923,164.88459695929131,198.4936856557304,169.08812353034924,184.0915404485698,"0.570, 0.411","0.488, 0.417","0.564, 0.488","0.494, 0.493","0.551, 0.559","0.504, 0.560","0.568, 0.681","0.480, 0.676","0.542, 0.550","0.525, 0.547","0.608, 0.796","0.451, 0.778","0.521, 0.370",0.542,0.55,0.525,0.547,0.608,0.796,0.451,0.778,0.57,0.411,0.488,0.417,0.564,0.488,0.494,0.493,0.551,0.559,0.504,0.56,0.568,0.681,0.48,0.676,Preparation
2.2689356022689355,1.7985945500878124,1.511341251217007,184.20438551172333,166.01390726991784,165.36116393428887,199.3640899371281,168.005962835705,182.81320672599023,"0.567, 0.411","0.488, 0.420","0.556, 0.489","0.499, 0.493","0.551, 0.557","0.504, 0.555","0.569, 0.679","0.479, 0.667","0.542, 0.553","0.525, 0.558","0.608, 0.785","0.451, 0.771","0.518, 0.381",0.542,0.553,0.525,0.558,0.608,0.785,0.451,0.771,0.567,0.411,0.488,0.42,0.556,0.489,0.499,0.493,0.551,0.557,0.504,0.555,0.569,0.679,0.479,0.667,Preparation
2.3023023023023024,2.5878194263798364,2.5202557917586685,182.1005745687449,166.80922245787045,163.44739920235344,200.98481774305628,171.9597777780984,181.55947784536065,"0.566, 0.411","0.486, 0.422","0.554, 0.491","0.499, 0.495","0.551, 0.552","0.504, 0.552","0.573, 0.673","0.478, 0.663","0.542, 0.555","0.528, 0.560","0.608, 0.776","0.450, 0.771","0.518, 0.384",0.542,0.555,0.528,0.56,0.608,0.776,0.45,0.771,0.566,0.411,0.486,0.422,0.554,0.491,0.499,0.495,0.551,0.552,0.504,0.552,0.573,0.673,0.478,0.663,Preparation
2.335669002335669,0.5924537302581855,1.8623024888392488,189.8141241838491,160.45294356457293,165.24051078864736,200.53320656842115,172.5335220305327,181.96513899064016,"0.561, 0.412","0.486, 0.422","0.556, 0.496","0.493, 0.495","0.551, 0.552","0.503, 0.553","0.573, 0.669","0.478, 0.664","0.542, 0.556","0.524, 0.560","0.608, 0.774","0.449, 0.773","0.517, 0.383",0.542,0.556,0.524,0.56,0.608,0.774,0.449,0.773,0.561,0.412,0.486,0.422,0.556,0.496,0.493,0.495,0.551,0.552,0.503,0.553,0.573,0.669,0.478,0.664,Preparation
2.369035702369036,0.5873002243034533,1.334661077318726,189.53539179835872,158.96542810780872,164.5286665069035,200.6266492021208,173.8212887158714,182.16748128246917,"0.560, 0.416","0.486, 0.424","0.555, 0.501","0.494, 0.494","0.551, 0.553","0.503, 0.553","0.574, 0.666","0.478, 0.664","0.542, 0.560","0.527, 0.558","0.609, 0.775","0.448, 0.777","0.514, 0.384",0.542,0.56,0.527,0.558,0.609,0.775,0.448,0.777,0.56,0.416,0.486,0.424,0.555,0.501,0.494,0.494,0.551,0.553,0.503,0.553,0.574,0.666,0.478,0.664,Preparation
2.4024024024024024,0.761777231529414,4.373513112682847,188.89701996156845,144.5232230145336,163.51889615811845,201.3257630652046,176.6254386638189,178.48592012036974,"0.560, 0.416","0.486, 0.424","0.556, 0.502","0.489, 0.489","0.551, 0.557","0.501, 0.556","0.576, 0.668","0.472, 0.669","0.543, 0.564","0.521, 0.530","0.609, 0.778","0.446, 0.781","0.512, 0.383",0.543,0.564,0.521,0.53,0.609,0.778,0.446,0.781,0.56,0.416,0.486,0.424,0.556,0.502,0.489,0.489,0.551,0.557,0.501,0.556,0.576,0.668,0.472,0.669,Preparation
2.4357691024357693,3.4355967849992077,7.652543975125368,188.95402926385864,145.73535692218152,160.50680849685617,199.6099710717041,174.7299449308829,179.15092212523032,"0.560, 0.415","0.486, 0.423","0.556, 0.501","0.484, 0.489","0.545, 0.554","0.499, 0.556","0.572, 0.667","0.472, 0.669","0.543, 0.563","0.515, 0.538","0.609, 0.777","0.446, 0.781","0.512, 0.382",0.543,0.563,0.515,0.538,0.609,0.777,0.446,0.781,0.56,0.415,0.486,0.423,0.556,0.501,0.484,0.489,0.545,0.554,0.499,0.556,0.572,0.667,0.472,0.669,Preparation
2.469135802469136,2.240463602647404,5.920016375946983,188.01805307811537,149.81207227577514,162.987922438645,199.583760564428,174.0130517316919,179.11012055699948,"0.559, 0.413","0.486, 0.420","0.554, 0.497","0.486, 0.488","0.545, 0.554","0.500, 0.554","0.569, 0.668","0.472, 0.666","0.542, 0.559","0.516, 0.541","0.605, 0.782","0.446, 0.778","0.510, 0.373",0.542,0.559,0.516,0.541,0.605,0.782,0.446,0.778,0.559,0.413,0.486,0.42,0.554,0.497,0.486,0.488,0.545,0.554,0.5,0.554,0.569,0.668,0.472,0.666,Preparation
2.5025025025025025,3.698288507038058,5.053691371165101,187.56494482516368,153.06526883956346,162.45698445770117,195.28932799958756,174.06011193618687,187.46961995815607,"0.563, 0.413","0.486, 0.415","0.558, 0.498","0.487, 0.489","0.546, 0.551","0.500, 0.550","0.567, 0.668","0.480, 0.664","0.545, 0.563","0.520, 0.552","0.602, 0.786","0.446, 0.775","0.507, 0.370",0.545,0.563,0.52,0.552,0.602,0.786,0.446,0.775,0.563,0.413,0.486,0.415,0.558,0.498,0.487,0.489,0.546,0.551,0.5,0.55,0.567,0.668,0.48,0.664,Preparation
2.5358692025358693,2.7829037502993077,8.076853162631615,186.9889995832864,145.65202631911205,165.00418183074424,191.1529933192535,173.39311650451754,193.7509527288781,"0.560, 0.407","0.492, 0.410","0.556, 0.496","0.488, 0.477","0.547, 0.549","0.502, 0.546","0.567, 0.668","0.488, 0.660","0.545, 0.562","0.520, 0.532","0.602, 0.784","0.446, 0.771","0.504, 0.368",0.545,0.562,0.52,0.532,0.602,0.784,0.446,0.771,0.56,0.407,0.492,0.41,0.556,0.496,0.488,0.477,0.547,0.549,0.502,0.546,0.567,0.668,0.488,0.66,Preparation
2.569235902569236,2.056002772211596,11.53640390289166,185.37603405542671,135.23714013187023,164.7719896590694,191.89103301980455,173.4529040599554,194.7656806584182,"0.561, 0.412","0.492, 0.411","0.555, 0.496","0.485, 0.471","0.547, 0.548","0.504, 0.545","0.568, 0.667","0.491, 0.656","0.545, 0.562","0.520, 0.515","0.601, 0.781","0.446, 0.769","0.505, 0.368",0.545,0.562,0.52,0.515,0.601,0.781,0.446,0.769,0.561,0.412,0.492,0.411,0.555,0.496,0.485,0.471,0.547,0.548,0.504,0.545,0.568,0.667,0.491,0.656,Preparation
2.6026026026026026,4.042494151963791,1.9096315784837636,188.25339857339333,158.04610592744402,168.35008431058264,192.5872213912148,167.87014685994856,193.73049324066105,"0.561, 0.414","0.492, 0.411","0.559, 0.499","0.496, 0.485","0.547, 0.548","0.504, 0.545","0.559, 0.667","0.489, 0.657","0.547, 0.563","0.530, 0.557","0.596, 0.783","0.446, 0.769","0.505, 0.373",0.547,0.563,0.53,0.557,0.596,0.783,0.446,0.769,0.561,0.414,0.492,0.411,0.559,0.499,0.496,0.485,0.547,0.548,0.504,0.545,0.559,0.667,0.489,0.657,Preparation
2.6359693026359694,4.799180853748885,0.7801046833521922,185.1853022966783,161.3082803408489,167.66765242655887,196.21931333589228,168.79634312615698,187.99449256734383,"0.562, 0.417","0.492, 0.414","0.560, 0.502","0.500, 0.496","0.547, 0.549","0.504, 0.546","0.559, 0.663","0.483, 0.658","0.552, 0.566","0.532, 0.563","0.597, 0.785","0.445, 0.769","0.504, 0.373",0.552,0.566,0.532,0.563,0.597,0.785,0.445,0.769,0.562,0.417,0.492,0.414,0.56,0.502,0.5,0.496,0.547,0.549,0.504,0.546,0.559,0.663,0.483,0.658,Preparation
2.669336002669336,5.092377960262483,1.1888422345440035,184.9133744265308,163.01946330058774,164.45923642610768,198.68933595802037,173.5036861517803,184.0520386613492,"0.564, 0.420","0.491, 0.416","0.561, 0.504","0.500, 0.495","0.547, 0.550","0.504, 0.547","0.564, 0.664","0.477, 0.659","0.553, 0.568","0.531, 0.563","0.597, 0.786","0.443, 0.770","0.504, 0.373",0.553,0.568,0.531,0.563,0.597,0.786,0.443,0.77,0.564,0.42,0.491,0.416,0.561,0.504,0.5,0.495,0.547,0.55,0.504,0.547,0.564,0.664,0.477,0.659,Preparation
2.702702702702702,5.065145366639069,1.975612834200278,183.85242599215027,164.39894715886024,163.20223852324082,196.71001494401605,172.63353544502414,186.9410205788721,"0.566, 0.422","0.491, 0.418","0.561, 0.504","0.501, 0.494","0.548, 0.548","0.503, 0.546","0.565, 0.664","0.480, 0.657","0.553, 0.568","0.530, 0.564","0.599, 0.786","0.442, 0.771","0.501, 0.376",0.553,0.568,0.53,0.564,0.599,0.786,0.442,0.771,0.566,0.422,0.491,0.418,0.561,0.504,0.501,0.494,0.548,0.548,0.503,0.546,0.565,0.664,0.48,0.657,Preparation
2.736069402736069,4.109564806693033,3.5301304037887205,183.01939517769875,167.245561843093,165.0064117726709,199.9275630115909,171.146844341107,183.66716147172752,"0.567, 0.431","0.486, 0.425","0.562, 0.505","0.500, 0.497","0.552, 0.538","0.501, 0.540","0.567, 0.662","0.475, 0.656","0.554, 0.567","0.529, 0.564","0.602, 0.787","0.441, 0.771","0.502, 0.404",0.554,0.567,0.529,0.564,0.602,0.787,0.441,0.771,0.567,0.431,0.486,0.425,0.562,0.505,0.5,0.497,0.552,0.538,0.501,0.54,0.567,0.662,0.475,0.656,Preparation
2.7694361027694363,7.247363204046221,7.443709836802517,190.3938906441382,172.8822606554141,163.68844064031902,196.26169518743643,173.2327536225399,185.13478963145408,"0.561, 0.430","0.487, 0.425","0.561, 0.505","0.503, 0.497","0.547, 0.539","0.497, 0.541","0.566, 0.663","0.475, 0.656","0.549, 0.567","0.526, 0.562","0.601, 0.787","0.441, 0.771","0.496, 0.396",0.549,0.567,0.526,0.562,0.601,0.787,0.441,0.771,0.561,0.43,0.487,0.425,0.561,0.505,0.503,0.497,0.547,0.539,0.497,0.541,0.566,0.663,0.475,0.656,Preparation
2.802802802802803,8.016411223472506,8.695363084911424,195.03010105849955,176.26357020206927,163.76260405789293,194.5670268596137,173.59833872488863,184.2443476322368,"0.559, 0.427","0.487, 0.423","0.560, 0.504","0.502, 0.496","0.544, 0.541","0.494, 0.545","0.565, 0.667","0.472, 0.658","0.544, 0.567","0.521, 0.561","0.598, 0.787","0.441, 0.772","0.495, 0.395",0.544,0.567,0.521,0.561,0.598,0.787,0.441,0.772,0.559,0.427,0.487,0.423,0.56,0.504,0.502,0.496,0.544,0.541,0.494,0.545,0.565,0.667,0.472,0.658,Preparation
2.836169502836169,6.457771127071603,8.573448669482584,194.6503860046267,176.7103192421867,164.89869383187482,194.98721333891072,173.43246137320082,184.25072937552292,"0.558, 0.421","0.487, 0.419","0.558, 0.504","0.503, 0.495","0.545, 0.541","0.495, 0.544","0.565, 0.668","0.471, 0.660","0.542, 0.568","0.521, 0.560","0.598, 0.787","0.439, 0.773","0.492, 0.390",0.542,0.568,0.521,0.56,0.598,0.787,0.439,0.773,0.558,0.421,0.487,0.419,0.558,0.504,0.503,0.495,0.545,0.541,0.495,0.544,0.565,0.668,0.471,0.66,Preparation
2.8695362028695364,6.131802004972544,7.923697126385616,194.1051844015624,176.08385812690153,165.22763179421912,195.32689400398368,173.8039818659073,184.28761063561652,"0.558, 0.417","0.487, 0.418","0.558, 0.504","0.503, 0.495","0.545, 0.541","0.495, 0.544","0.565, 0.669","0.471, 0.661","0.543, 0.567","0.521, 0.562","0.597, 0.788","0.438, 0.774","0.493, 0.384",0.543,0.567,0.521,0.562,0.597,0.788,0.438,0.774,0.558,0.417,0.487,0.418,0.558,0.504,0.503,0.495,0.545,0.541,0.495,0.544,0.565,0.669,0.471,0.661,Preparation
2.902902902902903,4.853984476740243,6.186395722173863,192.77561957766716,169.16323986124172,168.80330822949608,193.61308609616444,161.48213978480615,185.9055167275132,"0.558, 0.416","0.490, 0.415","0.556, 0.498","0.502, 0.493","0.542, 0.555","0.495, 0.552","0.553, 0.685","0.471, 0.671","0.539, 0.563","0.526, 0.562","0.598, 0.789","0.437, 0.781","0.508, 0.382",0.539,0.563,0.526,0.562,0.598,0.789,0.437,0.781,0.558,0.416,0.49,0.415,0.556,0.498,0.502,0.493,0.542,0.555,0.495,0.552,0.553,0.685,0.471,0.671,Preparation
2.9362696029362696,4.283443824547505,4.965779393107281,190.5901143626641,167.01253912230268,167.15241449250783,193.5555413354715,162.31203261331387,186.1752171847474,"0.561, 0.415","0.490, 0.414","0.556, 0.496","0.500, 0.492","0.542, 0.555","0.495, 0.552","0.554, 0.683","0.471, 0.671","0.540, 0.561","0.526, 0.563","0.598, 0.789","0.437, 0.780","0.510, 0.382",0.54,0.561,0.526,0.563,0.598,0.789,0.437,0.78,0.561,0.415,0.49,0.414,0.556,0.496,0.5,0.492,0.542,0.555,0.495,0.552,0.554,0.683,0.471,0.671,Preparation
2.9696363029696364,4.126345562967845,0.4237352630765877,190.55928979972904,158.0914305327161,165.81670495383605,192.1317302258558,165.91237679292806,187.6155960557969,"0.562, 0.406","0.488, 0.405","0.556, 0.492","0.492, 0.488","0.542, 0.547","0.494, 0.541","0.555, 0.670","0.474, 0.660","0.539, 0.558","0.526, 0.561","0.598, 0.787","0.437, 0.780","0.507, 0.366",0.539,0.558,0.526,0.561,0.598,0.787,0.437,0.78,0.562,0.406,0.488,0.405,0.556,0.492,0.492,0.488,0.542,0.547,0.494,0.541,0.555,0.67,0.474,0.66,Preparation
3.0030030030030037,3.069860558885701,0.638371755884221,186.13071470692637,160.9016870717838,164.4657521029255,192.28927801878396,167.68073486766818,188.01685028487583,"0.554, 0.403","0.483, 0.407","0.548, 0.489","0.489, 0.489","0.536, 0.546","0.491, 0.543","0.555, 0.671","0.473, 0.661","0.535, 0.557","0.519, 0.559","0.598, 0.787","0.437, 0.779","0.514, 0.356",0.535,0.557,0.519,0.559,0.598,0.787,0.437,0.779,0.554,0.403,0.483,0.407,0.548,0.489,0.489,0.489,0.536,0.546,0.491,0.543,0.555,0.671,0.473,0.661,Preparation
3.0363697030363697,2.6379063569437955,1.0175690614999746,188.57124628681967,161.7916913554947,164.47816611499218,191.6027167467415,169.2998564597495,189.59432674718173,"0.554, 0.404","0.483, 0.407","0.548, 0.490","0.490, 0.490","0.537, 0.547","0.491, 0.543","0.555, 0.665","0.475, 0.661","0.532, 0.557","0.519, 0.560","0.598, 0.784","0.437, 0.779","0.510, 0.357",0.532,0.557,0.519,0.56,0.598,0.784,0.437,0.779,0.554,0.404,0.483,0.407,0.548,0.49,0.49,0.49,0.537,0.547,0.491,0.543,0.555,0.665,0.475,0.661,Preparation
3.0697364030697365,3.2781324568012806,0.9627534659742236,191.04814031107125,159.15854434596514,164.76928407648023,188.8672768392009,166.28476124188668,190.74253452027975,"0.555, 0.398","0.483, 0.402","0.548, 0.488","0.487, 0.488","0.535, 0.547","0.488, 0.543","0.551, 0.666","0.474, 0.660","0.529, 0.558","0.519, 0.560","0.596, 0.781","0.437, 0.779","0.502, 0.356",0.529,0.558,0.519,0.56,0.596,0.781,0.437,0.779,0.555,0.398,0.483,0.402,0.548,0.488,0.487,0.488,0.535,0.547,0.488,0.543,0.551,0.666,0.474,0.66,Preparation
3.1031031031031038,4.031162242776655,1.9169421353776157,191.63518999474653,156.34661444414937,166.23851251149677,190.34750606881775,163.61561412510534,190.8898345626303,"0.555, 0.400","0.480, 0.401","0.549, 0.488","0.482, 0.484","0.534, 0.547","0.489, 0.543","0.546, 0.668","0.474, 0.661","0.529, 0.558","0.517, 0.558","0.595, 0.788","0.437, 0.777","0.502, 0.356",0.529,0.558,0.517,0.558,0.595,0.788,0.437,0.777,0.555,0.4,0.48,0.401,0.549,0.488,0.482,0.484,0.534,0.547,0.489,0.543,0.546,0.668,0.474,0.661,Preparation
3.1364698031364697,4.97700183510792,1.7283952377814322,192.1586953770465,157.26053090272097,165.7635540766696,193.1489628930929,162.22871491897624,187.2193937219031,"0.555, 0.402","0.479, 0.401","0.549, 0.490","0.482, 0.484","0.533, 0.546","0.489, 0.544","0.545, 0.666","0.470, 0.661","0.530, 0.558","0.516, 0.556","0.598, 0.788","0.437, 0.776","0.501, 0.358",0.53,0.558,0.516,0.556,0.598,0.788,0.437,0.776,0.555,0.402,0.479,0.401,0.549,0.49,0.482,0.484,0.533,0.546,0.489,0.544,0.545,0.666,0.47,0.661,Preparation
3.169836503169837,5.15405394841028,1.917124329261488,192.06198089651795,157.45955880966562,164.5856137631107,194.85038683333565,162.9589847337856,184.1027962215033,"0.555, 0.402","0.479, 0.401","0.549, 0.493","0.482, 0.482","0.533, 0.545","0.489, 0.544","0.547, 0.664","0.467, 0.661","0.531, 0.558","0.515, 0.555","0.601, 0.788","0.437, 0.775","0.502, 0.358",0.531,0.558,0.515,0.555,0.601,0.788,0.437,0.775,0.555,0.402,0.479,0.401,0.549,0.493,0.482,0.482,0.533,0.545,0.489,0.544,0.547,0.664,0.467,0.661,Preparation
3.2032032032032034,5.1997140846032845,1.538885074232924,192.6604169413775,159.7877991897524,166.7963666396516,195.9848112735744,161.8481740058696,182.10674064408244,"0.549, 0.406","0.479, 0.407","0.547, 0.493","0.483, 0.484","0.533, 0.546","0.489, 0.545","0.547, 0.667","0.464, 0.664","0.531, 0.558","0.512, 0.555","0.603, 0.787","0.437, 0.775","0.505, 0.357",0.531,0.558,0.512,0.555,0.603,0.787,0.437,0.775,0.549,0.406,0.479,0.407,0.547,0.493,0.483,0.484,0.533,0.546,0.489,0.545,0.547,0.667,0.464,0.664,Preparation
3.2365699032365702,4.750786868489285,1.3959047526492223,190.9524103914365,159.57010062537023,165.67181509357297,195.7863461168913,165.43240348757337,183.0009232159564,"0.545, 0.406","0.479, 0.408","0.544, 0.493","0.483, 0.486","0.532, 0.546","0.489, 0.549","0.552, 0.670","0.465, 0.667","0.531, 0.558","0.513, 0.556","0.603, 0.786","0.437, 0.775","0.508, 0.355",0.531,0.558,0.513,0.556,0.603,0.786,0.437,0.775,0.545,0.406,0.479,0.408,0.544,0.493,0.483,0.486,0.532,0.546,0.489,0.549,0.552,0.67,0.465,0.667,Preparation
3.2699366032699366,4.539674884756619,1.3553336360734805,189.98154241731848,158.98739079272383,165.88351165787012,195.779520996192,165.58510810144165,182.9913868381316,"0.544, 0.409","0.481, 0.410","0.544, 0.495","0.484, 0.487","0.532, 0.554","0.490, 0.550","0.552, 0.670","0.465, 0.667","0.533, 0.558","0.514, 0.556","0.603, 0.784","0.437, 0.775","0.499, 0.362",0.533,0.558,0.514,0.556,0.603,0.784,0.437,0.775,0.544,0.409,0.481,0.41,0.544,0.495,0.484,0.487,0.532,0.554,0.49,0.55,0.552,0.67,0.465,0.667,Preparation
3.3033033033033035,1.430606346474721,2.043014650658167,190.43181455035412,162.3968058029947,166.4761674661015,204.73198221605415,167.52016316130906,178.363578004397,"0.558, 0.409","0.482, 0.412","0.552, 0.495","0.490, 0.490","0.544, 0.553","0.501, 0.550","0.560, 0.669","0.466, 0.667","0.537, 0.553","0.520, 0.558","0.604, 0.784","0.437, 0.776","0.500, 0.368",0.537,0.553,0.52,0.558,0.604,0.784,0.437,0.776,0.558,0.409,0.482,0.412,0.552,0.495,0.49,0.49,0.544,0.553,0.501,0.55,0.56,0.669,0.466,0.667,Preparation
3.3366700033366703,1.4651574106064496,5.701900664609783,188.87459991124803,156.3116074530209,164.40636193967254,201.69262242998312,171.75437510531677,181.10566235961028,"0.566, 0.407","0.490, 0.408","0.559, 0.494","0.490, 0.484","0.550, 0.550","0.504, 0.546","0.569, 0.663","0.473, 0.657","0.544, 0.553","0.523, 0.558","0.605, 0.778","0.437, 0.775","0.504, 0.368",0.544,0.553,0.523,0.558,0.605,0.778,0.437,0.775,0.566,0.407,0.49,0.408,0.559,0.494,0.49,0.484,0.55,0.55,0.504,0.546,0.569,0.663,0.473,0.657,Preparation
3.3700367033700367,6.276520201973005,6.323519069060348,197.7286077683356,153.25846644351032,170.40206494600056,203.22189663047868,168.97225499979646,180.01928261253704,"0.566, 0.408","0.493, 0.406","0.570, 0.496","0.492, 0.484","0.556, 0.550","0.508, 0.546","0.568, 0.666","0.473, 0.658","0.554, 0.554","0.526, 0.552","0.606, 0.789","0.437, 0.776","0.504, 0.365",0.554,0.554,0.526,0.552,0.606,0.789,0.437,0.776,0.566,0.408,0.493,0.406,0.57,0.496,0.492,0.484,0.556,0.55,0.508,0.546,0.568,0.666,0.473,0.658,Preparation
3.4034034034034035,5.038225653260776,2.3266454338687628,183.7359916262765,163.34449408501666,200.1589540071524,179.26688646494372,175.76191971780312,169.58653014278818,"0.555, 0.405","0.505, 0.401","0.555, 0.492","0.511, 0.480","0.543, 0.550","0.511, 0.546","0.489, 0.665","0.517, 0.658","0.551, 0.557","0.539, 0.552","0.444, 0.786","0.545, 0.775","0.514, 0.369",0.551,0.557,0.539,0.552,0.444,0.786,0.545,0.775,0.555,0.405,0.505,0.401,0.555,0.492,0.511,0.48,0.543,0.55,0.511,0.546,0.489,0.665,0.517,0.658,Preparation
3.4367701034367704,2.456940878672147,0.5656111020574622,181.709840665984,159.1909086270639,179.05799706525016,184.77061140099516,150.66942845899575,200.1609048713103,"0.567, 0.407","0.501, 0.408","0.560, 0.493","0.507, 0.487","0.548, 0.555","0.510, 0.549","0.535, 0.673","0.508, 0.663","0.553, 0.554","0.539, 0.556","0.582, 0.785","0.463, 0.777","0.516, 0.373",0.553,0.554,0.539,0.556,0.582,0.785,0.463,0.777,0.567,0.407,0.501,0.408,0.56,0.493,0.507,0.487,0.548,0.555,0.51,0.549,0.535,0.673,0.508,0.663,Preparation
3.4701368034701368,1.3953893088390867,1.1069200646265471,183.2390600409436,160.02046733876765,173.22245436459409,194.970014339614,153.85115357594103,194.40608879647937,"0.568, 0.407","0.499, 0.407","0.559, 0.495","0.505, 0.486","0.550, 0.556","0.513, 0.552","0.550, 0.672","0.494, 0.666","0.550, 0.554","0.537, 0.556","0.606, 0.785","0.443, 0.780","0.515, 0.372",0.55,0.554,0.537,0.556,0.606,0.785,0.443,0.78,0.568,0.407,0.499,0.407,0.559,0.495,0.505,0.486,0.55,0.556,0.513,0.552,0.55,0.672,0.494,0.666,Preparation
3.503503503503504,2.770861105518439,1.9850306207833808,186.69742680634616,159.88047880478794,166.2545776406809,197.60422635860223,169.30421656681668,191.49479820526747,"0.573, 0.412","0.498, 0.413","0.566, 0.495","0.504, 0.495","0.555, 0.553","0.513, 0.549","0.568, 0.669","0.490, 0.665","0.554, 0.556","0.536, 0.565","0.605, 0.785","0.441, 0.780","0.514, 0.371",0.554,0.556,0.536,0.565,0.605,0.785,0.441,0.78,0.573,0.412,0.498,0.413,0.566,0.495,0.504,0.495,0.555,0.553,0.513,0.549,0.568,0.669,0.49,0.665,Preparation
3.5368702035368704,7.215107250615978,6.399589687470317,178.27914724560875,170.80272372569712,176.37298717812715,173.38944897459896,177.53411234855625,165.61993656179098,"0.550, 0.414","0.504, 0.413","0.547, 0.499","0.520, 0.496","0.527, 0.551","0.514, 0.549","0.515, 0.674","0.537, 0.664","0.546, 0.567","0.545, 0.566","0.508, 0.791","0.591, 0.779","0.514, 0.372",0.546,0.567,0.545,0.566,0.508,0.791,0.591,0.779,0.55,0.414,0.504,0.413,0.547,0.499,0.52,0.496,0.527,0.551,0.514,0.549,0.515,0.674,0.537,0.664,Preparation
3.5702369035702373,6.079667728636259,8.823310871367083,178.36799460164528,173.12319079984894,183.06358674488072,175.03483569794145,195.4435432354749,173.70165304643032,"0.552, 0.419","0.502, 0.418","0.548, 0.503","0.521, 0.495","0.530, 0.555","0.513, 0.552","0.504, 0.678","0.533, 0.665","0.546, 0.569","0.547, 0.565","0.451, 0.779","0.565, 0.779","0.515, 0.376",0.546,0.569,0.547,0.565,0.451,0.779,0.565,0.779,0.552,0.419,0.502,0.418,0.548,0.503,0.521,0.495,0.53,0.555,0.513,0.552,0.504,0.678,0.533,0.665,Preparation
3.603603603603604,0.6427959088764322,8.34372788751561,174.84020853456445,172.8432445584085,178.85885390303233,183.3231409174864,148.09140631385378,175.71386740193165,"0.555, 0.426","0.498, 0.421","0.547, 0.510","0.517, 0.495","0.541, 0.553","0.512, 0.550","0.530, 0.677","0.518, 0.665","0.546, 0.568","0.546, 0.567","0.581, 0.779","0.533, 0.780","0.515, 0.381",0.546,0.568,0.546,0.567,0.581,0.779,0.533,0.78,0.555,0.426,0.498,0.421,0.547,0.51,0.517,0.495,0.541,0.553,0.512,0.55,0.53,0.677,0.518,0.665,Preparation
3.6369703036369705,0.1771786577568634,10.83485389706446,173.69230891137585,177.5098536446686,191.199096724687,185.25386058352905,134.96848294615427,180.2150243760013,"0.556, 0.425","0.494, 0.419","0.546, 0.509","0.516, 0.487","0.542, 0.552","0.511, 0.548","0.507, 0.664","0.514, 0.663","0.546, 0.568","0.546, 0.566","0.570, 0.785","0.518, 0.779","0.515, 0.382",0.546,0.568,0.546,0.566,0.57,0.785,0.518,0.779,0.556,0.425,0.494,0.419,0.546,0.509,0.516,0.487,0.542,0.552,0.511,0.548,0.507,0.664,0.514,0.663,Preparation
3.670337003670337,2.8088868930594897,5.864826437973655,170.06238986694066,169.57827863766462,169.04439902260836,194.40377216772188,162.50624298950535,195.8670505497517,"0.560, 0.425","0.492, 0.419","0.547, 0.509","0.509, 0.488","0.547, 0.552","0.511, 0.548","0.557, 0.664","0.499, 0.659","0.548, 0.567","0.545, 0.566","0.605, 0.781","0.452, 0.777","0.514, 0.382",0.548,0.567,0.545,0.566,0.605,0.781,0.452,0.777,0.56,0.425,0.492,0.419,0.547,0.509,0.509,0.488,0.547,0.552,0.511,0.548,0.557,0.664,0.499,0.659,Preparation
3.703703703703704,2.0723136568424247,1.066330992173246,174.27424160098406,162.85620008478216,172.2569739465169,195.0356664230709,163.8899305755743,181.0811167530325,"0.564, 0.440","0.492, 0.432","0.551, 0.520","0.506, 0.498","0.550, 0.552","0.514, 0.548","0.552, 0.665","0.505, 0.659","0.549, 0.567","0.543, 0.567","0.587, 0.781","0.494, 0.779","0.513, 0.409",0.549,0.567,0.543,0.567,0.587,0.781,0.494,0.779,0.564,0.44,0.492,0.432,0.551,0.52,0.506,0.498,0.55,0.552,0.514,0.548,0.552,0.665,0.505,0.659,Preparation
3.737070403737071,2.289991907335739,2.396598030479509,173.48691278871877,158.37507820629307,194.6643329222957,182.17084048658143,183.47096304218417,168.57498498482957,"0.564, 0.439","0.493, 0.426","0.551, 0.515","0.501, 0.491","0.550, 0.552","0.514, 0.548","0.505, 0.666","0.528, 0.657","0.549, 0.570","0.542, 0.566","0.452, 0.778","0.568, 0.776","0.512, 0.403",0.549,0.57,0.542,0.566,0.452,0.778,0.568,0.776,0.564,0.439,0.493,0.426,0.551,0.515,0.501,0.491,0.55,0.552,0.514,0.548,0.505,0.666,0.528,0.657,Preparation
3.770437103770437,11.798651975878258,3.21259866016632,193.0781402336332,159.2147537041384,164.54521283001,202.9859687431325,172.8047415482242,185.51516572176695,"0.568, 0.434","0.488, 0.425","0.573, 0.505","0.500, 0.496","0.553, 0.537","0.514, 0.540","0.568, 0.649","0.493, 0.649","0.563, 0.563","0.540, 0.566","0.601, 0.777","0.456, 0.777","0.512, 0.401",0.563,0.563,0.54,0.566,0.601,0.777,0.456,0.777,0.568,0.434,0.488,0.425,0.573,0.505,0.5,0.496,0.553,0.537,0.514,0.54,0.568,0.649,0.493,0.649,Preparation
3.803803803803804,10.229924152365074,4.080677786578709,197.01986922561107,158.25824134361284,167.27723136038614,207.2378602043552,172.44325831344327,181.16441029269643,"0.568, 0.421","0.487, 0.425","0.576, 0.502","0.499, 0.506","0.559, 0.539","0.513, 0.543","0.575, 0.652","0.485, 0.651","0.564, 0.564","0.537, 0.571","0.610, 0.777","0.448, 0.777","0.511, 0.394",0.564,0.564,0.537,0.571,0.61,0.777,0.448,0.777,0.568,0.421,0.487,0.425,0.576,0.502,0.499,0.506,0.559,0.539,0.513,0.543,0.575,0.652,0.485,0.651,Preparation
3.8371705038371706,10.458037702846156,3.563481680738005,193.04230982456383,159.43830416039356,164.27438545354093,207.83472792625287,175.7657129422094,180.3018974054756,"0.571, 0.421","0.488, 0.424","0.578, 0.502","0.499, 0.503","0.559, 0.541","0.513, 0.547","0.578, 0.653","0.480, 0.661","0.568, 0.570","0.536, 0.571","0.610, 0.777","0.446, 0.778","0.511, 0.388",0.568,0.57,0.536,0.571,0.61,0.777,0.446,0.778,0.571,0.421,0.488,0.424,0.578,0.502,0.499,0.503,0.559,0.541,0.513,0.547,0.578,0.653,0.48,0.661,Preparation
3.8705372038705375,6.813446436923212,5.5581252299574,185.22002422791772,153.48325809780312,166.21476293953936,206.19028767337645,167.95049582271946,178.42482686792542,"0.576, 0.439","0.489, 0.434","0.574, 0.517","0.497, 0.504","0.561, 0.539","0.513, 0.546","0.572, 0.654","0.484, 0.662","0.567, 0.571","0.541, 0.571","0.608, 0.768","0.459, 0.778","0.520, 0.415",0.567,0.571,0.541,0.571,0.608,0.768,0.459,0.778,0.576,0.439,0.489,0.434,0.574,0.517,0.497,0.504,0.561,0.539,0.513,0.546,0.572,0.654,0.484,0.662,Preparation
3.903903903903904,5.742415412458065,0.4936589271853709,187.2615551931148,157.71789522278402,175.88824983080443,199.50315145503777,164.26524962419464,175.75841501263042,"0.575, 0.438","0.497, 0.431","0.571, 0.515","0.506, 0.500","0.560, 0.539","0.513, 0.545","0.550, 0.662","0.490, 0.662","0.562, 0.569","0.547, 0.571","0.573, 0.777","0.474, 0.783","0.520, 0.407",0.562,0.569,0.547,0.571,0.573,0.777,0.474,0.783,0.575,0.438,0.497,0.431,0.571,0.515,0.506,0.5,0.56,0.539,0.513,0.545,0.55,0.662,0.49,0.662,Preparation
3.937270603937271,6.570453804028049,0.9611268016495872,187.78214095240065,158.06202542179304,165.48265897929164,202.31667291292297,165.3577205967436,181.943297379612,"0.579, 0.436","0.496, 0.429","0.574, 0.506","0.506, 0.500","0.560, 0.536","0.514, 0.543","0.568, 0.659","0.485, 0.663","0.561, 0.569","0.547, 0.572","0.608, 0.780","0.452, 0.782","0.519, 0.402",0.561,0.569,0.547,0.572,0.608,0.78,0.452,0.782,0.579,0.436,0.496,0.429,0.574,0.506,0.506,0.5,0.56,0.536,0.514,0.543,0.568,0.659,0.485,0.663,Preparation
3.9706373039706375,10.193087955378342,2.115941845651656,198.59858625525587,157.4778017318216,163.15651803177064,204.0378510475985,169.83304612525734,182.49981866708265,"0.582, 0.434","0.495, 0.428","0.581, 0.511","0.504, 0.502","0.562, 0.537","0.514, 0.545","0.574, 0.659","0.482, 0.668","0.560, 0.569","0.545, 0.572","0.610, 0.784","0.447, 0.784","0.519, 0.399",0.56,0.569,0.545,0.572,0.61,0.784,0.447,0.784,0.582,0.434,0.495,0.428,0.581,0.511,0.504,0.502,0.562,0.537,0.514,0.545,0.574,0.659,0.482,0.668,Preparation
4.004004004004004,8.926893385129432,0.894069575727931,196.68185513008848,159.45512840359646,162.68771777655434,204.7782629407693,170.021126590235,180.7758509254049,"0.581, 0.435","0.497, 0.428","0.578, 0.517","0.507, 0.502","0.561, 0.540","0.515, 0.549","0.574, 0.659","0.479, 0.672","0.559, 0.574","0.544, 0.572","0.612, 0.785","0.444, 0.785","0.519, 0.398",0.559,0.574,0.544,0.572,0.612,0.785,0.444,0.785,0.581,0.435,0.497,0.428,0.578,0.517,0.507,0.502,0.561,0.54,0.515,0.549,0.574,0.659,0.479,0.672,Preparation
4.037370704037371,6.0766795028534055,4.963498479617264,42.496991092632925,33.98529817540889,164.22187407267927,205.3234491574044,173.216154482872,177.97737733656191,"0.580, 0.434","0.496, 0.428","0.578, 0.488","0.497, 0.451","0.561, 0.561","0.513, 0.557","0.575, 0.667","0.475, 0.677","0.546, 0.451","0.518, 0.416","0.605, 0.785","0.445, 0.785","0.519, 0.398",0.546,0.451,0.518,0.416,0.605,0.785,0.445,0.785,0.58,0.434,0.496,0.428,0.578,0.488,0.497,0.451,0.561,0.561,0.513,0.557,0.575,0.667,0.475,0.677,Preparation
4.070737404070738,17.449499593053773,9.931851312374524,58.665480471851005,150.263740919805,167.63405553990555,206.63708203760697,169.88111345480343,177.51244739489852,"0.581, 0.434","0.500, 0.429","0.568, 0.463","0.499, 0.473","0.567, 0.560","0.518, 0.557","0.578, 0.667","0.478, 0.675","0.532, 0.412","0.519, 0.511","0.611, 0.785","0.446, 0.784","0.520, 0.396",0.532,0.412,0.519,0.511,0.611,0.785,0.446,0.784,0.581,0.434,0.5,0.429,0.568,0.463,0.499,0.473,0.567,0.56,0.518,0.557,0.578,0.667,0.478,0.675,Top
4.104104104104104,9.853593237205905,9.48800199933368,85.41171404605424,159.5248126001061,167.9362191096325,206.49492323319296,171.02609452118693,177.78606414596115,"0.581, 0.429","0.500, 0.429","0.568, 0.473","0.499, 0.485","0.566, 0.555","0.518, 0.553","0.577, 0.667","0.479, 0.672","0.535, 0.460","0.522, 0.550","0.607, 0.786","0.447, 0.782","0.520, 0.395",0.535,0.46,0.522,0.55,0.607,0.786,0.447,0.782,0.581,0.429,0.5,0.429,0.568,0.473,0.499,0.485,0.566,0.555,0.518,0.553,0.577,0.667,0.479,0.672,Preparation
4.137470804137471,6.050557894732277,8.326458413441262,244.5674076590793,157.87114569647076,168.05174762592037,205.833342163874,171.12787363492654,178.90351111445008,"0.580, 0.428","0.500, 0.429","0.569, 0.480","0.500, 0.492","0.565, 0.551","0.518, 0.550","0.576, 0.667","0.480, 0.669","0.537, 0.487","0.529, 0.565","0.605, 0.787","0.447, 0.781","0.519, 0.394",0.537,0.487,0.529,0.565,0.605,0.787,0.447,0.781,0.58,0.428,0.5,0.429,0.569,0.48,0.5,0.492,0.565,0.551,0.518,0.55,0.576,0.667,0.48,0.669,Preparation
4.170837504170838,1.6805837612040728,6.5080053786028,203.7588076272609,160.13886649013142,170.33679278276105,207.14301190963303,170.07368945789537,179.16744605103048,"0.575, 0.418","0.497, 0.428","0.572, 0.481","0.501, 0.497","0.565, 0.551","0.518, 0.552","0.577, 0.668","0.481, 0.669","0.546, 0.534","0.531, 0.568","0.610, 0.787","0.448, 0.780","0.519, 0.387",0.546,0.534,0.531,0.568,0.61,0.787,0.448,0.78,0.575,0.418,0.497,0.428,0.572,0.481,0.501,0.497,0.565,0.551,0.518,0.552,0.577,0.668,0.481,0.669,Preparation
4.2042042042042045,2.506835754292143,6.205155212043036,200.9650137036059,159.3190309402414,169.6302057769643,207.3003454869776,170.83702114854535,178.25843943167607,"0.575, 0.418","0.497, 0.426","0.573, 0.484","0.501, 0.498","0.565, 0.552","0.518, 0.553","0.578, 0.669","0.480, 0.669","0.551, 0.537","0.532, 0.569","0.610, 0.787","0.449, 0.779","0.519, 0.385",0.551,0.537,0.532,0.569,0.61,0.787,0.449,0.779,0.575,0.418,0.497,0.426,0.573,0.484,0.501,0.498,0.565,0.552,0.518,0.553,0.578,0.669,0.48,0.669,Preparation
4.237570904237571,5.318576340794506,5.4662549535688925,202.1184300521559,159.23313156542235,171.91208729015503,207.29041831098533,170.98170129594357,178.20791685778025,"0.569, 0.417","0.497, 0.426","0.573, 0.486","0.502, 0.500","0.565, 0.553","0.518, 0.555","0.577, 0.669","0.480, 0.670","0.553, 0.547","0.534, 0.570","0.609, 0.786","0.449, 0.779","0.519, 0.385",0.553,0.547,0.534,0.57,0.609,0.786,0.449,0.779,0.569,0.417,0.497,0.426,0.573,0.486,0.502,0.5,0.565,0.553,0.518,0.555,0.577,0.669,0.48,0.67,Preparation
4.270937604270938,2.4383001980800185,3.60156339411224,199.03535204698483,157.93101038300733,170.02658854941367,208.3695549958124,170.19427441165698,176.10917879990112,"0.572, 0.418","0.497, 0.427","0.571, 0.487","0.504, 0.501","0.565, 0.556","0.518, 0.559","0.578, 0.668","0.478, 0.671","0.552, 0.540","0.540, 0.571","0.613, 0.786","0.449, 0.779","0.519, 0.385",0.552,0.54,0.54,0.571,0.613,0.786,0.449,0.779,0.572,0.418,0.497,0.427,0.571,0.487,0.504,0.501,0.565,0.556,0.518,0.559,0.578,0.668,0.478,0.671,Preparation
4.3043043043043046,2.0215419533268406,2.170560480942302,193.54072746153952,158.77578307230564,169.4472493682363,208.9787856521201,170.3260487316685,176.44889284074887,"0.574, 0.422","0.495, 0.428","0.571, 0.500","0.505, 0.501","0.565, 0.556","0.518, 0.558","0.578, 0.667","0.479, 0.671","0.553, 0.564","0.541, 0.567","0.612, 0.785","0.449, 0.779","0.518, 0.386",0.553,0.564,0.541,0.567,0.612,0.785,0.449,0.779,0.574,0.422,0.495,0.428,0.571,0.5,0.505,0.501,0.565,0.556,0.518,0.558,0.578,0.667,0.479,0.671,Preparation
4.337671004337671,3.042558173279064,5.035692672634511,195.75592317413884,147.1961397723208,171.0528668564928,208.84500981108675,169.63034080985645,176.9675659109527,"0.570, 0.421","0.494, 0.428","0.571, 0.500","0.501, 0.499","0.564, 0.556","0.518, 0.558","0.577, 0.667","0.479, 0.671","0.553, 0.564","0.538, 0.547","0.612, 0.784","0.449, 0.779","0.517, 0.387",0.553,0.564,0.538,0.547,0.612,0.784,0.449,0.779,0.57,0.421,0.494,0.428,0.571,0.5,0.501,0.499,0.564,0.556,0.518,0.558,0.577,0.667,0.479,0.671,Preparation
4.371037704371039,4.657571472478908,0.1114355714105084,230.84659265353795,145.21629058337626,171.0538441806508,209.1846013835621,168.21530101593171,176.1043668321396,"0.570, 0.419","0.497, 0.423","0.561, 0.482","0.508, 0.490","0.562, 0.558","0.520, 0.558","0.574, 0.668","0.479, 0.671","0.542, 0.494","0.538, 0.521","0.610, 0.783","0.449, 0.779","0.517, 0.382",0.542,0.494,0.538,0.521,0.61,0.783,0.449,0.779,0.57,0.419,0.497,0.423,0.561,0.482,0.508,0.49,0.562,0.558,0.52,0.558,0.574,0.668,0.479,0.671,Preparation
4.404404404404405,2.1062317148416274,5.220339483984978,197.4685597595621,137.2873282482027,171.45734026570807,208.3290514897721,168.39517603565818,177.28162288670754,"0.568, 0.417","0.497, 0.421","0.562, 0.490","0.502, 0.490","0.562, 0.558","0.519, 0.558","0.573, 0.668","0.480, 0.672","0.543, 0.536","0.537, 0.523","0.610, 0.783","0.448, 0.779","0.516, 0.379",0.543,0.536,0.537,0.523,0.61,0.783,0.448,0.779,0.568,0.417,0.497,0.421,0.562,0.49,0.502,0.49,0.562,0.558,0.519,0.558,0.573,0.668,0.48,0.672,Preparation
4.437771104437771,1.4128348001084512,8.524227976219557,190.39534356550425,133.22976586610483,171.1762369570465,209.6086295008244,168.3572525860901,177.93129703770734,"0.568, 0.417","0.494, 0.421","0.562, 0.494","0.496, 0.490","0.561, 0.558","0.519, 0.558","0.573, 0.670","0.480, 0.672","0.547, 0.554","0.537, 0.526","0.609, 0.782","0.448, 0.778","0.515, 0.380",0.547,0.554,0.537,0.526,0.609,0.782,0.448,0.778,0.568,0.417,0.494,0.421,0.562,0.494,0.496,0.49,0.561,0.558,0.519,0.558,0.573,0.67,0.48,0.672,Preparation
4.471137804471138,1.0009632581385048,6.976793712303734,187.51133588019133,143.0828169990702,171.13808087799745,209.9613387165265,168.20652262694597,178.4734024007333,"0.568, 0.417","0.492, 0.421","0.563, 0.496","0.497, 0.487","0.561, 0.559","0.519, 0.558","0.573, 0.673","0.480, 0.672","0.550, 0.561","0.536, 0.532","0.609, 0.782","0.447, 0.778","0.515, 0.381",0.55,0.561,0.536,0.532,0.609,0.782,0.447,0.778,0.568,0.417,0.492,0.421,0.563,0.496,0.497,0.487,0.561,0.559,0.519,0.558,0.573,0.673,0.48,0.672,Preparation
4.504504504504505,3.950091308625212,3.8814778378746526,195.10591920846227,158.3951883586656,167.806560364601,208.312611098847,167.79750957123554,178.6526779489524,"0.577, 0.418","0.498, 0.422","0.573, 0.498","0.505, 0.492","0.561, 0.553","0.520, 0.555","0.573, 0.674","0.480, 0.672","0.553, 0.561","0.539, 0.558","0.608, 0.782","0.447, 0.778","0.514, 0.385",0.553,0.561,0.539,0.558,0.608,0.782,0.447,0.778,0.577,0.418,0.498,0.422,0.573,0.498,0.505,0.492,0.561,0.553,0.52,0.555,0.573,0.674,0.48,0.672,Preparation
4.537871204537871,2.747794946247777,2.5849510031168434,192.58534793308,170.72243781078743,168.51834013051484,208.3777538600588,167.95320232420875,178.819269087478,"0.576, 0.419","0.498, 0.422","0.572, 0.501","0.513, 0.494","0.562, 0.558","0.520, 0.557","0.573, 0.677","0.480, 0.674","0.553, 0.569","0.541, 0.566","0.608, 0.785","0.446, 0.779","0.514, 0.384",0.553,0.569,0.541,0.566,0.608,0.785,0.446,0.779,0.576,0.419,0.498,0.422,0.572,0.501,0.513,0.494,0.562,0.558,0.52,0.557,0.573,0.677,0.48,0.674,Preparation
4.571237904571238,1.5744212597004743,0.4492220596513285,190.55175270441285,166.6852495319764,170.54369193900428,206.70078286527644,165.1259440423799,178.43192817248186,"0.577, 0.419","0.504, 0.422","0.571, 0.502","0.514, 0.494","0.563, 0.558","0.522, 0.556","0.571, 0.677","0.480, 0.674","0.554, 0.569","0.543, 0.569","0.607, 0.784","0.446, 0.780","0.514, 0.384",0.554,0.569,0.543,0.569,0.607,0.784,0.446,0.78,0.577,0.419,0.504,0.422,0.571,0.502,0.514,0.494,0.563,0.558,0.522,0.556,0.571,0.677,0.48,0.674,Preparation
4.604604604604605,2.320531845670301,0.565217055928765,194.43761527492336,164.10999810704297,171.65978570544914,206.74505640355252,164.11089186138693,178.6876586217568,"0.575, 0.415","0.504, 0.421","0.571, 0.501","0.513, 0.494","0.563, 0.557","0.522, 0.555","0.571, 0.673","0.480, 0.673","0.553, 0.564","0.544, 0.568","0.611, 0.783","0.446, 0.780","0.513, 0.385",0.553,0.564,0.544,0.568,0.611,0.783,0.446,0.78,0.575,0.415,0.504,0.421,0.571,0.501,0.513,0.494,0.563,0.557,0.522,0.555,0.571,0.673,0.48,0.673,Preparation
4.637971304637971,3.142379308426568,0.870333020489747,198.3047901283989,162.9426148194852,172.20404133340614,207.12913977424947,163.1319143937839,178.21542431512216,"0.573, 0.415","0.503, 0.421","0.572, 0.501","0.512, 0.494","0.563, 0.559","0.521, 0.556","0.571, 0.673","0.480, 0.673","0.551, 0.562","0.544, 0.567","0.613, 0.783","0.445, 0.780","0.513, 0.385",0.551,0.562,0.544,0.567,0.613,0.783,0.445,0.78,0.573,0.415,0.503,0.421,0.572,0.501,0.512,0.494,0.563,0.559,0.521,0.556,0.571,0.673,0.48,0.673,Preparation
4.671338004671338,0.1617587526294705,0.4854307335230093,191.6009265833324,163.3308757445667,173.8460036688354,205.89634002324317,162.3763542907115,179.48501356358318,"0.573, 0.414","0.504, 0.417","0.567, 0.501","0.513, 0.493","0.563, 0.557","0.521, 0.552","0.568, 0.673","0.481, 0.672","0.550, 0.560","0.545, 0.568","0.608, 0.783","0.444, 0.784","0.512, 0.375",0.55,0.56,0.545,0.568,0.608,0.783,0.444,0.784,0.573,0.414,0.504,0.417,0.567,0.501,0.513,0.493,0.563,0.557,0.521,0.552,0.568,0.673,0.481,0.672,Preparation
4.704704704704705,1.7444766096485382,0.5819555017870763,187.96055572617183,164.82938896110286,175.47159447718485,205.54582648670444,161.16107976615965,179.58104653735782,"0.573, 0.414","0.505, 0.416","0.564, 0.501","0.515, 0.491","0.563, 0.556","0.521, 0.551","0.564, 0.672","0.481, 0.671","0.550, 0.560","0.546, 0.567","0.603, 0.782","0.444, 0.783","0.512, 0.371",0.55,0.56,0.546,0.567,0.603,0.782,0.444,0.783,0.573,0.414,0.505,0.416,0.564,0.501,0.515,0.491,0.563,0.556,0.521,0.551,0.564,0.672,0.481,0.671,Preparation
4.738071404738071,1.8570107501954816,2.339677105310916,186.9376805101437,168.5039208376586,173.5187812213995,207.72005214481243,167.36773727971283,179.95975002577293,"0.573, 0.413","0.498, 0.414","0.563, 0.501","0.514, 0.492","0.563, 0.551","0.520, 0.548","0.567, 0.657","0.481, 0.667","0.550, 0.559","0.546, 0.566","0.598, 0.775","0.444, 0.779","0.512, 0.371",0.55,0.559,0.546,0.566,0.598,0.775,0.444,0.779,0.573,0.413,0.498,0.414,0.563,0.501,0.514,0.492,0.563,0.551,0.52,0.548,0.567,0.657,0.481,0.667,Preparation
4.771438104771439,0.2516032480232923,0.024728443092097,187.50383081518893,163.68607943220658,170.13239725372165,205.90209194388527,174.13016957400066,181.43449443192685,"0.572, 0.413","0.493, 0.415","0.565, 0.498","0.507, 0.498","0.562, 0.544","0.515, 0.549","0.573, 0.657","0.480, 0.667","0.553, 0.556","0.541, 0.569","0.597, 0.774","0.444, 0.777","0.512, 0.372",0.553,0.556,0.541,0.569,0.597,0.774,0.444,0.777,0.572,0.413,0.493,0.415,0.565,0.498,0.507,0.498,0.562,0.544,0.515,0.549,0.573,0.657,0.48,0.667,Preparation
4.804804804804805,0.3098691543525575,2.5828394828007557,183.64345912313996,159.32750164001243,168.04091180543972,204.93999234802155,174.9971712680994,181.2344163370577,"0.573, 0.414","0.492, 0.416","0.565, 0.500","0.502, 0.499","0.561, 0.539","0.513, 0.541","0.574, 0.655","0.479, 0.659","0.555, 0.565","0.539, 0.571","0.598, 0.771","0.444, 0.775","0.512, 0.373",0.555,0.565,0.539,0.571,0.598,0.771,0.444,0.775,0.573,0.414,0.492,0.416,0.565,0.5,0.502,0.499,0.561,0.539,0.513,0.541,0.574,0.655,0.479,0.659,Preparation
4.838171504838172,4.863867672157435,0.3295356346992263,188.2832236103794,158.3517044983641,162.42269163916083,201.75394675664083,181.0047121966529,183.1245912595728,"0.569, 0.416","0.489, 0.421","0.566, 0.500","0.500, 0.505","0.555, 0.540","0.506, 0.548","0.577, 0.656","0.478, 0.660","0.555, 0.564","0.537, 0.572","0.597, 0.771","0.443, 0.774","0.512, 0.374",0.555,0.564,0.537,0.572,0.597,0.771,0.443,0.774,0.569,0.416,0.489,0.421,0.566,0.5,0.5,0.505,0.555,0.54,0.506,0.548,0.577,0.656,0.478,0.66,Preparation
4.8715382048715385,7.446634101810681,0.6071339516338174,193.48317783642216,158.4506020494428,160.63160992183074,202.3373934518594,183.56661438373533,182.8685100322651,"0.572, 0.416","0.490, 0.422","0.574, 0.500","0.501, 0.504","0.559, 0.542","0.507, 0.547","0.587, 0.657","0.478, 0.661","0.560, 0.566","0.538, 0.572","0.607, 0.771","0.442, 0.774","0.512, 0.378",0.56,0.566,0.538,0.572,0.607,0.771,0.442,0.774,0.572,0.416,0.49,0.422,0.574,0.5,0.501,0.504,0.559,0.542,0.507,0.547,0.587,0.657,0.478,0.661,Preparation
4.904904904904905,8.858977515206906,3.7051999211510607,194.06586746305808,154.1200928230242,159.4937963158741,205.3885458310254,182.44134218849825,182.10543177736253,"0.571, 0.425","0.485, 0.422","0.574, 0.509","0.495, 0.503","0.556, 0.544","0.508, 0.548","0.585, 0.663","0.477, 0.661","0.560, 0.572","0.537, 0.571","0.606, 0.772","0.441, 0.774","0.512, 0.379",0.56,0.572,0.537,0.571,0.606,0.772,0.441,0.774,0.571,0.425,0.485,0.422,0.574,0.509,0.495,0.503,0.556,0.544,0.508,0.548,0.585,0.663,0.477,0.661,Preparation
4.938271604938272,8.161865666006582,4.289334392931336,192.65468517968276,151.90283983053632,159.8592316603339,204.9193038539658,183.84307036830205,182.02129203323847,"0.572, 0.425","0.488, 0.422","0.574, 0.507","0.495, 0.500","0.557, 0.547","0.509, 0.550","0.583, 0.664","0.477, 0.661","0.560, 0.571","0.537, 0.565","0.600, 0.772","0.441, 0.774","0.508, 0.382",0.56,0.571,0.537,0.565,0.6,0.772,0.441,0.774,0.572,0.425,0.488,0.422,0.574,0.507,0.495,0.5,0.557,0.547,0.509,0.55,0.583,0.664,0.477,0.661,Preparation
4.971638304971639,7.26979162024977,4.400977252724879,190.57573109647183,152.55252640672643,160.99440635156185,204.93672639047116,180.0455492930031,181.4057077903918,"0.574, 0.424","0.490, 0.422","0.573, 0.504","0.496, 0.499","0.557, 0.547","0.509, 0.550","0.580, 0.666","0.476, 0.662","0.560, 0.569","0.536, 0.566","0.601, 0.775","0.441, 0.773","0.507, 0.384",0.56,0.569,0.536,0.566,0.601,0.775,0.441,0.773,0.574,0.424,0.49,0.422,0.573,0.504,0.496,0.499,0.557,0.547,0.509,0.55,0.58,0.666,0.476,0.662,Preparation
5.005005005005005,7.41094614739975,1.009640012241194,195.20614726739996,155.80542015800128,168.3167179466005,201.55869820801888,168.6971500786421,181.84355974668856,"0.566, 0.419","0.489, 0.419","0.568, 0.497","0.497, 0.494","0.552, 0.548","0.504, 0.548","0.564, 0.665","0.474, 0.661","0.553, 0.559","0.536, 0.563","0.596, 0.773","0.440, 0.773","0.504, 0.381",0.553,0.559,0.536,0.563,0.596,0.773,0.44,0.773,0.566,0.419,0.489,0.419,0.568,0.497,0.497,0.494,0.552,0.548,0.504,0.548,0.564,0.665,0.474,0.661,Preparation
5.038371705038372,9.52411853489854,0.3198397133578616,200.55626653269928,156.82112109494756,177.2885280725355,198.43408866416712,152.58846986720638,184.70397532470196,"0.563, 0.416","0.489, 0.417","0.568, 0.495","0.497, 0.494","0.548, 0.550","0.502, 0.549","0.540, 0.677","0.477, 0.660","0.548, 0.559","0.536, 0.565","0.585, 0.779","0.440, 0.773","0.505, 0.381",0.548,0.559,0.536,0.565,0.585,0.779,0.44,0.773,0.563,0.416,0.489,0.417,0.568,0.495,0.497,0.494,0.548,0.55,0.502,0.549,0.54,0.677,0.477,0.66,Preparation
5.071738405071739,3.7770107804929314,1.3284019714353985,190.20147021276904,159.1464228032392,177.99242131161463,197.41064213205695,152.12258744015864,185.9360249552093,"0.561, 0.420","0.490, 0.417","0.558, 0.499","0.498, 0.494","0.546, 0.558","0.501, 0.554","0.538, 0.680","0.477, 0.662","0.544, 0.562","0.534, 0.565","0.580, 0.775","0.439, 0.773","0.511, 0.384",0.544,0.562,0.534,0.565,0.58,0.775,0.439,0.773,0.561,0.42,0.49,0.417,0.558,0.499,0.498,0.494,0.546,0.558,0.501,0.554,0.538,0.68,0.477,0.662,Preparation
5.105105105105105,0.8829139394286815,5.911245985168785,190.90323902526308,142.51683133434776,177.62034723543366,189.5705620719896,158.69134641137848,198.88444264132545,"0.559, 0.425","0.492, 0.417","0.552, 0.511","0.502, 0.476","0.546, 0.561","0.502, 0.555","0.538, 0.689","0.491, 0.663","0.536, 0.567","0.534, 0.505","0.567, 0.776","0.441, 0.774","0.512, 0.384",0.536,0.567,0.534,0.505,0.567,0.776,0.441,0.774,0.559,0.425,0.492,0.417,0.552,0.511,0.502,0.476,0.546,0.561,0.502,0.555,0.538,0.689,0.491,0.663,Preparation
5.138471805138472,2.7591718679333086,3.52686908457013,196.25568650673,157.32664326347933,172.91652197570744,199.26509443162303,165.59549373553972,176.2058848853339,"0.558, 0.430","0.490, 0.426","0.553, 0.513","0.497, 0.494","0.543, 0.572","0.495, 0.566","0.545, 0.684","0.463, 0.671","0.533, 0.571","0.525, 0.547","0.571, 0.780","0.437, 0.779","0.506, 0.384",0.533,0.571,0.525,0.547,0.571,0.78,0.437,0.779,0.558,0.43,0.49,0.426,0.553,0.513,0.497,0.494,0.543,0.572,0.495,0.566,0.545,0.684,0.463,0.671,Preparation
5.171838505171839,4.938108835647637,0.3865530798792591,197.8971157293456,164.67347894012585,166.66553535615242,203.9311876925079,169.99911869478333,178.98298554859053,"0.556, 0.428","0.471, 0.427","0.555, 0.511","0.482, 0.505","0.542, 0.571","0.492, 0.570","0.558, 0.686","0.462, 0.681","0.533, 0.576","0.507, 0.563","0.591, 0.789","0.434, 0.789","0.499, 0.388",0.533,0.576,0.507,0.563,0.591,0.789,0.434,0.789,0.556,0.428,0.471,0.427,0.555,0.511,0.482,0.505,0.542,0.571,0.492,0.57,0.558,0.686,0.462,0.681,Preparation
5.205205205205205,11.858823795997614,8.372470401981067,178.2623814129048,166.89564589520754,166.7249337600198,201.80272629604684,173.43008881800245,179.7232408929915,"0.544, 0.428","0.475, 0.428","0.524, 0.510","0.473, 0.504","0.539, 0.569","0.491, 0.567","0.561, 0.684","0.461, 0.679","0.508, 0.581","0.488, 0.580","0.595, 0.791","0.432, 0.788","0.499, 0.386",0.508,0.581,0.488,0.58,0.595,0.791,0.432,0.788,0.544,0.428,0.475,0.428,0.524,0.51,0.473,0.504,0.539,0.569,0.491,0.567,0.561,0.684,0.461,0.679,Address
5.238571905238572,3.207426244968857,5.532765549702584,187.55754732453545,146.52694302933162,183.0384056980228,178.43679864881256,174.2015697141147,174.2894582086214,"0.532, 0.416","0.480, 0.414","0.524, 0.492","0.479, 0.480","0.526, 0.562","0.491, 0.558","0.514, 0.684","0.502, 0.661","0.509, 0.560","0.502, 0.516","0.514, 0.783","0.528, 0.787","0.500, 0.383",0.509,0.56,0.502,0.516,0.514,0.783,0.528,0.787,0.532,0.416,0.48,0.414,0.524,0.492,0.479,0.48,0.526,0.562,0.491,0.558,0.514,0.684,0.502,0.661,Finish
5.271938605271939,1.2417323227498298,10.497535755007506,199.1731815405328,182.35903716722592,171.85639363193854,200.4463385538702,169.7913176069294,175.89091331710964,"0.535, 0.416","0.464, 0.416","0.531, 0.490","0.461, 0.488","0.530, 0.565","0.486, 0.569","0.542, 0.683","0.464, 0.669","0.514, 0.531","0.455, 0.565","0.573, 0.786","0.447, 0.786","0.498, 0.383",0.514,0.531,0.455,0.565,0.573,0.786,0.447,0.786,0.535,0.416,0.464,0.416,0.531,0.49,0.461,0.488,0.53,0.565,0.486,0.569,0.542,0.683,0.464,0.669,Address
5.305305305305305,20.616446695853305,17.83070780675213,199.33162382728335,179.41226228705824,168.44606650832785,201.7776597999617,175.79996561094129,176.5391196372802,"0.522, 0.416","0.468, 0.417","0.494, 0.491","0.454, 0.489","0.521, 0.566","0.486, 0.568","0.544, 0.678","0.458, 0.669","0.450, 0.542","0.440, 0.564","0.574, 0.788","0.434, 0.786","0.489, 0.378",0.45,0.542,0.44,0.564,0.574,0.788,0.434,0.786,0.522,0.416,0.468,0.417,0.494,0.491,0.454,0.489,0.521,0.566,0.486,0.568,0.544,0.678,0.458,0.669,Address
5.3386720053386725,21.104444942059867,13.121031139448815,189.5374301567308,130.66339592024167,199.99683246250387,160.69704333464307,173.85749780354143,178.62167826063012,"0.504, 0.417","0.488, 0.417","0.476, 0.490","0.476, 0.482","0.503, 0.567","0.494, 0.567","0.461, 0.681","0.536, 0.671","0.443, 0.545","0.504, 0.518","0.434, 0.787","0.586, 0.788","0.490, 0.375",0.443,0.545,0.504,0.518,0.434,0.787,0.586,0.788,0.504,0.417,0.488,0.417,0.476,0.49,0.476,0.482,0.503,0.567,0.494,0.567,0.461,0.681,0.536,0.671,Mid-Downswing
5.372038705372039,0.0626057592507458,12.787185786261968,240.1879114386573,85.45818814226644,166.609132082524,196.1449925361069,171.31075098658323,180.5450410288875,"0.518, 0.417","0.465, 0.418","0.516, 0.456","0.461, 0.459","0.511, 0.566","0.483, 0.565","0.530, 0.671","0.466, 0.670","0.491, 0.469","0.480, 0.459","0.571, 0.787","0.446, 0.785","0.489, 0.376",0.491,0.469,0.48,0.459,0.571,0.787,0.446,0.785,0.518,0.417,0.465,0.418,0.516,0.456,0.461,0.459,0.511,0.566,0.483,0.565,0.53,0.671,0.466,0.67,Mid-Backswing
5.405405405405405,16.118275117820748,46.119377228777424,207.2804565147025,178.89088302701052,158.2859793364321,202.7298240126164,174.86162157109783,179.70331811107687,"0.545, 0.433","0.458, 0.438","0.551, 0.484","0.435, 0.469","0.524, 0.564","0.480, 0.563","0.548, 0.672","0.456, 0.669","0.546, 0.499","0.413, 0.501","0.585, 0.787","0.430, 0.784","0.486, 0.384",0.546,0.499,0.413,0.501,0.585,0.787,0.43,0.784,0.545,0.433,0.458,0.438,0.551,0.484,0.435,0.469,0.524,0.564,0.48,0.563,0.548,0.672,0.456,0.669,Toe-Up
5.438772105438773,17.366640934744574,30.110243716456992,204.15941438695225,144.16100803956525,156.0833793831052,200.58692545779684,177.04368275835867,181.9981791262341,"0.541, 0.431","0.455, 0.436","0.546, 0.466","0.442, 0.470","0.521, 0.560","0.476, 0.562","0.551, 0.673","0.455, 0.668","0.542, 0.482","0.451, 0.504","0.589, 0.789","0.428, 0.782","0.484, 0.387",0.542,0.482,0.451,0.504,0.589,0.789,0.428,0.782,0.541,0.431,0.455,0.436,0.546,0.466,0.442,0.47,0.521,0.56,0.476,0.562,0.551,0.673,0.455,0.668,Mid-Backswing
5.472138805472139,36.67482665581364,29.42191194118931,102.35081014974564,194.6667150505945,158.07064285890607,201.68229725768845,176.71379279109468,178.88436681774678,"0.540, 0.431","0.460, 0.434","0.504, 0.468","0.446, 0.471","0.522, 0.565","0.479, 0.562","0.550, 0.674","0.454, 0.667","0.475, 0.450","0.432, 0.490","0.586, 0.789","0.429, 0.781","0.482, 0.387",0.475,0.45,0.432,0.49,0.586,0.789,0.429,0.781,0.54,0.431,0.46,0.434,0.504,0.468,0.446,0.471,0.522,0.565,0.479,0.562,0.55,0.674,0.454,0.667,Mid-Backswing
5.505505505505505,62.980935953741685,29.50848311111641,154.78208463997325,224.4125602660785,162.81716231194696,200.1341855007336,176.5204227837442,177.85902732311152,"0.524, 0.433","0.464, 0.433","0.453, 0.466","0.448, 0.471","0.520, 0.566","0.478, 0.564","0.549, 0.675","0.452, 0.668","0.366, 0.466","0.414, 0.485","0.587, 0.788","0.428, 0.781","0.473, 0.387",0.366,0.466,0.414,0.485,0.587,0.788,0.428,0.781,0.524,0.433,0.464,0.433,0.453,0.466,0.448,0.471,0.52,0.566,0.478,0.564,0.549,0.675,0.452,0.668,Toe-Up
5.538872205538873,53.42556217536653,73.88476388263862,125.59075909876164,152.15128992901526,160.99154818684826,201.43597303293956,176.7916919018538,176.5504659140087,"0.531, 0.435","0.465, 0.437","0.484, 0.464","0.418, 0.457","0.521, 0.568","0.479, 0.565","0.549, 0.676","0.452, 0.669","0.418, 0.437","0.354, 0.451","0.585, 0.789","0.429, 0.782","0.476, 0.390",0.418,0.437,0.354,0.451,0.585,0.789,0.429,0.782,0.531,0.435,0.465,0.437,0.484,0.464,0.418,0.457,0.521,0.568,0.479,0.565,0.549,0.676,0.452,0.669,Mid-Backswing
5.572238905572239,57.42232522323786,41.64150388284647,83.6661151960878,1.601492089934266,163.41594015918454,204.76240783581392,174.74756614306864,174.63140350845606,"0.526, 0.429","0.459, 0.436","0.494, 0.447","0.445, 0.457","0.519, 0.571","0.479, 0.573","0.546, 0.678","0.450, 0.672","0.474, 0.402","0.464, 0.427","0.583, 0.784","0.429, 0.782","0.477, 0.384",0.474,0.402,0.464,0.427,0.583,0.784,0.429,0.782,0.526,0.429,0.459,0.436,0.494,0.447,0.445,0.457,0.519,0.571,0.479,0.573,0.546,0.678,0.45,0.672,Mid-Backswing
5.605605605605606,41.75448526439458,33.62296808366302,62.89294994371805,122.0676781075751,163.5378167574141,204.70329144720773,175.18024183869187,174.7528025676741,"0.519, 0.426","0.459, 0.435","0.496, 0.451","0.441, 0.472","0.516, 0.572","0.479, 0.572","0.545, 0.679","0.450, 0.673","0.483, 0.415","0.461, 0.503","0.583, 0.784","0.428, 0.783","0.477, 0.382",0.483,0.415,0.461,0.503,0.583,0.784,0.428,0.783,0.519,0.426,0.459,0.435,0.496,0.451,0.441,0.472,0.516,0.572,0.479,0.572,0.545,0.679,0.45,0.673,Mid-Backswing
5.638972305638973,87.43584596850063,48.09311616896598,139.3681517972898,61.263434753557846,164.12578227899306,204.94371296638656,174.82355105554473,174.52807664909858,"0.519, 0.423","0.461, 0.434","0.477, 0.424","0.441, 0.457","0.517, 0.575","0.480, 0.573","0.545, 0.679","0.450, 0.673","0.434, 0.390","0.423, 0.411","0.583, 0.784","0.428, 0.783","0.475, 0.382",0.434,0.39,0.423,0.411,0.583,0.784,0.428,0.783,0.519,0.423,0.461,0.434,0.477,0.424,0.441,0.457,0.517,0.575,0.48,0.573,0.545,0.679,0.45,0.673,Mid-Backswing
5.672339005672339,268.2794339046848,68.3084895625377,136.5671323371216,80.73185335438116,164.82118150922864,205.64903058614289,173.786408363663,174.4018109437228,"0.520, 0.421","0.461, 0.432","0.476, 0.420","0.440, 0.445","0.518, 0.575","0.482, 0.573","0.544, 0.679","0.451, 0.673","0.443, 0.385","0.428, 0.412","0.584, 0.784","0.429, 0.783","0.475, 0.381",0.443,0.385,0.428,0.412,0.584,0.784,0.429,0.783,0.52,0.421,0.461,0.432,0.476,0.42,0.44,0.445,0.518,0.575,0.482,0.573,0.544,0.679,0.451,0.673,Mid-Backswing
5.705705705705706,76.43204531276375,3.9142844480843335,116.95953778834117,115.36663964770712,166.90431795368332,207.9171287028417,170.18905630026552,173.54751850640804,"0.520, 0.422","0.462, 0.432","0.483, 0.430","0.464, 0.457","0.518, 0.577","0.485, 0.572","0.540, 0.679","0.453, 0.671","0.462, 0.406","0.482, 0.463","0.583, 0.784","0.429, 0.783","0.475, 0.381",0.462,0.406,0.482,0.463,0.583,0.784,0.429,0.783,0.52,0.422,0.462,0.432,0.483,0.43,0.464,0.457,0.518,0.577,0.485,0.572,0.54,0.679,0.453,0.671,Top
5.739072405739073,69.02117204081925,2.636640124988736,96.12656986306564,135.31159925177604,166.07952808269962,208.764827308185,170.64534126446068,173.22633464944087,"0.521, 0.425","0.461, 0.436","0.490, 0.436","0.466, 0.477","0.518, 0.581","0.485, 0.573","0.540, 0.679","0.452, 0.670","0.481, 0.417","0.486, 0.492","0.583, 0.783","0.429, 0.782","0.475, 0.381",0.481,0.417,0.486,0.492,0.583,0.783,0.429,0.782,0.521,0.425,0.461,0.436,0.49,0.436,0.466,0.477,0.518,0.581,0.485,0.573,0.54,0.679,0.452,0.67,Top
5.772439105772439,65.34875556954324,7.085608216589621,96.21132762311784,132.49300746625255,164.80608591093232,208.30943090049183,171.26360957043525,173.48092852791626,"0.522, 0.424","0.461, 0.435","0.488, 0.438","0.463, 0.476","0.517, 0.579","0.485, 0.573","0.540, 0.679","0.452, 0.672","0.479, 0.421","0.476, 0.486","0.583, 0.783","0.428, 0.783","0.475, 0.380",0.479,0.421,0.476,0.486,0.583,0.783,0.428,0.783,0.522,0.424,0.461,0.435,0.488,0.438,0.463,0.476,0.517,0.579,0.485,0.573,0.54,0.679,0.452,0.672,Top
5.805805805805806,59.2930212887316,27.858197572167697,60.25608463267177,33.43916865735695,165.33059032928242,202.7549792278644,170.16081062908242,177.03441657321534,"0.522, 0.426","0.458, 0.433","0.499, 0.439","0.453, 0.446","0.517, 0.580","0.478, 0.576","0.539, 0.679","0.452, 0.673","0.499, 0.427","0.471, 0.433","0.581, 0.781","0.429, 0.783","0.481, 0.380",0.499,0.427,0.471,0.433,0.581,0.781,0.429,0.783,0.522,0.426,0.458,0.433,0.499,0.439,0.453,0.446,0.517,0.58,0.478,0.576,0.539,0.679,0.452,0.673,Mid-Backswing
5.839172505839173,37.00356149902423,14.264181214556068,138.59831857165665,152.9863968666559,167.09632218056166,200.9150266049884,169.39173964249574,178.33370477891702,"0.522, 0.418","0.460, 0.424","0.499, 0.448","0.455, 0.468","0.518, 0.567","0.478, 0.564","0.539, 0.670","0.454, 0.666","0.500, 0.473","0.475, 0.522","0.582, 0.777","0.429, 0.782","0.484, 0.377",0.5,0.473,0.475,0.522,0.582,0.777,0.429,0.782,0.522,0.418,0.46,0.424,0.499,0.448,0.455,0.468,0.518,0.567,0.478,0.564,0.539,0.67,0.454,0.666,Top
5.872539205872539,51.838946666036136,33.416635936290426,133.9019948639609,75.24974026791313,163.64958264794257,204.2850455809363,172.84029818028185,175.0859756852308,"0.528, 0.419","0.469, 0.424","0.497, 0.441","0.453, 0.456","0.520, 0.564","0.486, 0.562","0.545, 0.670","0.454, 0.665","0.481, 0.438","0.471, 0.460","0.585, 0.777","0.429, 0.778","0.485, 0.377",0.481,0.438,0.471,0.46,0.585,0.777,0.429,0.778,0.528,0.419,0.469,0.424,0.497,0.441,0.453,0.456,0.52,0.564,0.486,0.562,0.545,0.67,0.454,0.665,Mid-Backswing
5.9059059059059065,77.42964858889947,73.79665697912884,108.50300315923684,11.654780189488593,168.3606803484908,202.86255403474013,168.54698097476373,177.4352807121889,"0.529, 0.420","0.472, 0.416","0.473, 0.431","0.444, 0.428","0.526, 0.560","0.488, 0.555","0.546, 0.667","0.457, 0.663","0.452, 0.393","0.457, 0.419","0.589, 0.777","0.429, 0.776","0.491, 0.377",0.452,0.393,0.457,0.419,0.589,0.777,0.429,0.776,0.529,0.42,0.472,0.416,0.473,0.431,0.444,0.428,0.526,0.56,0.488,0.555,0.546,0.667,0.457,0.663,Mid-Backswing
5.939272605939273,84.21251076578912,78.74747936274011,143.39935394845725,101.71492702447422,165.46437003628645,202.2801294582464,172.9723076405637,176.95619795432196,"0.546, 0.428","0.482, 0.425","0.477, 0.431","0.438, 0.437","0.538, 0.572","0.492, 0.566","0.560, 0.680","0.457, 0.672","0.434, 0.401","0.417, 0.395","0.594, 0.783","0.428, 0.778","0.500, 0.386",0.434,0.401,0.417,0.395,0.594,0.783,0.428,0.778,0.546,0.428,0.482,0.425,0.477,0.431,0.438,0.437,0.538,0.572,0.492,0.566,0.56,0.68,0.457,0.672,Mid-Backswing
5.97263930597264,50.13332693573226,52.63798978512318,30.874207191686587,17.33348430668126,187.70456469258968,177.5233819475587,178.67076018436805,180.2551261986073,"0.544, 0.429","0.480, 0.426","0.510, 0.455","0.464, 0.441","0.536, 0.572","0.495, 0.567","0.514, 0.687","0.512, 0.675","0.516, 0.441","0.500, 0.424","0.498, 0.783","0.528, 0.779","0.514, 0.388",0.516,0.441,0.5,0.424,0.498,0.783,0.528,0.779,0.544,0.429,0.48,0.426,0.51,0.455,0.464,0.441,0.536,0.572,0.495,0.567,0.514,0.687,0.512,0.675,Mid-Follow-Through
6.006006006006007,11.75690885667526,10.721162237167484,261.44694909171966,161.5087985227785,172.89505644647107,195.22814849841308,169.22418827941118,189.971915955055,"0.548, 0.427","0.478, 0.429","0.556, 0.472","0.477, 0.484","0.545, 0.570","0.501, 0.567","0.557, 0.685","0.490, 0.675","0.525, 0.483","0.496, 0.545","0.587, 0.783","0.462, 0.773","0.509, 0.394",0.525,0.483,0.496,0.545,0.587,0.783,0.462,0.773,0.548,0.427,0.478,0.429,0.556,0.472,0.477,0.484,0.545,0.57,0.501,0.567,0.557,0.685,0.49,0.675,Preparation
6.039372706039373,12.20391428777689,11.18838272954518,83.2339360727772,122.15498215659636,176.97016899273777,200.903697437665,159.96714333873803,191.2855613628256,"0.555, 0.429","0.481, 0.429","0.541, 0.488","0.480, 0.482","0.552, 0.565","0.506, 0.563","0.555, 0.684","0.485, 0.672","0.523, 0.481","0.520, 0.508","0.593, 0.779","0.445, 0.772","0.509, 0.397",0.523,0.481,0.52,0.508,0.593,0.779,0.445,0.772,0.555,0.429,0.481,0.429,0.541,0.488,0.48,0.482,0.552,0.565,0.506,0.563,0.555,0.684,0.485,0.672,Preparation
6.072739406072739,10.378132165966722,25.563011343970057,167.36396255495913,80.5537121841659,175.468473631577,203.44062826671936,175.27848968954964,194.63463996959453,"0.554, 0.432","0.481, 0.441","0.569, 0.498","0.489, 0.451","0.559, 0.569","0.508, 0.569","0.571, 0.674","0.487, 0.672","0.593, 0.551","0.519, 0.419","0.592, 0.780","0.437, 0.772","0.510, 0.395",0.593,0.551,0.519,0.419,0.592,0.78,0.437,0.772,0.554,0.432,0.481,0.441,0.569,0.498,0.489,0.451,0.559,0.569,0.508,0.569,0.571,0.674,0.487,0.672,Mid-Downswing
6.106106106106107,26.70729616717055,12.49885107530926,147.2602676276887,125.06258627200428,172.45517151252224,216.2421572892013,178.15259429234106,188.83462497557716,"0.560, 0.435","0.485, 0.446","0.590, 0.494","0.505, 0.483","0.561, 0.572","0.522, 0.576","0.574, 0.674","0.488, 0.672","0.644, 0.526","0.564, 0.490","0.593, 0.782","0.432, 0.772","0.502, 0.403",0.644,0.526,0.564,0.49,0.593,0.782,0.432,0.772,0.56,0.435,0.485,0.446,0.59,0.494,0.505,0.483,0.561,0.572,0.522,0.576,0.574,0.674,0.488,0.672,Mid-Follow-Through
6.139472806139473,16.933445381707998,6.289360206273949,163.90421556396527,86.5854038216904,174.2824632146822,211.91270654089544,179.5165984246398,190.50046606693647,"0.567, 0.434","0.493, 0.443","0.584, 0.487","0.497, 0.480","0.570, 0.575","0.523, 0.576","0.582, 0.672","0.489, 0.672","0.603, 0.514","0.540, 0.473","0.597, 0.781","0.433, 0.769","0.507, 0.400",0.603,0.514,0.54,0.473,0.597,0.781,0.433,0.769,0.567,0.434,0.493,0.443,0.584,0.487,0.497,0.48,0.57,0.575,0.523,0.576,0.582,0.672,0.489,0.672,Impact
6.172839506172839,35.775293073468795,6.57936844558363,227.98187965769583,64.2269703355962,169.36203671874313,205.1771381048651,181.4423012987528,195.9553809804489,"0.572, 0.422","0.493, 0.426","0.597, 0.460","0.494, 0.440","0.567, 0.558","0.518, 0.557","0.584, 0.672","0.487, 0.675","0.586, 0.502","0.529, 0.421","0.596, 0.768","0.433, 0.767","0.524, 0.394",0.586,0.502,0.529,0.421,0.596,0.768,0.433,0.767,0.572,0.422,0.493,0.426,0.597,0.46,0.494,0.44,0.567,0.558,0.518,0.557,0.584,0.672,0.487,0.675,Mid-Downswing
6.206206206206207,37.01663813939319,46.89322497787711,191.88404864559104,96.71191402592991,173.78739391265103,205.56345834196293,181.47556705361347,194.104574316078,"0.566, 0.419","0.505, 0.426","0.591, 0.451","0.535, 0.447","0.569, 0.555","0.524, 0.559","0.584, 0.666","0.489, 0.675","0.595, 0.460","0.561, 0.417","0.595, 0.770","0.432, 0.768","0.541, 0.386",0.595,0.46,0.561,0.417,0.595,0.77,0.432,0.768,0.566,0.419,0.505,0.426,0.591,0.451,0.535,0.447,0.569,0.555,0.524,0.559,0.584,0.666,0.489,0.675,Mid-Follow-Through
6.239572906239573,20.40050809663654,7.376499737702773,163.3041002394825,76.06726376455575,175.2939583853073,207.2096212102316,175.36222619494166,190.31309435669635,"0.568, 0.417","0.506, 0.420","0.582, 0.454","0.514, 0.449","0.571, 0.557","0.527, 0.556","0.582, 0.668","0.493, 0.658","0.594, 0.468","0.552, 0.427","0.601, 0.771","0.433, 0.767","0.541, 0.383",0.594,0.468,0.552,0.427,0.601,0.771,0.433,0.767,0.568,0.417,0.506,0.42,0.582,0.454,0.514,0.449,0.571,0.557,0.527,0.556,0.582,0.668,0.493,0.658,Mid-Follow-Through
6.27293960627294,1.577221441594097,16.754106102203426,151.0376159760991,79.00949112846281,178.236564519618,200.45225615900213,170.21009434354343,201.65411593997283,"0.581, 0.417","0.513, 0.414","0.580, 0.452","0.510, 0.437","0.579, 0.556","0.533, 0.553","0.580, 0.666","0.511, 0.653","0.588, 0.469","0.544, 0.435","0.600, 0.772","0.437, 0.763","0.558, 0.382",0.588,0.469,0.544,0.435,0.6,0.772,0.437,0.763,0.581,0.417,0.513,0.414,0.58,0.452,0.51,0.437,0.579,0.556,0.533,0.553,0.58,0.666,0.511,0.653,Finish
6.306306306306307,8.913440441048644,30.07292373843413,187.35618251200296,17.32673216730836,184.5641605254814,204.2840456249968,166.41815652911217,198.3883427380736,"0.580, 0.415","0.525, 0.408","0.587, 0.452","0.520, 0.420","0.584, 0.557","0.544, 0.553","0.579, 0.665","0.513, 0.656","0.588, 0.478","0.541, 0.394","0.600, 0.777","0.439, 0.762","0.567, 0.379",0.588,0.478,0.541,0.394,0.6,0.777,0.439,0.762,0.58,0.415,0.525,0.408,0.587,0.452,0.52,0.42,0.584,0.557,0.544,0.553,0.579,0.665,0.513,0.656,Finish
6.639973306639973,41.79694177270876,228.54510829432883,173.031310417347,90.4116942768603,203.54785821219147,212.59689181433916,170.8680702013436,164.79088948872936,"0.598, 0.385","0.536, 0.398","0.663, 0.440","0.519, 0.390","0.623, 0.560","0.585, 0.562","0.591, 0.677","0.554, 0.673","0.724, 0.479","0.536, 0.354","0.578, 0.797","0.553, 0.785","0.535, 0.363",0.724,0.479,0.536,0.354,0.578,0.797,0.553,0.785,0.598,0.385,0.536,0.398,0.663,0.44,0.519,0.39,0.623,0.56,0.585,0.562,0.591,0.677,0.554,0.673,Top
6.873540206873541,39.31441417852742,25.708128973805657,254.306443917456,130.9746471546369,206.3617970206125,221.02087330822732,174.7974243351902,203.6676343363133,"0.592, 0.364","0.555, 0.383","0.620, 0.383","0.583, 0.410","0.639, 0.526","0.608, 0.527","0.622, 0.619","0.564, 0.641","0.615, 0.397","0.608, 0.408","0.611, 0.746","0.468, 0.740","0.549, 0.352",0.615,0.397,0.608,0.408,0.611,0.746,0.468,0.74,0.592,0.364,0.555,0.383,0.62,0.383,0.583,0.41,0.639,0.526,0.608,0.527,0.622,0.619,0.564,0.641,Finish
